{"model_rotation_degrees": 0.0, "vanishing_points_image": {"y": [439.56969354404333, 227.79225540588936], "x": [77.62609915284688, 225.3459670689832], "z": [255.84207034835663, 103.76745019440968]}, "point_uuid": "6", "field_of_view_rads": 1.3089969389957472, "point_pitch": 0.15568728844193025, "camera_rotation_original": [1.5776946544647217, 0.0030656252056360245, -2.669447660446167], "camera_uuid": "c3d17a6983f9472b926dbc4e505ec89c", "camera_location": [5.294113, 2.145316, 1.475611], "nonfixated_points_in_view": [64, 90, 101, 76, 81, 50, 58], "point_location": [7.5388593673706055, -0.24421626329421997, 2.015354871749878], "bounding_box_ranges": {"y": [5.294113, 7.552047469674893], "x": [-0.8960870877719547, 2.145316], "z": [0.007970995651486845, 2.455069910260452]}, "view_id": 1, "vanishing_points_gaussian_sphere": {"y": [0.7287271539547611, 0.11197790354548456, 0.6755869183210641], "x": [-0.6848033931297978, 0.11768529849140139, 0.7191623483448681], "z": [-0.0010236439370053824, 0.9867173453611464, -0.1624433209354645]}, "camera_rotation_from_original_to_final": [-0.14031068980693817, -0.06905098259449005, 0.28672337532043457], "point_normal": [-0.9994006752967834, -0.03062376379966736, -0.01614181324839592], "skybox_img_path": "./img/high/c3d17a6983f9472b926dbc4e505ec89c_skybox4.jpg", "room": "0_5", "camera_distance": 3.3226604911011144, "obliqueness_angle": 0.8555800318717957, "camera_rotation_final": [1.7339627742767334, 0.0010236441157758236, -2.387258291244507], "skybox_img": 4, "resolution": 512}