{"model_rotation_degrees": 0.0, "vanishing_points_image": {"y": [438.56239688814844, 291.5767543985719], "x": [77.79917224158177, 291.5544264315251], "z": [257.622640177256, 74.60185252412663]}, "point_uuid": "34", "field_of_view_rads": 1.3089969389957472, "point_pitch": -0.19045285781356291, "camera_rotation_original": [1.5824408531188965, 0.001023429213091731, 1.5184667110443115], "camera_uuid": "82b91818426544f3b6c43aa394ec0dd3", "camera_location": [0.187142, 2.810302, 1.478821], "nonfixated_points_in_view": [32, 67, 68, 5, 99, 15, 22, 87, 91, 60], "point_location": [3.3761699199676514, -0.5724191069602966, 0.5452693700790405], "bounding_box_ranges": {"y": [0.187142, 3.3821965331098247], "x": [-0.9783717175127107, 2.810302], "z": [-0.01848500969647704, 2.4453112992204287]}, "view_id": 0, "vanishing_points_gaussian_sphere": {"y": [0.7263945723167369, -0.14155577345756162, 0.6725421089490355], "x": [-0.6872219558830993, -0.13711374284803335, 0.7133903593926758], "z": [0.008769758320086028, 0.9803885885316266, 0.1968789140968946]}, "camera_rotation_from_original_to_final": [-0.001162544242106378, -0.21004857122898102, 2.380127191543579], "point_normal": [-0.9998093843460083, 0.0164660457521677, -0.010493502952158451], "skybox_img_path": "./img/high/82b91818426544f3b6c43aa394ec0dd3_skybox2.jpg", "room": "0_2", "camera_distance": 4.741752956534871, "obliqueness_angle": 0.8201732039451599, "camera_rotation_final": [1.372615098953247, -0.008769870735704899, 3.899286985397339], "skybox_img": 2, "resolution": 512}