{"model_rotation_degrees": 0.0, "vanishing_points_image": {"y": [422.88150458988827, 253.99493087375515], "x": [256.9412474909028, 358.4750733136736], "z": [253.6752727613023, 67.70457962168555]}, "point_uuid": "10", "field_of_view_rads": 1.3089969389957472, "point_pitch": -0.3292197426173349, "camera_rotation_original": [1.5824408531188965, 0.001023429213091731, 1.5184667110443115], "camera_uuid": "82b91818426544f3b6c43aa394ec0dd3", "camera_location": [0.187142, 2.810302, 1.478821], "nonfixated_points_in_view": [35, 38, 80, 51, 86, 94], "point_location": [0.18336328864097595, 6.503581523895264, 0.21524910628795624], "bounding_box_ranges": {"y": [-0.7416988643180868, 2.3468968406691944], "x": [2.810302, 6.878063295612664], "z": [-0.0078490071104389, 2.445311063125109]}, "view_id": 0, "vanishing_points_gaussian_sphere": {"y": [0.9999273600573629, 0.012014054421822578, 0.0009680418702144556], "x": [0.002973173041521726, -0.32369395759232406, 0.9461571656232828], "z": [-0.011680532983480308, 0.9460855586650545, 0.32370616434453875]}, "camera_rotation_from_original_to_final": [-0.029927797615528107, -0.34020674228668213, -1.5141098499298096], "point_normal": [0.025455135852098465, -0.9996576309204102, 0.0060666631907224655], "skybox_img_path": "./img/high/82b91818426544f3b6c43aa394ec0dd3_skybox1.jpg", "room": "0_2", "camera_distance": 3.903452516624984, "obliqueness_angle": 0.3244643807411194, "camera_rotation_final": [1.2411290407180786, 0.01168079860508442, -0.0029733802657574415], "skybox_img": 1, "resolution": 512}