{"model_rotation_degrees": 0.0, "vanishing_points_image": {"y": [435.30507685035525, 262.75718486152397], "x": [200.69075165918815, 309.8340770349999], "z": [257.5311095831182, 76.35828978940648]}, "point_uuid": "55", "field_of_view_rads": 1.3089969389957472, "point_pitch": -0.16116611560317473, "camera_rotation_original": [1.5834180116653442, 0.001621261122636497, -2.377124547958374], "camera_uuid": "c2e7d52588e94b929f2f91a2249562c5", "camera_location": [4.816021, -0.326724, 1.48248], "nonfixated_points_in_view": [96, 1, 3, 103, 45, 78, 21, 62], "point_location": [4.318838119506836, 2.570666551589966, 0.9756746292114258], "bounding_box_ranges": {"y": [3.4882380684464938, 6.443539873103607], "x": [-0.326724, 2.7443724520572292], "z": [-0.010149570630176852, 2.44285253173161]}, "view_id": 1, "vanishing_points_gaussian_sphere": {"y": [0.985313953031333, -0.03713195769034626, 0.16666622837230854], "x": [-0.1705458064111908, -0.16599712264687524, 0.9712667415229016], "z": [0.00839892120005863, 0.9854268988570591, 0.169891980774946]}, "camera_rotation_from_original_to_final": [0.12612846493721008, 0.13380180299282074, 2.5563528537750244], "point_normal": [-0.00476329680532217, -0.9999826550483704, 0.0034609814174473286], "skybox_img_path": "./img/high/c2e7d52588e94b929f2f91a2249562c5_skybox2.jpg", "room": "0_5", "camera_distance": 2.9831049573430017, "obliqueness_angle": 0.24123360216617584, "camera_rotation_final": [1.4000701904296875, -0.008399019949138165, 0.17138966917991638], "skybox_img": 2, "resolution": 512}