{"model_rotation_degrees": 0.0, "vanishing_points_image": {"y": [434.30879367360626, 264.1602471948823], "x": [206.35740527884468, 359.1162384358898], "z": [254.2948236315004, 67.26903269860946]}, "point_uuid": "95", "field_of_view_rads": 1.3089969389957472, "point_pitch": -0.32971636851760344, "camera_rotation_original": [1.5771442651748657, -0.011866987682878971, -1.0165622234344482], "camera_uuid": "22149045c4a4476eb44710bdb469a325", "camera_location": [2.693772, -0.285035, 1.48261], "nonfixated_points_in_view": [100, 104, 44, 77], "point_location": [-0.7208322286605835, -0.8461699485778809, 0.2580554485321045], "bounding_box_ranges": {"y": [-0.7387100624867267, 2.693772], "x": [-0.9652473788432083, 1.7614681739736755], "z": [-0.00803585645095417, 2.4452994086122293]}, "view_id": 0, "vanishing_points_gaussian_sphere": {"y": [0.9872131726063564, -0.045179507732289174, 0.15286910712619642], "x": [-0.15917792580169135, -0.33064002884810506, 0.9302362921649507], "z": [-0.008517028235467244, 0.9426749086532389, 0.3336037721993622]}, "camera_rotation_from_original_to_final": [-0.17058448493480682, 0.3037526607513428, 2.7204651832580566], "point_normal": [0.9992681741714478, 0.02664410136640072, -0.02744772657752037], "skybox_img_path": "./img/high/22149045c4a4476eb44710bdb469a325_skybox2.jpg", "room": "0_2", "camera_distance": 3.6706849827956947, "obliqueness_angle": 0.39114850759506226, "camera_rotation_final": [1.2306597232818604, 0.008517131209373474, 1.730660080909729], "skybox_img": 2, "resolution": 512}