{"model_rotation_degrees": 0.0, "vanishing_points_image": {"y": [398.63870840722245, 243.66185134273914], "x": [337.5899677305586, 354.8986749427397], "z": [257.3146389958994, 67.23589469081982]}, "point_uuid": "73", "field_of_view_rads": 1.3089969389957472, "point_pitch": -0.3369585712763925, "camera_rotation_original": [1.5743488073349, -0.006772358436137438, -1.2924582958221436], "camera_uuid": "b2b91e26cb9a4190a097925afea72a8a", "camera_location": [1.962995, 0.554659, 1.477478], "nonfixated_points_in_view": [38, 39, 72, 10, 11, 74, 13, 14, 75, 16, 48, 18, 83, 84, 53, 85, 86, 56, 89, 31], "point_location": [2.961655378341675, 4.124636650085449, 0.16251146793365479], "bounding_box_ranges": {"y": [-0.06032875265987703, 4.782957935944857], "x": [0.554659, 6.8923721165505984], "z": [-0.013179069144346744, 2.4453030014097044]}, "view_id": 1, "vanishing_points_gaussian_sphere": {"y": [0.9636332377205648, 0.08335360205401234, -0.25389596330938974], "x": [0.26714771686509525, -0.3238211258911995, 0.9076188494077914], "z": [0.006563576307819658, 0.942439417390411, 0.3343125244660662]}, "camera_rotation_from_original_to_final": [-0.09843701124191284, 0.3306005895137787, 1.0032663345336914], "point_normal": [-0.8323155641555786, -0.32859867811203003, -0.44640088081359863], "skybox_img_path": "./img/high/b2b91e26cb9a4190a097925afea72a8a_skybox3.jpg", "room": "0_2", "camera_distance": 3.9333447526237975, "obliqueness_angle": 1.2021784782409668, "camera_rotation_final": [1.2299129962921143, -0.006563623435795307, -0.27043792605400085], "skybox_img": 3, "resolution": 512}