{"model_rotation_degrees": 0.0, "vanishing_points_image": {"y": [350.5283083629257, 266.1750399339967], "x": [431.37725660199567, 230.9339136843285], "z": [255.80640764678557, 100.15697630355007]}, "point_uuid": "31", "field_of_view_rads": 1.3089969389957472, "point_pitch": 0.13267345825699373, "camera_rotation_original": [1.5785316228866577, 0.0028458000160753727, 1.9192692041397095], "camera_uuid": "4c0d1c450c3c414c8e903e49190ad5f3", "camera_location": [0.164657, 1.413222, 1.481392], "nonfixated_points_in_view": [35, 39, 8, 9, 72, 11, 12, 13, 14, 73, 16, 17, 18, 48, 51, 53, 83, 86, 89, 75, 94], "point_location": [4.660554885864258, 6.541022777557373, 2.3350167274475098], "bounding_box_ranges": {"y": [0.164657, 5.923332075682181], "x": [1.413222, 6.877910326800738], "z": [-0.01517946152124705, 2.4438979736881032]}, "view_id": 3, "vanishing_points_gaussian_sphere": {"y": [0.7520181972937315, -0.08094734076037872, -0.654153008831198], "x": [0.6591411924763344, 0.09420885207665196, 0.7460948871097266], "z": [-0.0012326069780278011, 0.9922561263173046, -0.12420249782437982]}, "camera_rotation_from_original_to_final": [-0.0385340191423893, 0.11028750985860825, -2.6413118839263916], "point_normal": [-0.9978588223457336, 0.03995320945978165, 0.05178387463092804], "skybox_img_path": "./img/high/4c0d1c450c3c414c8e903e49190ad5f3_skybox2.jpg", "room": "0_2", "camera_distance": 6.872853394820625, "obliqueness_angle": 0.906491756439209, "camera_rotation_final": [1.6953204870224, 0.001232607290148735, -0.7196768522262573], "skybox_img": 2, "resolution": 512}