{"model_rotation_degrees": 0.0, "vanishing_points_image": {"y": [392.0251378190664, 258.893052887088], "x": [358.0051073194204, 243.93566159120772], "z": [257.1072599091104, 92.81580599628965]}, "point_uuid": "56", "field_of_view_rads": 1.3089969389957472, "point_pitch": 0.04612584511307283, "camera_rotation_original": [1.5743488073349, -0.006772358436137438, -1.2924582958221436], "camera_uuid": "b2b91e26cb9a4190a097925afea72a8a", "camera_location": [1.962995, 0.554659, 1.477478], "nonfixated_points_in_view": [10, 11, 13, 14, 16, 17, 18, 31, 38, 39, 48, 53, 72, 73, 74, 75, 83, 84, 85, 86, 89, 91], "point_location": [4.111886978149414, 6.872122287750244, 1.7618186473846436], "bounding_box_ranges": {"y": [0.021394605968474645, 4.782169217205599], "x": [0.554659, 6.891689166912994], "z": [-0.014459236345181203, 2.4440231468622198]}, "view_id": 4, "vanishing_points_gaussian_sphere": {"y": [0.9466143301907473, -0.020133082493619562, -0.3217389762941819], "x": [0.3222969975459274, 0.038118680022127586, 0.9458708218389291], "z": [0.006779030196386079, 0.9990703805151446, -0.04257252079593977]}, "camera_rotation_from_original_to_final": [0.010718234814703465, -0.037533290684223175, 0.9643588066101074], "point_normal": [-0.27279582619667053, -0.5777772068977356, 0.7692567706108093], "skybox_img_path": "./img/high/b2b91e26cb9a4190a097925afea72a8a_skybox3.jpg", "room": "0_2", "camera_distance": 6.678991622816459, "obliqueness_angle": 0.9253906607627869, "camera_rotation_final": [1.6133826971054077, -0.006779082119464874, -0.3281627893447876], "skybox_img": 3, "resolution": 512}