{"model_rotation_degrees": 0.0, "vanishing_points_image": {"y": [408.6358696565745, 255.04414030066312], "x": [307.7332201940545, 291.4336880198103], "z": [257.9471067782613, 80.7231379150146]}, "point_uuid": "45", "field_of_view_rads": 1.3089969389957472, "point_pitch": -0.10167817672225432, "camera_rotation_original": [1.5834180116653442, 0.001621261122636497, -2.377124547958374], "camera_uuid": "c2e7d52588e94b929f2f91a2249562c5", "camera_location": [4.816021, -0.326724, 1.48248], "nonfixated_points_in_view": [78, 3, 21, 62, 55], "point_location": [5.888344764709473, 6.326374053955078, 0.751869261264801], "bounding_box_ranges": {"y": [3.486225519585119, 7.547773085570572], "x": [-0.326724, 2.7443289820484265], "z": [-0.00942267595856161, 2.444795208231962]}, "view_id": 0, "vanishing_points_gaussian_sphere": {"y": [0.9873883629165322, 0.0061833744966346745, -0.1581960386888527], "x": [0.15793120385985765, -0.10817198282210146, 0.9815072882967865], "z": [0.011043352044859671, 0.9941129654179999, 0.10778430481031985]}, "camera_rotation_from_original_to_final": [0.07850159704685211, 0.09254594147205353, 2.221587657928467], "point_normal": [0.006352371536195278, -0.9999582767486572, -0.00656272005289793], "skybox_img_path": "./img/high/c2e7d52588e94b929f2f91a2249562c5_skybox3.jpg", "room": "0_5", "camera_distance": 6.778449996677145, "obliqueness_angle": 0.20156684517860413, "camera_rotation_final": [1.462795615196228, -0.011043576523661613, -0.1586049646139145], "skybox_img": 3, "resolution": 512}