{"model_rotation_degrees": 0.0, "vanishing_points_image": {"y": [401.60425834718825, 243.03789447152752], "x": [328.5682925601856, 369.0120021383434], "z": [257.33181912624104, 65.38610257321604]}, "point_uuid": "72", "field_of_view_rads": 1.3089969389957472, "point_pitch": -0.3898588856074472, "camera_rotation_original": [1.5743488073349, -0.006772358436137438, -1.2924582958221436], "camera_uuid": "b2b91e26cb9a4190a097925afea72a8a", "camera_location": [1.962995, 0.554659, 1.477478], "nonfixated_points_in_view": [38, 39, 73, 10, 11, 74, 13, 14, 75, 16, 48, 18, 83, 84, 53, 85, 86, 56, 89, 31], "point_location": [2.829725742340088, 4.017667293548584, -0.006452821660786867], "bounding_box_ranges": {"y": [-0.06053509687552583, 4.783430686926035], "x": [0.554659, 6.8925218666531105], "z": [-0.013180224856953693, 2.445309219305431]}, "view_id": 2, "vanishing_points_gaussian_sphere": {"y": [0.9707054271897442, 0.08641496016065814, -0.22419506748545617], "x": [0.24018607412407222, -0.3740464073892566, 0.8957677907337682], "z": [0.006451621597867475, 0.923375189064349, 0.38384454770015397]}, "camera_rotation_from_original_to_final": [-0.11506550759077072, 0.3813420236110687, 1.0249990224838257], "point_normal": [-0.03280169889330864, -0.03782361373305321, 0.9987459778785706], "skybox_img_path": "./img/high/b2b91e26cb9a4190a097925afea72a8a_skybox3.jpg", "room": "0_2", "camera_distance": 3.8659668431283545, "obliqueness_angle": 1.1322779655456543, "camera_rotation_final": [1.1768314838409424, -0.006451666355133057, -0.2425626814365387], "skybox_img": 3, "resolution": 512}