{"model_rotation_degrees": 0.0, "vanishing_points_image": {"y": [347.22797052697626, 240.30222111656883], "x": [433.76621707752315, 290.6265783633454], "z": [255.82183373567608, 75.48627525363916]}, "point_uuid": "83", "field_of_view_rads": 1.3089969389957472, "point_pitch": -0.17586855491134123, "camera_rotation_original": [1.5785316228866577, 0.0028458000160753727, 1.9192692041397095], "camera_uuid": "4c0d1c450c3c414c8e903e49190ad5f3", "camera_location": [0.164657, 1.413222, 1.481392], "nonfixated_points_in_view": [35, 39, 8, 9, 72, 11, 12, 13, 14, 73, 16, 17, 18, 48, 51, 53, 89, 75, 94, 31], "point_location": [2.846083164215088, 4.282127380371094, 0.7503566145896912], "bounding_box_ranges": {"y": [0.164657, 5.923255627998078], "x": [1.413222, 6.87796176419864], "z": [-0.013186539335289904, 2.4452912587772637]}, "view_id": 1, "vanishing_points_gaussian_sphere": {"y": [0.7304510680722945, 0.12569017249347175, -0.6712996482127824], "x": [0.6829643443268455, -0.13303269190844744, 0.7182353425318155], "z": [-0.000970324814791355, 0.9831094971681199, 0.18301577813838998]}, "camera_rotation_from_original_to_final": [0.06794466823339462, -0.17949776351451874, -2.676832437515259], "point_normal": [-0.04785194620490074, -0.9660888314247131, 0.253737211227417], "skybox_img_path": "./img/high/4c0d1c450c3c414c8e903e49190ad5f3_skybox2.jpg", "room": "0_2", "camera_distance": 3.9943808112641634, "obliqueness_angle": 0.6881219148635864, "camera_rotation_final": [1.3867430686950684, 0.0009703249670565128, -0.7518136501312256], "skybox_img": 2, "resolution": 512}