{"model_rotation_degrees": 0.0, "vanishing_points_image": {"y": [365.57765719889426, 254.83253774500366], "x": [412.98612266999334, 263.8361159255603], "z": [257.2704286002844, 86.90988511719462]}, "point_uuid": "78", "field_of_view_rads": 1.3089969389957472, "point_pitch": -0.026994510493006274, "camera_rotation_original": [1.5776946544647217, 0.0030656252056360245, -2.669447660446167], "camera_uuid": "c3d17a6983f9472b926dbc4e505ec89c", "camera_location": [5.294113, 2.145316, 1.475611], "nonfixated_points_in_view": [3, 45], "point_location": [5.919722557067871, 3.100865364074707, 1.4439032077789307], "bounding_box_ranges": {"y": [5.294113, 6.292193331622963], "x": [2.145316, 2.7249751516745175], "z": [0.8098938271472285, 2.040197603404722]}, "view_id": 7, "vanishing_points_gaussian_sphere": {"y": [0.8367283541381889, 0.00891467107540451, -0.5475456054255343], "x": [0.5475666699321019, -0.02733232612911158, 0.8363155420819587], "z": [0.007510217085143266, 0.999586650865241, 0.02775110901107902]}, "camera_rotation_from_original_to_final": [0.026057664304971695, 0.025176556780934334, 2.090226650238037], "point_normal": [-0.999958336353302, -0.006988245528191328, -0.005890997592359781], "skybox_img_path": "./img/high/c3d17a6983f9472b926dbc4e505ec89c_skybox3.jpg", "room": "0_5", "camera_distance": 1.1425704699039778, "obliqueness_angle": 0.9845913648605347, "camera_rotation_final": [1.5430408716201782, -0.0075102876871824265, -0.5794718861579895], "skybox_img": 3, "resolution": 512}