{"model_rotation_degrees": 0.0, "vanishing_points_image": {"y": [406.9474406538485, 254.08774650028928], "x": [313.1332389624701, 301.9136715437845], "z": [258.2699719374447, 78.33218893889794]}, "point_uuid": "53", "field_of_view_rads": 1.3089969389957472, "point_pitch": -0.13702957232924895, "camera_rotation_original": [1.5771442651748657, -0.011866987682878971, -1.0165622234344482], "camera_uuid": "22149045c4a4476eb44710bdb469a325", "camera_location": [2.693772, -0.285035, 1.48261], "nonfixated_points_in_view": [38, 10, 74, 13, 48, 17, 18, 83, 84, 85, 86, 56, 89, 91], "point_location": [3.513011932373047, 4.258610725402832, 0.8243696093559265], "bounding_box_ranges": {"y": [-0.06190169715322602, 4.228624203480514], "x": [-0.285035, 6.885866895889905], "z": [-0.013015421225084367, 2.4452663740578764]}, "view_id": 1, "vanishing_points_gaussian_sphere": {"y": [0.9843706761832789, 0.012470342407863197, -0.1756669076141122], "x": [0.17565423749176168, -0.1411600516954481, 0.9742789275441229], "z": [0.012647557932746637, 0.9899082434072206, 0.14114428402442925]}, "camera_rotation_from_original_to_final": [-0.07906364649534225, 0.1252039074897766, 0.8332020044326782], "point_normal": [0.027210483327507973, -0.6037908792495728, -0.7966782450675964], "skybox_img_path": "./img/high/22149045c4a4476eb44710bdb469a325_skybox3.jpg", "room": "0_2", "camera_distance": 4.66359866853491, "obliqueness_angle": 1.0803335905075073, "camera_rotation_final": [1.4291677474975586, -0.012647895142436028, -0.17658457159996033], "skybox_img": 3, "resolution": 512}