{"model_rotation_degrees": 0.0, "vanishing_points_image": {"y": [443.92450150937077, 239.73894960658], "x": [151.98672366559308, 180.54208761725306], "z": [257.184667165777, 113.4710843109461]}, "point_uuid": "67", "field_of_view_rads": 1.3089969389957472, "point_pitch": 0.2723441878941397, "camera_rotation_original": [1.5827999114990234, -0.0022284637670964003, 1.2485463619232178], "camera_uuid": "de06f753bd6d4114a5c6e6a781ee950a", "camera_location": [0.724806, 4.289951, 1.483605], "nonfixated_points_in_view": [32, 65, 34, 66, 68, 5, 37, 98, 99, 104, 77, 15, 47, 49, 87, 25, 91, 60, 30], "point_location": [1.9129235744476318, 1.0338019132614136, 2.4173190593719482], "bounding_box_ranges": {"y": [-0.7268671969942494, 3.4045919330575196], "x": [-0.9798651929507081, 4.289951], "z": [-0.01652091507889142, 2.4441352576265403]}, "view_id": 2, "vanishing_points_gaussian_sphere": {"y": [0.9401249708660179, 0.08134872996644632, 0.3309794907347211], "x": [-0.3407354284935207, 0.2471913684008886, 0.9070809198508328], "z": [0.008025392420683763, 0.9655458619459474, -0.2601091723787372]}, "camera_rotation_from_original_to_final": [0.08677740395069122, 0.2360367774963379, 2.252346992492676], "point_normal": [-2.1528958313865587e-05, -0.026295719668269157, -0.999654233455658], "skybox_img_path": "./img/high/de06f753bd6d4114a5c6e6a781ee950a_skybox3.jpg", "room": "0_2", "camera_distance": 3.589700523732084, "obliqueness_angle": 1.3323698043823242, "camera_rotation_final": [1.8339402675628662, -0.008025478571653366, 3.4893033504486084], "skybox_img": 3, "resolution": 512}