{"model_rotation_degrees": 0.0, "vanishing_points_image": {"y": [432.23394121670805, 261.61116764894746], "x": [215.02242869701206, 312.15252426905477], "z": [257.80080208903786, 76.03641723867466]}, "point_uuid": "68", "field_of_view_rads": 1.3089969389957472, "point_pitch": -0.16847424109908538, "camera_rotation_original": [1.5827999114990234, -0.0022284637670964003, 1.2485463619232178], "camera_uuid": "de06f753bd6d4114a5c6e6a781ee950a", "camera_location": [0.724806, 4.289951, 1.483605], "nonfixated_points_in_view": [5, 15, 20, 25, 30, 32, 34, 37, 44, 47, 49, 52, 60, 65, 66, 67, 77, 87, 92, 95, 98, 99, 100, 104], "point_location": [1.3165596723556519, -0.44857537746429443, 0.635956346988678], "bounding_box_ranges": {"y": [-0.7416953500506874, 3.3834193145870093], "x": [-0.9801028233431435, 4.289951], "z": [-0.01776821809861273, 2.445311405189849]}, "view_id": 4, "vanishing_points_gaussian_sphere": {"y": [0.992026025064226, -0.03158542730375359, 0.12201117316586596], "x": [-0.12564753955994412, -0.17217776188634992, 0.9770197101974657], "z": [0.009851974309949782, 0.9845593832237072, 0.1747734519552366]}, "camera_rotation_from_original_to_final": [-0.05270051211118698, -0.1803780496120453, 2.022662878036499], "point_normal": [0.06437861919403076, 0.9894701242446899, 0.12963153421878815], "skybox_img_path": "./img/high/de06f753bd6d4114a5c6e6a781ee950a_skybox3.jpg", "room": "0_2", "camera_distance": 4.84998072762937, "obliqueness_angle": 0.19247955083847046, "camera_rotation_final": [1.3951120376586914, -0.009852133691310883, 3.2675793170928955], "skybox_img": 3, "resolution": 512}