{"model_rotation_degrees": 0.0, "vanishing_points_image": {"y": [357.5209378146976, 248.2406498394565], "x": [423.4948308899399, 283.35015907391136], "z": [258.22854582136324, 80.14162189072663]}, "point_uuid": "48", "field_of_view_rads": 1.3089969389957472, "point_pitch": -0.10548739036055998, "camera_rotation_original": [1.5872206687927246, -0.0005325089441612363, -1.320854663848877], "camera_uuid": "79c2e897db51429e80749b3cde7e79d4", "camera_location": [6.713179, 1.533762, 1.484844], "nonfixated_points_in_view": [96, 39, 8, 71, 72, 43, 11, 74, 14, 103, 83, 84, 21, 55, 61, 62], "point_location": [2.8807075023651123, 4.485979080200195, 0.9209252595901489], "bounding_box_ranges": {"y": [3.477489575827935, 6.713179], "x": [1.4516522098129, 2.7445841268969082], "z": [-0.009717250434398972, 2.4418665525285084]}, "view_id": 6, "vanishing_points_gaussian_sphere": {"y": [0.7930398292367155, 0.06061285345429935, -0.6061467736780661], "x": [0.609039750804757, -0.09944983960604074, 0.7868801124326452], "z": [0.012586150479020253, 0.9931947499853493, 0.11578332098216505]}, "camera_rotation_from_original_to_final": [-0.044718675315380096, 0.12532058358192444, 2.2330644130706787], "point_normal": [0.022127626463770866, -0.008345723152160645, 0.9997203350067139], "skybox_img_path": "./img/high/79c2e897db51429e80749b3cde7e79d4_skybox3.jpg", "room": "0_5", "camera_distance": 4.870464923714323, "obliqueness_angle": 1.4321309328079224, "camera_rotation_final": [1.454743504524231, -0.012586482800543308, 0.9158861637115479], "skybox_img": 3, "resolution": 512}