{"model_rotation_degrees": 0.0, "vanishing_points_image": {"y": [373.0483459595888, 251.1750141182979], "x": [400.1483380456009, 277.6376323253026], "z": [256.77228638941983, 82.67745324232419]}, "point_uuid": "104", "field_of_view_rads": 1.3089969389957472, "point_pitch": -0.07377008994552092, "camera_rotation_original": [1.579675316810608, 0.0016688042087480426, -0.18222443759441376], "camera_uuid": "421bc59cb37942a2a1b69459e69c6733", "camera_location": [4.087351, 5.595419, 1.470996], "nonfixated_points_in_view": [65, 66, 67, 68, 37, 70, 98, 99, 44, 77, 92, 48, 17, 49, 20, 84, 60, 29, 95], "point_location": [0.4250602126121521, -0.9414658546447754, 0.857938289642334], "bounding_box_ranges": {"y": [-0.7393263833465138, 4.552243846565694], "x": [-0.9661272422214955, 5.595419], "z": [-0.017363934729599073, 2.445302670425688]}, "view_id": 6, "vanishing_points_gaussian_sphere": {"y": [0.8725820389329457, 0.03596971818749048, -0.4871414216684266], "x": [0.48844740127377645, -0.07331923088608966, 0.8695075770636889], "z": [0.004440891860616769, 0.9966596559286349, 0.08154635935280932]}, "camera_rotation_from_original_to_final": [-0.09012849628925323, 0.01037907786667347, 2.812908411026001], "point_normal": [0.531001091003418, 0.8473368883132935, 0.007627560757100582], "skybox_img_path": "./img/high/421bc59cb37942a2a1b69459e69c6733_skybox2.jpg", "room": "0_2", "camera_distance": 7.517916867242543, "obliqueness_angle": 0.08879367262125015, "camera_rotation_final": [1.4891585111618042, -0.004440906457602978, 2.631277561187744], "skybox_img": 2, "resolution": 512}