{"model_rotation_degrees": 0.0, "vanishing_points_image": {"y": [436.6194741527286, 260.04693297450257], "x": [195.08867108442794, 286.490558474998], "z": [256.7387662612113, 81.5970451304784]}, "point_uuid": "0", "field_of_view_rads": 1.3089969389957472, "point_pitch": -0.08815781672927336, "camera_rotation_original": [1.5785322189331055, -0.004439795855432749, -0.3697104752063751], "camera_uuid": "b20b2b0634e241d794127bb70d0381ec", "camera_location": [4.119016, 3.356542, 1.473925], "nonfixated_points_in_view": [33, 65, 66, 97, 98, 70, 100, 44, 46, 79, 18, 19, 20, 52, 54, 89, 26, 93, 63], "point_location": [-0.735573410987854, 2.436551332473755, 0.9980431199073792], "bounding_box_ranges": {"y": [-0.7416977703840901, 4.119016], "x": [-0.7439483977378218, 4.546623617542219], "z": [-0.014586991097772728, 2.4452903409084445]}, "view_id": 0, "vanishing_points_gaussian_sphere": {"y": [0.982428288636378, -0.022012141575635524, 0.18533786259221774], "x": [-0.18659281726096202, -0.09340330127414932, 0.9779871900274092], "z": [0.004216424268833487, 0.9953849953331347, 0.09586935293429555]}, "camera_rotation_from_original_to_final": [-0.09671573340892792, 0.03761820122599602, 2.1259312629699707], "point_normal": [0.9999862313270569, -0.0052603865042328835, 7.381608156720176e-05], "skybox_img_path": "./img/high/b20b2b0634e241d794127bb70d0381ec_skybox3.jpg", "room": "0_2", "camera_distance": 4.963857983586831, "obliqueness_angle": 0.21486222743988037, "camera_rotation_final": [1.474778652191162, -0.004216436762362719, 1.7584909200668335], "skybox_img": 3, "resolution": 512}