{"model_rotation_degrees": 0.0, "vanishing_points_image": {"y": [413.1577744530879, 255.3581301823029], "x": [292.3222718568537, 283.9710275671393], "z": [256.92130046847205, 82.44752480775215]}, "point_uuid": "96", "field_of_view_rads": 1.3089969389957472, "point_pitch": -0.06912641128035979, "camera_rotation_original": [1.5872206687927246, -0.0005325089441612363, -1.320854663848877], "camera_uuid": "79c2e897db51429e80749b3cde7e79d4", "camera_location": [6.713179, 1.533762, 1.484844], "nonfixated_points_in_view": [1, 36, 39, 8, 71, 72, 43, 74, 103, 14, 48, 83, 84, 21, 55, 61, 62], "point_location": [3.5076286792755127, 1.8897404670715332, 1.2110623121261597], "bounding_box_ranges": {"y": [3.4696814340015947, 6.713179], "x": [-0.46468534123714655, 2.7446089942406835], "z": [-0.02580265451044017, 2.4417378116914863]}, "view_id": 2, "vanishing_points_gaussian_sphere": {"y": [0.9939258933090152, 0.004059430302846038, -0.10997654129628164], "x": [0.10992425121497329, -0.08465038401641156, 0.9903287189013059], "z": [0.005289386042240329, 0.9964024455567592, 0.08458243838886277]}, "camera_rotation_from_original_to_final": [-0.029721271246671677, 0.09677287191152573, 2.779768705368042], "point_normal": [0.999417245388031, 0.018546832725405693, 0.02865726500749588], "skybox_img_path": "./img/high/79c2e897db51429e80749b3cde7e79d4_skybox2.jpg", "room": "0_5", "camera_distance": 3.236855075505643, "obliqueness_angle": 0.14057403802871704, "camera_rotation_final": [1.4861115217208862, -0.0052894107066094875, 1.4606479406356812], "skybox_img": 2, "resolution": 512}