{"model_rotation_degrees": 0.0, "vanishing_points_image": {"y": [432.92474035442734, 261.4780720701376], "x": [212.13650069684795, 316.9074264790934], "z": [256.95337011751434, 75.04134236086543]}, "point_uuid": "7", "field_of_view_rads": 1.3089969389957472, "point_pitch": -0.18559054931136565, "camera_rotation_original": [1.5776946544647217, 0.0030656252056360245, -2.669447660446167], "camera_uuid": "c3d17a6983f9472b926dbc4e505ec89c", "camera_location": [5.294113, 2.145316, 1.475611], "nonfixated_points_in_view": [3, 102, 71, 45, 85, 88, 59], "point_location": [4.777639865875244, 5.963573932647705, 0.7302563190460205], "bounding_box_ranges": {"y": [4.800577130345815, 5.294113], "x": [2.145316, 2.708217080320919], "z": [0.791581737999016, 1.7579234234525425]}, "view_id": 0, "vanishing_points_gaussian_sphere": {"y": [0.99082758271882, -0.030678721903678253, 0.1316036372823212], "x": [-0.135033132273407, -0.18750260938696253, 0.9729382429843699], "z": [0.005172476390720258, 0.9817848987917043, 0.18992540112515366]}, "camera_rotation_from_original_to_final": [0.17312632501125336, 0.09689067304134369, 2.8131017684936523], "point_normal": [0.9991674423217773, -0.027423562481999397, -0.030206546187400818], "skybox_img_path": "./img/high/c3d17a6983f9472b926dbc4e505ec89c_skybox2.jpg", "room": "0_5", "camera_distance": 3.9244608694087493, "obliqueness_angle": 1.417761206626892, "camera_rotation_final": [1.3797075748443604, -0.00517249945551157, 0.13544872403144836], "skybox_img": 2, "resolution": 512}