{"model_rotation_degrees": 0.0, "vanishing_points_image": {"y": [356.6041171038641, 237.4980659776259], "x": [422.82725272071315, 307.9639645988721], "z": [257.23706423929934, 71.93082957511061]}, "point_uuid": "82", "field_of_view_rads": 1.3089969389957472, "point_pitch": -0.24920241435500579, "camera_rotation_original": [1.5717558860778809, 0.008724818006157875, 1.7450741529464722], "camera_uuid": "fe33a7c2947347d5a33b56488f8bfdae", "camera_location": [4.698266, 1.058042, 1.474498], "nonfixated_points_in_view": [64, 6, 81, 50, 57, 58, 27], "point_location": [7.157175540924072, -0.8899115324020386, 0.6957626938819885], "bounding_box_ranges": {"y": [4.698266, 7.548092142162403], "x": [-0.8991300881658049, 1.222422433357207], "z": [-0.008854067251229392, 2.455074355419891]}, "view_id": 1, "vanishing_points_gaussian_sphere": {"y": [0.784829287842066, 0.14433663472727798, -0.6026690010452836], "x": [0.6196776949067601, -0.19301948138385608, 0.7607516245407248], "z": [0.006522528678369391, 0.9705206930724928, 0.24092953521253535]}, "camera_rotation_from_original_to_final": [0.05837404727935791, -0.23783400654792786, 2.292259931564331], "point_normal": [0.021471038460731506, 0.9981982707977295, -0.0560295470058918], "skybox_img_path": "./img/high/fe33a7c2947347d5a33b56488f8bfdae_skybox3.jpg", "room": "0_5", "camera_distance": 3.2322110110190057, "obliqueness_angle": 0.9621592164039612, "camera_rotation_final": [1.3274675607681274, -0.006522574927657843, 4.044040203094482], "skybox_img": 3, "resolution": 512}