{"model_rotation_degrees": 0.0, "vanishing_points_image": {"y": [403.804709947058, 247.49588605480878], "x": [323.5690588308194, 330.10220652159967], "z": [254.981682155461, 71.97705768197588]}, "point_uuid": "68", "field_of_view_rads": 1.3089969389957472, "point_pitch": -0.24327461322280364, "camera_rotation_original": [1.5762215852737427, -0.0002412118628853932, -1.888368844985962], "camera_uuid": "029e8bd017804e6aba4c5206f049bf52", "camera_location": [2.031441, 2.853197, 1.471538], "nonfixated_points_in_view": [32, 65, 34, 98, 99, 5, 104, 44, 77, 47, 92, 20, 87, 25, 60, 30, 95], "point_location": [1.3165596723556519, -0.44857537746429443, 0.635956346988678], "bounding_box_ranges": {"y": [-0.7390510786589628, 3.3845428180484034], "x": [-0.9798125636004777, 2.853197], "z": [-0.01537179127499555, 2.445311116787258]}, "view_id": 5, "vanishing_points_gaussian_sphere": {"y": [0.9770578269580344, 0.056216145577960716, -0.20542090389344805], "x": [0.21290642953223846, -0.23349202259094146, 0.9487635783746261], "z": [-0.00537168910843434, 0.9707323113828802, 0.2401039870418097]}, "camera_rotation_from_original_to_final": [0.0843287855386734, 0.23346228897571564, -1.4572418928146362], "point_normal": [0.06437861919403076, 0.9894701242446899, 0.12963153421878815], "skybox_img_path": "./img/high/029e8bd017804e6aba4c5206f049bf52_skybox1.jpg", "room": "0_2", "camera_distance": 3.4800795691809707, "obliqueness_angle": 0.18398262560367584, "camera_rotation_final": [1.328319787979126, 0.0053717149421572685, -3.356144428253174], "skybox_img": 1, "resolution": 512}