{"model_rotation_degrees": 0.0, "vanishing_points_image": {"y": [400.3983204987539, 264.5778166198623], "x": [333.99648973777164, 190.9336577122639], "z": [256.81337994712374, 108.72135632368119]}, "point_uuid": "85", "field_of_view_rads": 1.3089969389957472, "point_pitch": 0.2154342691090445, "camera_rotation_original": [1.5762215852737427, -0.0002412118628853932, -1.888368844985962], "camera_uuid": "029e8bd017804e6aba4c5206f049bf52", "camera_location": [2.031441, 2.853197, 1.471538], "nonfixated_points_in_view": [74, 75, 16, 48, 18, 84, 56, 31], "point_location": [2.9746100902557373, 6.585859775543213, 2.311539888381958], "bounding_box_ranges": {"y": [1.453024203196345, 4.671311003726241], "x": [2.853197, 6.8930434481153995], "z": [0.6159173358815785, 2.4412789712089875]}, "view_id": 2, "vanishing_points_gaussian_sphere": {"y": [0.9692248568593173, -0.057575691024905416, -0.23934956997880896], "x": [0.24611798629074208, 0.2053168955808354, 0.9472438488653481], "z": [0.005395708500856508, 0.9770005180101252, -0.21316865186448222]}, "camera_rotation_from_original_to_final": [-0.07124904543161392, -0.19713418185710907, 1.647333025932312], "point_normal": [0.09299487620592117, -0.7428299784660339, 0.6629899144172668], "skybox_img_path": "./img/high/029e8bd017804e6aba4c5206f049bf52_skybox3.jpg", "room": "0_2", "camera_distance": 3.9405509693715377, "obliqueness_angle": 1.0002949237823486, "camera_rotation_final": [1.7856165170669556, -0.005395734682679176, -0.24867668747901917], "skybox_img": 3, "resolution": 512}