{"model_rotation_degrees": 0.0, "vanishing_points_image": {"y": [359.7515863141017, 235.77361981595772], "x": [418.98243280451806, 310.773878315706], "z": [255.00215145140166, 71.16087982335384]}, "point_uuid": "95", "field_of_view_rads": 1.3089969389957472, "point_pitch": -0.25585000117751555, "camera_rotation_original": [1.5762215852737427, -0.0002412118628853932, -1.888368844985962], "camera_uuid": "029e8bd017804e6aba4c5206f049bf52", "camera_location": [2.031441, 2.853197, 1.471538], "nonfixated_points_in_view": [65, 98, 99, 68, 100, 104, 44, 77, 46, 47, 92, 20, 52, 25, 60, 30], "point_location": [-0.7208322286605835, -0.8461699485778809, 0.2580554485321045], "bounding_box_ranges": {"y": [-0.7416991830660544, 2.2664761553801496], "x": [-0.9695981668359575, 2.853197], "z": [-0.012766023647085234, 2.44531113847352]}, "view_id": 5, "vanishing_points_gaussian_sphere": {"y": [0.8014786129915518, 0.1562483207405442, -0.5772508078668218], "x": [0.5980006505177825, -0.2009714439804707, 0.7758902633006253], "z": [-0.005220622323772904, 0.9670558106801099, 0.25451091161753364]}, "camera_rotation_from_original_to_final": [0.08912386000156403, 0.24758371710777283, -1.8824833631515503], "point_normal": [0.9992681741714478, 0.02664410136640072, -0.02744772657752037], "skybox_img_path": "./img/high/029e8bd017804e6aba4c5206f049bf52_skybox1.jpg", "room": "0_2", "camera_distance": 4.767899205117706, "obliqueness_angle": 0.9390990734100342, "camera_rotation_final": [1.313450813293457, 0.005220646038651466, -3.782607078552246], "skybox_img": 1, "resolution": 512}