{"model_rotation_degrees": 0.0, "vanishing_points_image": {"y": [361.84539356840634, 245.807858662614], "x": [417.3615354806283, 292.8204597147773], "z": [258.19749047551215, 77.50957086089856]}, "point_uuid": "83", "field_of_view_rads": 1.3089969389957472, "point_pitch": -0.1425611217829843, "camera_rotation_original": [1.5872206687927246, -0.0005325089441612363, -1.320854663848877], "camera_uuid": "79c2e897db51429e80749b3cde7e79d4", "camera_location": [6.713179, 1.533762, 1.484844], "nonfixated_points_in_view": [96, 1, 39, 8, 71, 72, 11, 43, 74, 14, 103, 48, 84, 21, 55, 61, 62], "point_location": [2.846083164215088, 4.282127380371094, 0.7503566145896912], "bounding_box_ranges": {"y": [3.4778811051633536, 6.713179], "x": [1.3058931921624073, 2.744579096659151], "z": [-0.011426120000484596, 2.440623722743743]}, "view_id": 4, "vanishing_points_gaussian_sphere": {"y": [0.8161409048346481, 0.07858843141738511, -0.5724839577691562], "x": [0.5777248652889229, -0.13182878475490029, 0.8055154570440858], "z": [0.012165668192830794, 0.9881523313525102, 0.15299335462699293]}, "camera_rotation_from_original_to_final": [-0.05385966598987579, 0.16176940500736237, 2.2702107429504395], "point_normal": [-0.04785194620490074, -0.9660888314247131, 0.253737211227417], "skybox_img_path": "./img/high/79c2e897db51429e80749b3cde7e79d4_skybox3.jpg", "room": "0_5", "camera_distance": 4.800772416282826, "obliqueness_angle": 0.9844214916229248, "camera_rotation_final": [1.417188286781311, -0.012165968306362629, 0.9548053741455078], "skybox_img": 3, "resolution": 512}