{"model_rotation_degrees": 0.0, "vanishing_points_image": {"y": [398.48889284359694, 245.65239622064078], "x": [337.96825723092354, 347.2641560017473], "z": [258.3347506306927, 68.60705506576396]}, "point_uuid": "20", "field_of_view_rads": 1.3089969389957472, "point_pitch": -0.30614392360183196, "camera_rotation_original": [1.5827999114990234, -0.0022284637670964003, 1.2485463619232178], "camera_uuid": "de06f753bd6d4114a5c6e6a781ee950a", "camera_location": [0.724806, 4.289951, 1.483605], "nonfixated_points_in_view": [0, 33, 65, 66, 68, 98, 99, 100, 104, 44, 77, 46, 47, 92, 49, 52, 95, 25, 60, 30, 63], "point_location": [-0.5246977210044861, -0.1719522625207901, 0.0045468444004654884], "bounding_box_ranges": {"y": [-0.7416960416347452, 2.9588798183949536], "x": [-0.9770092813513891, 4.289951], "z": [-0.01772376285900812, 2.4453099869814485]}, "view_id": 0, "vanishing_points_gaussian_sphere": {"y": [0.9639013690778068, 0.0699989258850308, -0.2568935597964102], "x": [0.2659949192956048, -0.29616100952196295, 0.9173523637882319], "z": [0.011868175885725344, 0.9525695810878456, 0.30408936118725327]}, "camera_rotation_from_original_to_final": [-0.09526412189006805, -0.30715712904930115, 1.6362662315368652], "point_normal": [0.030930928885936737, 0.04486192762851715, 0.9985142946243286], "skybox_img_path": "./img/high/de06f753bd6d4114a5c6e6a781ee950a_skybox3.jpg", "room": "0_2", "camera_distance": 4.8638926294100475, "obliqueness_angle": 1.2103010416030884, "camera_rotation_final": [1.261791467666626, -0.01186845451593399, 2.8723373413085938], "skybox_img": 3, "resolution": 512}