{"model_rotation_degrees": 0.0, "vanishing_points_image": {"y": [422.9773894674134, 257.13563585520285], "x": [255.51477787885403, 228.85691383033975], "z": [257.1128097797393, 96.26625634039006]}, "point_uuid": "56", "field_of_view_rads": 1.3089969389957472, "point_pitch": 0.07611151138809724, "camera_rotation_original": [1.5785322189331055, -0.004439795855432749, -0.3697104752063751], "camera_uuid": "b20b2b0634e241d794127bb70d0381ec", "camera_location": [4.119016, 3.356542, 1.473925], "nonfixated_points_in_view": [16, 74, 85, 94, 31], "point_location": [4.111886978149414, 6.872122287750244, 1.7618186473846436], "bounding_box_ranges": {"y": [1.5127120607235796, 4.668868223161816], "x": [3.356542, 6.892770095155555], "z": [0.4957792403755633, 2.4449273474381545]}, "view_id": 3, "vanishing_points_gaussian_sphere": {"y": [0.9999748306709245, -0.0068009643439292935, 0.0020211156939940645], "x": [-0.001459245965436668, 0.0816294996795116, 0.9966616754863634], "z": [0.0069432431808387285, 0.9966395394855982, -0.08161752083999192]}, "camera_rotation_from_original_to_final": [0.06808391213417053, -0.02905508317053318, 0.3706013858318329], "point_normal": [-0.27279582619667053, -0.5777772068977356, 0.7692567706108093], "skybox_img_path": "./img/high/b20b2b0634e241d794127bb70d0381ec_skybox4.jpg", "room": "0_2", "camera_distance": 3.5273556679173472, "obliqueness_angle": 1.0326883792877197, "camera_rotation_final": [1.652506709098816, -0.0069432989694178104, 0.0014592816587537527], "skybox_img": 4, "resolution": 512}