{"model_rotation_degrees": 0.0, "vanishing_points_image": {"y": [361.09844160730813, 285.10017856804495], "x": [414.0762817168592, 175.47095453026304], "z": [255.79285367820242, 125.88801026499301]}, "point_uuid": "91", "field_of_view_rads": 1.3089969389957472, "point_pitch": 0.38024003902939363, "camera_rotation_original": [1.5762215852737427, -0.0002412118628853932, -1.888368844985962], "camera_uuid": "029e8bd017804e6aba4c5206f049bf52", "camera_location": [2.031441, 2.853197, 1.471538], "nonfixated_points_in_view": [24, 32, 15], "point_location": [3.363640546798706, 1.8660714626312256, 2.1443212032318115], "bounding_box_ranges": {"y": [2.031441, 5.922477437019095], "x": [-0.8995096179576474, 3.0590351772148376], "z": [0.6042112688880407, 2.4423706834268777]}, "view_id": 2, "vanishing_points_gaussian_sphere": {"y": [0.8038227216259718, -0.2225664279948856, -0.5516640438957509], "x": [0.5948670909253848, 0.3030440651392887, 0.7445115437102533], "z": [-0.0014752395687981045, 0.9266220803075286, -0.37599114877183304]}, "camera_rotation_from_original_to_final": [-0.12238320708274841, -0.3607111871242523, -0.2974240779876709], "point_normal": [-0.9979714751243591, 0.05230462923645973, -0.03629530966281891], "skybox_img_path": "./img/high/029e8bd017804e6aba4c5206f049bf52_skybox4.jpg", "room": "0_2", "camera_distance": 1.789360238166594, "obliqueness_angle": 0.6672884821891785, "camera_rotation_final": [1.9562629461288452, 0.0014752401039004326, -2.207897424697876], "skybox_img": 4, "resolution": 512}