{"model_rotation_degrees": 0.0, "vanishing_points_image": {"y": [447.46686572803543, 234.9717730548149], "x": [108.10098146988747, 214.59513407525188], "z": [254.73485216357156, 104.61066816353618]}, "point_uuid": "91", "field_of_view_rads": 1.3089969389957472, "point_pitch": 0.17336924473312898, "camera_rotation_original": [1.5759177207946777, 0.006587443873286247, -0.21082322299480438], "camera_uuid": "1eea2dc63a804bb98c4433aaf5355d4d", "camera_location": [0.081101, -0.078128, 1.481538], "nonfixated_points_in_view": [39, 8, 72, 73, 11, 75, 13, 14, 15, 16, 17, 18, 48, 83, 53, 22, 84, 56, 31], "point_location": [3.363640546798706, 1.8660714626312256, 2.1443212032318115], "bounding_box_ranges": {"y": [0.081101, 4.782820334810145], "x": [-0.5519766090793441, 6.893055843285384], "z": [-0.015254516244123772, 2.4419988639716967]}, "view_id": 6, "vanishing_points_gaussian_sphere": {"y": [0.8596485584582961, 0.094412601948784, 0.5020862640362052], "x": [-0.5108195069269588, 0.14300577114208776, 0.84771031653682], "z": [-0.008233303314721076, 0.9852084094308764, -0.1711625037886818]}, "camera_rotation_from_original_to_final": [0.16361837089061737, -0.03306899219751358, -0.827766478061676], "point_normal": [-0.9979714751243591, 0.05230462923645973, -0.03629530966281891], "skybox_img_path": "./img/high/1eea2dc63a804bb98c4433aaf5355d4d_skybox1.jpg", "room": "0_2", "camera_distance": 3.8722421653681107, "obliqueness_angle": 0.5989258885383606, "camera_rotation_final": [1.742811679840088, 0.008233396336436272, -1.0346384048461914], "skybox_img": 1, "resolution": 512}