{"model_rotation_degrees": 0.0, "vanishing_points_image": {"y": [394.9230251664419, 262.52075279340653], "x": [350.04273435905975, 218.4713411674073], "z": [257.21603628859083, 100.3609524122524]}, "point_uuid": "52", "field_of_view_rads": 1.3089969389957472, "point_pitch": 0.12015314499405427, "camera_rotation_original": [1.577962040901184, 0.007169065065681934, 1.18436598777771], "camera_uuid": "57ed0722da4246b593ad7c4c816002a1", "camera_location": [0.693011, 5.590496, 1.490906], "nonfixated_points_in_view": [5, 20, 25, 30, 44, 46, 49, 60, 65, 66, 67, 68, 70, 77, 79, 80, 87, 92, 95, 98, 99, 100, 104], "point_location": [-0.582731306552887, 1.4692943096160889, 2.0403730869293213], "bounding_box_ranges": {"y": [-0.740946454970197, 3.1359680251524917], "x": [-0.9803393305704979, 5.590496], "z": [-0.019421330535311032, 2.445215432629285]}, "view_id": 1, "vanishing_points_gaussian_sphere": {"y": [0.9549562952064018, -0.04482362748786785, -0.29334163813630804], "x": [0.296645253708972, 0.11837914536009479, 0.9476222725304388], "z": [0.007750335322004844, 0.9919562592990896, -0.1263436264310712]}, "camera_rotation_from_original_to_final": [0.059067901223897934, 0.10502976179122925, 1.659179925918579], "point_normal": [0.5518802404403687, 0.833149254322052, 0.03592600300908089], "skybox_img_path": "./img/high/57ed0722da4246b593ad7c4c816002a1_skybox3.jpg", "room": "0_2", "camera_distance": 4.348992412304175, "obliqueness_angle": 0.32746338844299316, "camera_rotation_final": [1.6974823474884033, -0.007750412914901972, 2.8404054641723633], "skybox_img": 3, "resolution": 512}