{"model_rotation_degrees": 0.0, "vanishing_points_image": {"y": [347.1270313191009, 273.6884398163304], "x": [433.4313925421427, 216.69510178877218], "z": [255.91652180045858, 108.14640774642437]}, "point_uuid": "58", "field_of_view_rads": 1.3089969389957472, "point_pitch": 0.20138473907974763, "camera_rotation_original": [1.5776946544647217, 0.0030656252056360245, -2.669447660446167], "camera_uuid": "c3d17a6983f9472b926dbc4e505ec89c", "camera_location": [5.294113, 2.145316, 1.475611], "nonfixated_points_in_view": [64, 101, 6, 76, 81, 50, 90], "point_location": [7.5393476486206055, 0.03760745748877525, 2.1284918785095215], "bounding_box_ranges": {"y": [5.294113, 7.55199789665938], "x": [-0.8968453212996259, 2.145316], "z": [0.14844667508380316, 2.454888554056909]}, "view_id": 0, "vanishing_points_gaussian_sphere": {"y": [0.7291631994238, -0.1415360424079495, -0.6695435589306664], "x": [0.6843396258759894, 0.15159605609574886, 0.7132306164433252], "z": [-0.0005523241426301645, 0.9782567068391148, -0.20739698759223044]}, "camera_rotation_from_original_to_final": [-0.18151967227458954, -0.08918769657611847, 0.3527091443538666], "point_normal": [-0.999993622303009, 0.003498116275295615, -0.0008064580033533275], "skybox_img_path": "./img/high/c3d17a6983f9472b926dbc4e505ec89c_skybox4.jpg", "room": "0_5", "camera_distance": 3.1479781362354156, "obliqueness_angle": 0.7731196880340576, "camera_rotation_final": [1.7797096967697144, 0.0005523241707123816, -2.3244941234588623], "skybox_img": 4, "resolution": 512}