{"model_rotation_degrees": 0.0, "vanishing_points_image": {"y": [403.01044991275865, 267.6695815168667], "x": [325.49276668533327, 156.98726779169002], "z": [256.4976565139829, 120.79769287081925]}, "point_uuid": "17", "field_of_view_rads": 1.3089969389957472, "point_pitch": 0.3437153855946402, "camera_rotation_original": [1.5784746408462524, 0.0036877563688904047, -0.2543734312057495], "camera_uuid": "cd8bc18ce92741768974d88f6ccbaad1", "camera_location": [3.10099, 5.636439, 1.471228], "nonfixated_points_in_view": [32, 34, 67, 68, 37, 5, 99, 8, 104, 77, 47, 49, 87, 91, 60, 29], "point_location": [2.4947097301483154, 2.995417356491089, 2.417383909225464], "bounding_box_ranges": {"y": [-0.015060525096583177, 4.559924492090449], "x": [-0.9802047709587249, 5.636439], "z": [-0.01229051112994406, 2.443113415544131]}, "view_id": 6, "vanishing_points_gaussian_sphere": {"y": [0.9743700140619284, -0.07734477592194197, -0.21123650568626212], "x": [0.22492443108114127, 0.32047051116247716, 0.9201671868623036], "z": [0.003475053925136626, 0.9440955656673985, -0.3296535861891574]}, "camera_rotation_from_original_to_final": [0.3167421519756317, -0.08798230439424515, -3.1281816959381104], "point_normal": [-0.07032286375761032, -0.015370506793260574, -0.9974059462547302], "skybox_img_path": "./img/high/cd8bc18ce92741768974d88f6ccbaad1_skybox2.jpg", "room": "0_2", "camera_distance": 2.870153561232144, "obliqueness_angle": 1.2663133144378662, "camera_rotation_final": [1.9067350625991821, -0.0034750609192997217, 2.9147257804870605], "skybox_img": 2, "resolution": 512}