{"model_rotation_degrees": 0.0, "vanishing_points_image": {"y": [447.0924688883972, 265.08488117339346], "x": [130.90468183985993, 283.81944437456633], "z": [256.39994673729757, 81.22479595870294]}, "point_uuid": "100", "field_of_view_rads": 1.3089969389957472, "point_pitch": -0.09240154822799163, "camera_rotation_original": [1.5785322189331055, -0.004439795855432749, -0.3697104752063751], "camera_uuid": "b20b2b0634e241d794127bb70d0381ec", "camera_location": [4.119016, 3.356542, 1.473925], "nonfixated_points_in_view": [0, 33, 65, 66, 97, 98, 70, 44, 46, 79, 19, 20, 52, 54, 89, 26, 93, 63], "point_location": [-0.7310943007469177, 1.1805037260055542, 0.9350513815879822], "bounding_box_ranges": {"y": [-0.7416985647899788, 4.119016], "x": [-0.7310866259946422, 4.197819502598476], "z": [-0.014088518614506551, 2.445295845067953]}, "view_id": 0, "vanishing_points_gaussian_sphere": {"y": [0.9122824223523668, -0.043371554367677284, 0.4072587508435264], "x": [-0.4095553669697474, -0.09107936985407024, 0.9077273543158547], "z": [0.0022766759043537583, 0.9948987167841343, 0.10085316102190074]}, "camera_rotation_from_original_to_final": [-0.10069556534290314, 0.04122696444392204, 2.3600313663482666], "point_normal": [0.9999203085899353, -0.007213909178972244, 0.010363196954131126], "skybox_img_path": "./img/high/b20b2b0634e241d794127bb70d0381ec_skybox2.jpg", "room": "0_2", "camera_distance": 5.343135820753328, "obliqueness_angle": 0.4376213550567627, "camera_rotation_final": [1.469771146774292, -0.0022766778711229563, 1.9927641153335571], "skybox_img": 2, "resolution": 512}