{"model_rotation_degrees": 0.0, "vanishing_points_image": {"y": [441.9509711825875, 243.20051597712228], "x": [165.3145604108926, 185.0754141603644], "z": [256.4992831268407, 111.10425738696311]}, "point_uuid": "79", "field_of_view_rads": 1.3089969389957472, "point_pitch": 0.2474857131626944, "camera_rotation_original": [1.5785322189331055, -0.004439795855432749, -0.3697104752063751], "camera_uuid": "b20b2b0634e241d794127bb70d0381ec", "camera_location": [4.119016, 3.356542, 1.473925], "nonfixated_points_in_view": [0, 33, 65, 66, 97, 98, 70, 100, 44, 46, 18, 19, 20, 52, 54, 89, 26, 93, 63], "point_location": [0.4133884310722351, 2.225884199142456, 2.4188120365142822], "bounding_box_ranges": {"y": [-0.7416983291182753, 4.119016], "x": [-0.7365735683895807, 4.195845055333708], "z": [-0.011934117311904746, 2.4442377724780413]}, "view_id": 1, "vanishing_points_gaussian_sphere": {"y": [0.9567007586409191, 0.06585217596349988, 0.28352627627216875], "x": [-0.29105403544359026, 0.2276317677272501, 0.9292315786569937], "z": [0.0033476660363973396, 0.9715180231175536, -0.2369420264323517]}, "camera_rotation_from_original_to_final": [0.2166854590177536, -0.08208391815423965, 2.227809190750122], "point_normal": [-0.0014863654505461454, 0.008470503613352776, -0.9999630451202393], "skybox_img_path": "./img/high/b20b2b0634e241d794127bb70d0381ec_skybox3.jpg", "room": "0_2", "camera_distance": 3.9878408878231637, "obliqueness_angle": 1.3305377960205078, "camera_rotation_final": [1.8100147247314453, -0.00334767228923738, 1.8661264181137085], "skybox_img": 3, "resolution": 512}