{"model_rotation_degrees": 0.0, "vanishing_points_image": {"y": [427.54558112524666, 255.60103666321555], "x": [237.14491080294292, 190.07658522706473], "z": [257.44715539991057, 107.59984695563546]}, "point_uuid": "66", "field_of_view_rads": 1.3089969389957472, "point_pitch": 0.19980605045822664, "camera_rotation_original": [1.577962040901184, 0.007169065065681934, 1.18436598777771], "camera_uuid": "57ed0722da4246b593ad7c4c816002a1", "camera_location": [0.693011, 5.590496, 1.490906], "nonfixated_points_in_view": [5, 20, 25, 30, 44, 46, 49, 51, 52, 60, 65, 67, 68, 70, 77, 79, 87, 92, 95, 98, 99, 100, 104], "point_location": [0.9620901942253113, 1.094639778137207, 2.4188599586486816], "bounding_box_ranges": {"y": [-0.7416979631405236, 3.37830183456542], "x": [-0.9805046237155262, 5.590496], "z": [-0.01944325096653965, 2.4435944227047415]}, "view_id": 2, "vanishing_points_gaussian_sphere": {"y": [0.9982838158499836, 0.002321707383057846, 0.0585152346558015], "x": [-0.05777722945483542, 0.2020076501349386, 0.9776782195812095], "z": [0.009550642309256441, 0.9793811918562597, -0.20179510962779287]}, "camera_rotation_from_original_to_final": [0.09026574343442917, 0.17505286633968353, 2.0231990814208984], "point_normal": [0.0004684966115746647, -0.0036102260928601027, -0.9999933838844299], "skybox_img_path": "./img/high/57ed0722da4246b593ad7c4c816002a1_skybox3.jpg", "room": "0_2", "camera_distance": 4.598502672694723, "obliqueness_angle": 1.3712379932403564, "camera_rotation_final": [1.773996114730835, -0.009550787508487701, 3.199404716491699], "skybox_img": 3, "resolution": 512}