{"model_rotation_degrees": 0.0, "vanishing_points_image": {"y": [428.46706607486453, 260.7521854938113], "x": [231.4637208588128, 324.9315660698812], "z": [258.18093593201536, 73.57910728063749]}, "point_uuid": "77", "field_of_view_rads": 1.3089969389957472, "point_pitch": -0.2145605524394174, "camera_rotation_original": [1.5824408531188965, 0.001023429213091731, 1.5184667110443115], "camera_uuid": "82b91818426544f3b6c43aa394ec0dd3", "camera_location": [0.187142, 2.810302, 1.478821], "nonfixated_points_in_view": [99, 68, 5, 100, 104, 44, 60, 87, 92, 95], "point_location": [0.4619338810443878, -0.9496098160743713, 0.6554995775222778], "bounding_box_ranges": {"y": [-0.7399319514451986, 3.3860580098698825], "x": [-0.9795766532066716, 2.810302], "z": [-0.018056072581873917, 2.4453099327104404]}, "view_id": 6, "vanishing_points_gaussian_sphere": {"y": [0.9970827775381762, -0.027473780469421085, 0.07121183977032321], "x": [-0.0754289515410304, -0.21190807810808215, 0.9743743837468019], "z": [0.011679383809817217, 0.9769033513194931, 0.21336221355846013]}, "camera_rotation_from_original_to_final": [0.0009287307038903236, -0.22702361643314362, 1.6973129510879517], "point_normal": [-0.0525255911052227, 0.9985538125038147, -0.011466664262115955], "skybox_img_path": "./img/high/82b91818426544f3b6c43aa394ec0dd3_skybox3.jpg", "room": "0_2", "camera_distance": 3.858795797268099, "obliqueness_angle": 0.22738565504550934, "camera_rotation_final": [1.3557662963867188, -0.011679649353027344, 3.2170984745025635], "skybox_img": 3, "resolution": 512}