{"model_rotation_degrees": 0.0, "vanishing_points_image": {"y": [440.7347403169649, 267.70379226201624], "x": [171.75943912937004, 314.98107087373205], "z": [257.7431838592675, 74.66481188091292]}, "point_uuid": "89", "field_of_view_rads": 1.3089969389957472, "point_pitch": -0.18758408626052336, "camera_rotation_original": [1.5771442651748657, -0.011866987682878971, -1.0165622234344482], "camera_uuid": "22149045c4a4476eb44710bdb469a325", "camera_location": [2.693772, -0.285035, 1.48261], "nonfixated_points_in_view": [0, 10, 13, 17, 18, 19, 33, 38, 48, 53, 54, 56, 63, 74, 79, 80, 83, 84, 85, 86, 91, 93, 97], "point_location": [1.5399540662765503, 3.9235665798187256, 0.6108058094978333], "bounding_box_ranges": {"y": [-0.7416982437609123, 4.241776485254006], "x": [-0.285035, 6.886979159943165], "z": [-0.01594854582565941, 2.4453090850336725]}, "view_id": 4, "vanishing_points_gaussian_sphere": {"y": [0.9638704597310931, -0.06106561012201136, 0.2592773189428606], "x": [-0.2662045848527207, -0.18638327337614893, 0.9457253271478894], "z": [0.009426338693362513, 0.9805775169082852, 0.19590527678656278]}, "camera_rotation_from_original_to_final": [-0.10631094872951508, 0.1738991141319275, 1.2745777368545532], "point_normal": [0.01606062240898609, -0.9996132850646973, -0.022704102098941803], "skybox_img_path": "./img/high/22149045c4a4476eb44710bdb469a325_skybox3.jpg", "room": "0_2", "camera_distance": 4.450130848085971, "obliqueness_angle": 0.33296987414360046, "camera_rotation_final": [1.3736069202423096, -0.009426478296518326, 0.2694656550884247], "skybox_img": 3, "resolution": 512}