{"model_rotation_degrees": 0.0, "vanishing_points_image": {"y": [434.02782896043044, 196.5640687569212], "x": [81.7159362491229, 190.58762246897558], "z": [257.2318065003539, 123.49325408838618]}, "point_uuid": "67", "field_of_view_rads": 1.3089969389957472, "point_pitch": 0.37003572384384675, "camera_rotation_original": [1.5824408531188965, 0.001023429213091731, 1.5184667110443115], "camera_uuid": "82b91818426544f3b6c43aa394ec0dd3", "camera_location": [0.187142, 2.810302, 1.478821], "nonfixated_points_in_view": [32, 34, 99, 68, 5, 15, 87, 91], "point_location": [1.9129235744476318, 1.0338019132614136, 2.4173190593719482], "bounding_box_ranges": {"y": [0.11288574938222581, 3.3825169598720586], "x": [-0.9790084191632724, 2.865109393193398], "z": [0.017756489540698306, 2.444398558469299]}, "view_id": 4, "vanishing_points_gaussian_sphere": {"y": [0.7195356459609851, 0.24022239348763233, 0.6515839591783865], "x": [-0.6944011032159659, 0.2606229516569556, 0.6707330205991544], "z": [0.008692643093878044, 0.9350769373354737, -0.35433819892773794]}, "camera_rotation_from_original_to_final": [0.029384387657046318, 0.34952419996261597, 2.39729642868042], "point_normal": [-2.1528958313865587e-05, -0.026295719668269157, -0.999654233455658], "skybox_img_path": "./img/high/82b91818426544f3b6c43aa394ec0dd3_skybox2.jpg", "room": "0_2", "camera_distance": 2.6485945843498424, "obliqueness_angle": 1.2275006771087646, "camera_rotation_final": [1.9330168962478638, -0.008692752569913864, 3.9092164039611816], "skybox_img": 2, "resolution": 512}