{"model_rotation_degrees": 0.0, "vanishing_points_image": {"y": [355.820223081191, 241.04155725075196], "x": [424.61644848559007, 298.10171784082155], "z": [257.04597319239787, 74.73129434930426]}, "point_uuid": "20", "field_of_view_rads": 1.3089969389957472, "point_pitch": -0.18899075587722258, "camera_rotation_original": [1.579675316810608, 0.0016688042087480426, -0.18222443759441376], "camera_uuid": "421bc59cb37942a2a1b69459e69c6733", "camera_location": [4.087351, 5.595419, 1.470996], "nonfixated_points_in_view": [65, 66, 67, 68, 37, 70, 98, 40, 99, 104, 44, 77, 92, 48, 17, 49, 84, 60, 29, 95], "point_location": [-0.5246977210044861, -0.1719522625207901, 0.0045468444004654884], "bounding_box_ranges": {"y": [-0.7373172800455201, 4.131927744280133], "x": [-0.9685491393588439, 5.595419], "z": [-0.01658135912034764, 2.4452917996404624]}, "view_id": 2, "vanishing_points_gaussian_sphere": {"y": [0.7816796889892024, 0.11713769529932289, -0.6125811163933369], "x": [0.62365441697981, -0.15571981576939656, 0.7660329674095747], "z": [0.005659682262922769, 0.9808313307173198, 0.19477645822833559]}, "camera_rotation_from_original_to_final": [-0.20290862023830414, 0.029705291613936424, 2.646960735321045], "point_normal": [0.030930928885936737, 0.04486192762851715, 0.9985142946243286], "skybox_img_path": "./img/high/421bc59cb37942a2a1b69459e69c6733_skybox2.jpg", "room": "0_2", "camera_distance": 7.528880051134521, "obliqueness_angle": 1.3203870058059692, "camera_rotation_final": [1.3747636079788208, -0.005659712478518486, 2.4681708812713623], "skybox_img": 2, "resolution": 512}