{"model_rotation_degrees": 0.0, "vanishing_points_image": {"y": [447.57604301019353, 274.73101489017307], "x": [114.91889323221909, 298.1995775058491], "z": [257.18916243753097, 76.54604514660944]}, "point_uuid": "34", "field_of_view_rads": 1.3089969389957472, "point_pitch": -0.1575241525981088, "camera_rotation_original": [1.5827999114990234, -0.0022284637670964003, 1.2485463619232178], "camera_uuid": "de06f753bd6d4114a5c6e6a781ee950a", "camera_location": [0.724806, 4.289951, 1.483605], "nonfixated_points_in_view": [32, 66, 67, 68, 5, 37, 99, 104, 77, 15, 47, 49, 87, 25, 91, 60, 29, 30], "point_location": [3.3761699199676514, -0.5724191069602966, 0.5452693700790405], "bounding_box_ranges": {"y": [-0.20760646525388238, 3.5607890195697385], "x": [-0.98070688908492, 4.289951], "z": [-0.017925209216873794, 2.4453084788159543]}, "view_id": 3, "vanishing_points_gaussian_sphere": {"y": [0.8774100096879498, -0.0857872398762167, 0.4720087121799898], "x": [-0.47969676964065117, -0.14348484693330352, 0.8656229594325988], "z": [0.006533306644873417, 0.9859273036968532, 0.16704690278283263]}, "camera_rotation_from_original_to_final": [-0.05334171652793884, -0.17188182473182678, 2.3971736431121826], "point_normal": [-0.9998093843460083, 0.0164660457521677, -0.010493502952158451], "skybox_img_path": "./img/high/de06f753bd6d4114a5c6e6a781ee950a_skybox2.jpg", "room": "0_2", "camera_distance": 5.617192099918185, "obliqueness_angle": 1.0650970935821533, "camera_rotation_final": [1.4029589891433716, -0.006533353123813868, 3.641913414001465], "skybox_img": 2, "resolution": 512}