{"model_rotation_degrees": 0.0, "vanishing_points_image": {"y": [368.75192060724925, 252.25262741552356], "x": [407.8137955532498, 270.842105581612], "z": [256.44492052432724, 84.46436084395472]}, "point_uuid": "44", "field_of_view_rads": 1.3089969389957472, "point_pitch": -0.06624822219344573, "camera_rotation_original": [1.5785316228866577, 0.0028458000160753727, 1.9192692041397095], "camera_uuid": "4c0d1c450c3c414c8e903e49190ad5f3", "camera_location": [0.164657, 1.413222, 1.481392], "nonfixated_points_in_view": [104], "point_location": [-0.7255545258522034, -0.037398211658000946, 1.381843090057373], "bounding_box_ranges": {"y": [-0.7341649511624349, 0.4540315552238982], "x": [-0.9558690684067426, 1.413222], "z": [-0.010350621742999389, 2.4453089174316887]}, "view_id": 0, "vanishing_points_gaussian_sphere": {"y": [0.8523837530658032, 0.028329446545024655, -0.5221488101757089], "x": [0.5229103488680186, -0.05112243310519439, 0.8508532563727614], "z": [0.0025893157750922075, 0.9982905084652751, 0.05838969217215777]}, "camera_rotation_from_original_to_final": [0.027730638161301613, -0.06031923368573189, 0.6712315082550049], "point_normal": [0.9999316930770874, 0.0004343015607446432, -0.011684787459671497], "skybox_img_path": "./img/high/4c0d1c450c3c414c8e903e49190ad5f3_skybox4.jpg", "room": "0_2", "camera_distance": 1.7049003944862606, "obliqueness_angle": 1.0218364000320435, "camera_rotation_final": [1.5123732089996338, -0.0025893186684697866, 2.5913288593292236], "skybox_img": 4, "resolution": 512}