{"model_rotation_degrees": 0.0, "vanishing_points_image": {"y": [401.8740183650813, 269.46754391269377], "x": [328.8742605144323, 150.89355473295015], "z": [256.7635496170128, 123.6086213388006]}, "point_uuid": "74", "field_of_view_rads": 1.3089969389957472, "point_pitch": 0.36402399937180085, "camera_rotation_original": [1.5762215852737427, -0.0002412118628853932, -1.888368844985962], "camera_uuid": "029e8bd017804e6aba4c5206f049bf52", "camera_location": [2.031441, 2.853197, 1.471538], "nonfixated_points_in_view": [75, 16, 18, 84, 85, 56, 31], "point_location": [2.624454975128174, 5.289552211761475, 2.424999952316284], "bounding_box_ranges": {"y": [1.3330232802804491, 4.672410287612241], "x": [2.853197, 6.892853483202451], "z": [0.6151214394267399, 2.4398552873121173]}, "view_id": 0, "vanishing_points_gaussian_sphere": {"y": [0.9711312108604333, -0.08965785939013458, -0.2210557385419514], "x": [0.23848503421955716, 0.3439666353972014, 0.9081915228556284], "z": [0.005390709233983632, 0.9346916186545741, -0.35541879279358185]}, "camera_rotation_from_original_to_final": [-0.12144101411104202, -0.3375871777534485, 1.6692986488342285], "point_normal": [0.009722517803311348, -0.0022673839703202248, -0.9999501705169678], "skybox_img_path": "./img/high/029e8bd017804e6aba4c5206f049bf52_skybox3.jpg", "room": "0_2", "camera_distance": 2.6826445387538485, "obliqueness_angle": 1.2075495719909668, "camera_rotation_final": [1.9341639280319214, -0.0053907353430986404, -0.2408091425895691], "skybox_img": 3, "resolution": 512}