{"model_rotation_degrees": 0.0, "vanishing_points_image": {"y": [445.60483703926036, 283.90712416113706], "x": [127.9886782125977, 339.0385519368367], "z": [254.41656495887156, 68.08982436186787]}, "point_uuid": "63", "field_of_view_rads": 1.3089969389957472, "point_pitch": -0.31845347484084563, "camera_rotation_original": [1.5785316228866577, 0.0028458000160753727, 1.9192692041397095], "camera_uuid": "4c0d1c450c3c414c8e903e49190ad5f3", "camera_location": [0.164657, 1.413222, 1.481392], "nonfixated_points_in_view": [0, 86, 10, 19, 38], "point_location": [-0.73255854845047, 3.2270584106445312, 0.8098087310791016], "bounding_box_ranges": {"y": [-0.7416931403310361, 1.3289181311722953], "x": [1.413222, 6.515472174742286], "z": [-0.009045107210725156, 2.4452959073851845]}, "view_id": 5, "vanishing_points_gaussian_sphere": {"y": [0.8974817756321457, -0.13209649994181263, 0.4208051533801527], "x": [-0.4409790300522714, -0.28605485498279615, 0.8507115345373715], "z": [-0.007997340953657657, 0.9490643469459246, 0.3149808055957963]}, "camera_rotation_from_original_to_final": [0.11054584383964539, -0.30967700481414795, -1.4780409336090088], "point_normal": [0.9999049305915833, 0.009478474967181683, -0.010022217407822609], "skybox_img_path": "./img/high/4c0d1c450c3c414c8e903e49190ad5f3_skybox1.jpg", "room": "0_2", "camera_distance": 2.1321403366479266, "obliqueness_angle": 1.1488412618637085, "camera_rotation_final": [1.2503492832183838, 0.007997426204383373, 0.45670491456985474], "skybox_img": 1, "resolution": 512}