{"model_rotation_degrees": 0.0, "vanishing_points_image": {"y": [350.09577915255704, 244.62267794254106], "x": [431.7207371397598, 282.70102687606663], "z": [255.78576772166284, 78.72136046433309]}, "point_uuid": "48", "field_of_view_rads": 1.3089969389957472, "point_pitch": -0.12766747077437834, "camera_rotation_original": [1.5785316228866577, 0.0028458000160753727, 1.9192692041397095], "camera_uuid": "4c0d1c450c3c414c8e903e49190ad5f3", "camera_location": [0.164657, 1.413222, 1.481392], "nonfixated_points_in_view": [35, 39, 8, 9, 72, 11, 12, 13, 14, 73, 16, 17, 18, 51, 75, 53, 83, 89, 94, 31], "point_location": [2.8807075023651123, 4.485979080200195, 0.9209252595901489], "bounding_box_ranges": {"y": [0.164657, 5.923284191134918], "x": [1.413222, 6.8775252494286265], "z": [-0.013527130346943972, 2.4453117078657476]}, "view_id": 2, "vanishing_points_gaussian_sphere": {"y": [0.7491487112137317, 0.09058117413098961, -0.65617928905129], "x": [0.6624007660876895, -0.10065277977958463, 0.7423572206216388], "z": [-0.001197319191722268, 0.9907896188473585, 0.1354049393894453]}, "camera_rotation_from_original_to_final": [0.05085296928882599, -0.1343166083097458, -2.646419048309326], "point_normal": [0.022127626463770866, -0.008345723152160645, 0.9997203350067139], "skybox_img_path": "./img/high/4c0d1c450c3c414c8e903e49190ad5f3_skybox2.jpg", "room": "0_2", "camera_distance": 4.1391897161107085, "obliqueness_angle": 1.4434092044830322, "camera_rotation_final": [1.4349740743637085, 0.0011973194777965546, -0.7240195274353027], "skybox_img": 2, "resolution": 512}