{"model_rotation_degrees": 0.0, "vanishing_points_image": {"y": [441.2377185378098, 267.83803643951705], "x": [170.21784407360133, 333.35460707999135], "z": [254.14550479046346, 71.1014737362363]}, "point_uuid": "104", "field_of_view_rads": 1.3089969389957472, "point_pitch": -0.24925117095443206, "camera_rotation_original": [1.5771442651748657, -0.011866987682878971, -1.0165622234344482], "camera_uuid": "22149045c4a4476eb44710bdb469a325", "camera_location": [2.693772, -0.285035, 1.48261], "nonfixated_points_in_view": [65, 44, 77, 95], "point_location": [0.4250602126121521, -0.9414658546447754, 0.857938289642334], "bounding_box_ranges": {"y": [-0.7377384871940844, 2.693772], "x": [-0.9653129598831929, 1.2312849827238252], "z": [-0.007256584599679705, 2.445309330127937]}, "view_id": 8, "vanishing_points_gaussian_sphere": {"y": [0.9612628222415596, -0.061431680369815514, 0.26870045631359235], "x": [-0.27546284038527286, -0.24840037596424783, 0.92866435098355], "z": [-0.009695882789597715, 0.9667075058505346, 0.255700191609567]}, "camera_rotation_from_original_to_final": [-0.12354675680398941, 0.2359493225812912, 2.851492166519165], "point_normal": [0.531001091003418, 0.8473368883132935, 0.007627560757100582], "skybox_img_path": "./img/high/22149045c4a4476eb44710bdb469a325_skybox2.jpg", "room": "0_2", "camera_distance": 2.442983712790072, "obliqueness_angle": 0.7630203366279602, "camera_rotation_final": [1.3122119903564453, 0.009696034714579582, 1.8498809337615967], "skybox_img": 2, "resolution": 512}