{"model_rotation_degrees": 0.0, "vanishing_points_image": {"y": [434.83631142197595, 257.4964595507799], "x": [203.94360763486927, 257.9542840406405], "z": [257.20900012349875, 88.59629477598202]}, "point_uuid": "102", "field_of_view_rads": 1.3089969389957472, "point_pitch": -0.01649598678084807, "camera_rotation_original": [1.5825356245040894, -0.0012060842709615827, -0.39747294783592224], "camera_uuid": "f9db34b350e54e138bcc5d0815a85293", "camera_location": [5.237017, 3.272563, 1.485191], "nonfixated_points_in_view": [88, 59, 45, 7], "point_location": [4.779278755187988, 6.134219169616699, 1.4644339084625244], "bounding_box_ranges": {"y": [1.5123578205565749, 5.923274400231676], "x": [3.272563, 6.893038877943443], "z": [-0.008824143577213173, 2.4453122539105996]}, "view_id": 1, "vanishing_points_gaussian_sphere": {"y": [0.9874135229034282, -0.008262440581384322, 0.15794387250881348], "x": [-0.15799487962477854, -0.005931392048605423, 0.9874221167265383], "z": [0.007221689538673032, 0.9999482739942126, 0.007162160023497561]}, "camera_rotation_from_original_to_final": [-0.01975666545331478, 0.0017691627144813538, 0.5560396909713745], "point_normal": [0.999971330165863, 0.007203713059425354, 0.0023304445203393698], "skybox_img_path": "./img/high/f9db34b350e54e138bcc5d0815a85293_skybox4.jpg", "room": "0_2", "camera_distance": 2.898108299868515, "obliqueness_angle": 1.4193754196166992, "camera_rotation_final": [1.563633918762207, -0.0072217523120343685, 0.15866386890411377], "skybox_img": 4, "resolution": 512}