{"model_rotation_degrees": 0.0, "vanishing_points_image": {"y": [419.04508769515166, 256.1677044620789], "x": [270.7220743125453, 263.3999874255735], "z": [256.33874836451696, 87.36150844288281]}, "point_uuid": "87", "field_of_view_rads": 1.3089969389957472, "point_pitch": -0.013863845667566821, "camera_rotation_original": [1.5784746408462524, 0.0036877563688904047, -0.2543734312057495], "camera_uuid": "cd8bc18ce92741768974d88f6ccbaad1", "camera_location": [3.10099, 5.636439, 1.471228], "nonfixated_points_in_view": [32, 34, 67, 68, 5, 37, 99, 8, 104, 77, 47, 17, 49, 91, 60, 29], "point_location": [2.8112218379974365, -0.9091724157333374, 1.3261260986328125], "bounding_box_ranges": {"y": [0.00045194789138802705, 5.923280616986215], "x": [-0.9781588736553637, 5.636439], "z": [-0.011729847538862304, 2.445178731733553]}, "view_id": 5, "vanishing_points_gaussian_sphere": {"y": [0.9990215022082546, -0.001027570753596529, -0.04421518092136221], "x": [0.0441815022765505, -0.022207642370804914, 0.9987766594574172], "z": [0.0020082286098953308, 0.9997528518182266, 0.02214051262219587]}, "camera_rotation_from_original_to_final": [-0.030294358730316162, 0.001991842407733202, -2.93142032623291], "point_normal": [0.32426273822784424, 0.9422584772109985, 0.08368226140737534], "skybox_img_path": "./img/high/cd8bc18ce92741768974d88f6ccbaad1_skybox2.jpg", "room": "0_2", "camera_distance": 6.553628621432089, "obliqueness_angle": 0.2932973802089691, "camera_rotation_final": [1.5486539602279663, -0.002008229959756136, -3.185788631439209], "skybox_img": 2, "resolution": 512}