{"model_rotation_degrees": 0.0, "vanishing_points_image": {"y": [434.0323782292333, 259.9927623189117], "x": [207.6808613142671, 309.8297030448078], "z": [255.51664471043878, 76.55651173538996]}, "point_uuid": "0", "field_of_view_rads": 1.3089969389957472, "point_pitch": -0.16288952430221038, "camera_rotation_original": [1.5762215852737427, -0.0002412118628853932, -1.888368844985962], "camera_uuid": "029e8bd017804e6aba4c5206f049bf52", "camera_location": [2.031441, 2.853197, 1.471538], "nonfixated_points_in_view": [33, 100, 46, 19, 52, 54, 26, 63], "point_location": [-0.735573410987854, 2.436551332473755, 0.9980431199073792], "bounding_box_ranges": {"y": [-0.7416911353036988, 2.031441], "x": [-0.17814464462093849, 4.126049682206849], "z": [-0.009112513303341174, 2.44530957055579]}, "view_id": 1, "vanishing_points_gaussian_sphere": {"y": [0.9889160152510029, -0.0221785870723945, 0.146810166730886], "x": [-0.14845221834368677, -0.165382476739867, 0.9749926026674386], "z": [-0.0026558706513464315, 0.9859800944556942, 0.16684184034055652]}, "camera_rotation_from_original_to_final": [0.05731097608804703, 0.16340111196041107, -2.6701130867004395], "point_normal": [0.9999862313270569, -0.0052603865042328835, 7.381608156720176e-05], "skybox_img_path": "./img/high/029e8bd017804e6aba4c5206f049bf52_skybox2.jpg", "room": "0_2", "camera_distance": 2.837985247867691, "obliqueness_angle": 0.2275630086660385, "camera_rotation_final": [1.4031699895858765, 0.0026558737736195326, -4.563385486602783], "skybox_img": 2, "resolution": 512}