{"model_rotation_degrees": 0.0, "vanishing_points_image": {"y": [423.8212341429001, 257.6218220843254], "x": [252.5531633146663, 201.12457933745983], "z": [257.78182554785207, 104.18373271066544]}, "point_uuid": "74", "field_of_view_rads": 1.3089969389957472, "point_pitch": 0.17433734337357087, "camera_rotation_original": [1.5771442651748657, -0.011866987682878971, -1.0165622234344482], "camera_uuid": "22149045c4a4476eb44710bdb469a325", "camera_location": [2.693772, -0.285035, 1.48261], "nonfixated_points_in_view": [89, 97, 38, 10, 13, 48, 17, 18, 80, 83, 53, 84, 85, 56, 86, 91, 93], "point_location": [2.624454975128174, 5.289552211761475, 2.424999952316284], "bounding_box_ranges": {"y": [-0.6916880568447343, 4.225305328317526], "x": [-0.285035, 6.885274297462847], "z": [-0.015276500419402206, 2.4441332309156776]}, "view_id": 3, "vanishing_points_gaussian_sphere": {"y": [0.9998781586697919, -0.009662808688347855, 0.0122596061665507], "x": [-0.01047675116688557, 0.16679529085490866, 0.9859358846464682], "z": [0.011571754408632277, 0.9859441977499938, -0.16667373345259737]}, "camera_rotation_from_original_to_final": [0.08544421941041946, -0.13675014674663544, 1.0230772495269775], "point_normal": [0.009722517803311348, -0.0022673839703202248, -0.9999501705169678], "skybox_img_path": "./img/high/22149045c4a4476eb44710bdb469a325_skybox3.jpg", "room": "0_2", "camera_distance": 5.654107242164842, "obliqueness_angle": 1.40096116065979, "camera_rotation_final": [1.7382628917694092, -0.011572012677788734, 0.010477644391357899], "skybox_img": 3, "resolution": 512}