{"model_rotation_degrees": 0.0, "vanishing_points_image": {"y": [377.3214402028573, 244.46870828320291], "x": [390.4480273862655, 312.26177444109106], "z": [258.19651171543654, 73.89566318362873]}, "point_uuid": "48", "field_of_view_rads": 1.3089969389957472, "point_pitch": -0.20946566661330657, "camera_rotation_original": [1.5825356245040894, -0.0012060842709615827, -0.39747294783592224], "camera_uuid": "f9db34b350e54e138bcc5d0815a85293", "camera_location": [5.237017, 3.272563, 1.485191], "nonfixated_points_in_view": [0, 33, 97, 38, 74, 43, 17, 18, 19, 84, 93, 54, 86, 89, 61, 63], "point_location": [2.8807075023651123, 4.485979080200195, 0.9209252595901489], "bounding_box_ranges": {"y": [-0.7416973566070508, 5.237017], "x": [2.073147280917895, 6.873918113929297], "z": [-0.012493542184567774, 2.445307126864101]}, "view_id": 9, "vanishing_points_gaussian_sphere": {"y": [0.8901273285929614, 0.08460431951628794, -0.4477895130651723], "x": [0.4555591946329627, -0.19063551285411517, 0.8695538634404513], "z": [0.011796570574735077, 0.978008287468994, 0.20823215545309262]}, "camera_rotation_from_original_to_final": [-0.20878353714942932, 0.07532214373350143, 1.4858918190002441], "point_normal": [0.022127626463770866, -0.008345723152160645, 0.9997203350067139], "skybox_img_path": "./img/high/f9db34b350e54e138bcc5d0815a85293_skybox3.jpg", "room": "0_2", "camera_distance": 2.709791413924509, "obliqueness_angle": 1.3375345468521118, "camera_rotation_final": [1.3610143661499023, -0.011796844191849232, 1.0977604389190674], "skybox_img": 3, "resolution": 512}