{"model_rotation_degrees": 0.0, "vanishing_points_image": {"y": [364.2126814703534, 247.69075971302047], "x": [414.8136610438261, 278.6914257637479], "z": [254.57346652126347, 81.15708692065053]}, "point_uuid": "88", "field_of_view_rads": 1.3089969389957472, "point_pitch": -0.09092132647963957, "camera_rotation_original": [1.5832126140594482, -0.005904497113078833, -2.351900577545166], "camera_uuid": "8e7c8e51a2d64a5a8e7440b999e23572", "camera_location": [6.274282, 5.9431, 1.470975], "nonfixated_points_in_view": [102], "point_location": [4.890251636505127, 6.875192165374756, 1.3001559972763062], "bounding_box_ranges": {"y": [4.772568024357309, 6.274282], "x": [5.780813409746855, 6.906183143450139], "z": [0.10133263131593861, 2.453288914933492]}, "view_id": 0, "vanishing_points_gaussian_sphere": {"y": [0.8289478747913723, 0.06365175489075733, -0.5556922484417022], "x": [0.5592669731761373, -0.0799085224818298, 0.82512731184295], "z": [-0.008116254879514638, 0.994767853387964, 0.10183832418413462]}, "camera_rotation_from_original_to_final": [0.09067428857088089, 0.07130078226327896, -2.9506490230560303], "point_normal": [-0.3560677468776703, -0.9324744939804077, 0.06088721379637718], "skybox_img_path": "./img/high/8e7c8e51a2d64a5a8e7440b999e23572_skybox2.jpg", "room": "0_7", "camera_distance": 1.677353569818437, "obliqueness_angle": 1.338134765625, "camera_rotation_final": [1.4687777757644653, 0.0081163439899683, -5.305912494659424], "skybox_img": 2, "resolution": 512}