{"model_rotation_degrees": 0.0, "vanishing_points_image": {"y": [386.56378174558154, 252.91795112255613], "x": [371.5338701419328, 278.89029862240005], "z": [257.2372183920086, 83.05815580446685]}, "point_uuid": "40", "field_of_view_rads": 1.3089969389957472, "point_pitch": -0.06947116454574065, "camera_rotation_original": [1.577962040901184, 0.007169065065681934, 1.18436598777771], "camera_uuid": "57ed0722da4246b593ad7c4c816002a1", "camera_location": [0.693011, 5.590496, 1.490906], "nonfixated_points_in_view": [16, 41, 75, 51, 31], "point_location": [2.0231661796569824, 5.056236743927002, 1.3807868957519531], "bounding_box_ranges": {"y": [0.693011, 5.095377047331437], "x": [4.249983312779523, 6.71177072568687], "z": [-0.01483762836616287, 2.4424530072806308]}, "view_id": 3, "vanishing_points_gaussian_sphere": {"y": [0.9281276915767572, 0.0219090996883255, -0.37161671044134564], "x": [0.3721936483947155, -0.07374135174948508, 0.9252211093229497], "z": [0.0071327570427422125, 0.9970367116576028, 0.07659581831904065]}, "camera_rotation_from_original_to_final": [-0.01840059831738472, -0.08303932100534439, -3.1357779502868652], "point_normal": [-0.03456440567970276, 0.9993947744369507, 0.00392730301246047], "skybox_img_path": "./img/high/57ed0722da4246b593ad7c4c816002a1_skybox2.jpg", "room": "0_2", "camera_distance": 1.437661984312203, "obliqueness_angle": 1.1552690267562866, "camera_rotation_final": [1.4941234588623047, -0.007132817525416613, -1.952177882194519], "skybox_img": 2, "resolution": 512}