{"model_rotation_degrees": 0.0, "vanishing_points_image": {"y": [367.27033413980956, 245.2040477211782], "x": [409.78508997959204, 288.71074144285063], "z": [254.572448926616, 78.38821680891218]}, "point_uuid": "83", "field_of_view_rads": 1.3089969389957472, "point_pitch": -0.14319626887771086, "camera_rotation_original": [1.5759177207946777, 0.006587443873286247, -0.21082322299480438], "camera_uuid": "1eea2dc63a804bb98c4433aaf5355d4d", "camera_location": [0.081101, -0.078128, 1.481538], "nonfixated_points_in_view": [8, 9, 10, 11, 13, 14, 16, 17, 18, 22, 31, 35, 38, 39, 48, 51, 53, 56, 72, 73, 75, 79, 84, 86, 89, 91, 93, 94, 97], "point_location": [2.846083164215088, 4.282127380371094, 0.7503566145896912], "bounding_box_ranges": {"y": [-0.3917061164481307, 4.78676641736298], "x": [-0.078128, 6.891322164875019], "z": [-0.01803906499091168, 2.445308442284511]}, "view_id": 2, "vanishing_points_gaussian_sphere": {"y": [0.8438828540852641, 0.08187734037154243, -0.5302431797907368], "x": [0.5364684536356394, -0.11410911734973825, 0.8361702623218847], "z": [-0.007957815950051335, 0.9900884861825968, 0.1402193378031677]}, "camera_rotation_from_original_to_final": [-0.1423216164112091, 0.031817544251680374, -0.35664963722229004], "point_normal": [-0.04785194620490074, -0.9660888314247131, 0.253737211227417], "skybox_img_path": "./img/high/1eea2dc63a804bb98c4433aaf5355d4d_skybox4.jpg", "room": "0_2", "camera_distance": 5.2145545050595965, "obliqueness_angle": 0.5180898308753967, "camera_rotation_final": [1.430108904838562, 0.007957899942994118, -0.5662669539451599], "skybox_img": 4, "resolution": 512}