{"model_rotation_degrees": 0.0, "vanishing_points_image": {"y": [425.9950772570735, 252.21923310892768], "x": [241.86412974649747, 175.65017930777844], "z": [254.2663279047802, 112.37512635338034]}, "point_uuid": "38", "field_of_view_rads": 1.3089969389957472, "point_pitch": 0.25193436543015046, "camera_rotation_original": [1.5824408531188965, 0.001023429213091731, 1.5184667110443115], "camera_uuid": "82b91818426544f3b6c43aa394ec0dd3", "camera_location": [0.187142, 2.810302, 1.478821], "nonfixated_points_in_view": [35, 9, 10, 80, 51, 86, 94], "point_location": [0.0386459082365036, 6.452366352081299, 2.4173946380615234], "bounding_box_ranges": {"y": [-0.734744840970549, 2.3512111133952427], "x": [2.810302, 6.875978076643411], "z": [-0.002079731297004228, 2.4453108828286716]}, "view_id": 3, "vanishing_points_gaussian_sphere": {"y": [0.998974439974875, 0.02221764034950822, 0.039451802673448534], "x": [-0.04374291795320999, 0.24863949308137662, 0.9676078542514912], "z": [-0.01168868708724626, 0.9683412512836247, -0.24935636277552753]}, "camera_rotation_from_original_to_final": [0.001824558014050126, 0.24061232805252075, -1.476021647453308], "point_normal": [0.9641845226287842, -0.15859608352184296, -0.21259252727031708], "skybox_img_path": "./img/high/82b91818426544f3b6c43aa394ec0dd3_skybox1.jpg", "room": "0_2", "camera_distance": 3.7639877422362598, "obliqueness_angle": 1.3237831592559814, "camera_rotation_final": [1.8228294849395752, 0.011688953265547752, 0.043759871274232864], "skybox_img": 1, "resolution": 512}