{"model_rotation_degrees": 0.0, "vanishing_points_image": {"y": [444.7865230933258, 273.2974769027002], "x": [145.18982240077835, 325.54049730929745], "z": [255.23457127160788, 71.74741515176792]}, "point_uuid": "34", "field_of_view_rads": 1.3089969389957472, "point_pitch": -0.25021879275771575, "camera_rotation_original": [1.5762215852737427, -0.0002412118628853932, -1.888368844985962], "camera_uuid": "029e8bd017804e6aba4c5206f049bf52", "camera_location": [2.031441, 2.853197, 1.471538], "nonfixated_points_in_view": [32, 99, 68, 5, 47, 15, 87, 60], "point_location": [3.3761699199676514, -0.5724191069602966, 0.5452693700790405], "bounding_box_ranges": {"y": [0.8593464038021768, 4.085584656257757], "x": [-0.9809040161260572, 2.853197], "z": [-0.013671798661568868, 2.445312265145864]}, "view_id": 1, "vanishing_points_gaussian_sphere": {"y": [0.9312110043368956, -0.08532177284230731, 0.3543532989558812], "x": [-0.364458277671048, -0.22872095710739768, 0.9026942381653543], "z": [-0.004028552956548933, 0.9697458011556027, 0.2440836985588235]}, "camera_rotation_from_original_to_final": [0.08438006043434143, 0.23777653276920319, -0.8696046471595764], "point_normal": [-0.9998093843460083, 0.0164660457521677, -0.010493502952158451], "skybox_img_path": "./img/high/029e8bd017804e6aba4c5206f049bf52_skybox1.jpg", "room": "0_2", "camera_distance": 3.7948802998729847, "obliqueness_angle": 1.195456862449646, "camera_rotation_final": [1.3242195844650269, 0.004028563853353262, -2.768538475036621], "skybox_img": 1, "resolution": 512}