{"model_rotation_degrees": 0.0, "vanishing_points_image": {"y": [431.8217175355102, 264.539189062889], "x": [216.05981619120948, 357.78070051148745], "z": [257.38133941356097, 67.52193501046717]}, "point_uuid": "77", "field_of_view_rads": 1.3089969389957472, "point_pitch": -0.33830194076034026, "camera_rotation_original": [1.5785316228866577, 0.0028458000160753727, 1.9192692041397095], "camera_uuid": "4c0d1c450c3c414c8e903e49190ad5f3", "camera_location": [0.164657, 1.413222, 1.481392], "nonfixated_points_in_view": [104, 99, 68], "point_location": [0.4619338810443878, -0.9496098160743713, 0.6554995775222778], "bounding_box_ranges": {"y": [-0.7317284802192723, 2.7065535524856763], "x": [-0.9696859325045148, 1.413222], "z": [-0.015910341929199934, 2.3212377805702435]}, "view_id": 7, "vanishing_points_gaussian_sphere": {"y": [0.9918517764483455, -0.0481715794850209, 0.11793876583286618], "x": [-0.1272089215447691, -0.3241700941618558, 0.9374068702172554], "z": [0.006924148733101908, 0.9447715326897884, 0.3276565384412617]}, "camera_rotation_from_original_to_final": [0.13023370504379272, -0.3168158531188965, 1.3283445835113525], "point_normal": [-0.0525255911052227, 0.9985538125038147, -0.011466664262115955], "skybox_img_path": "./img/high/4c0d1c450c3c414c8e903e49190ad5f3_skybox3.jpg", "room": "0_2", "camera_distance": 2.520604354564339, "obliqueness_angle": 0.3525686264038086, "camera_rotation_final": [1.2369658946990967, -0.006924204062670469, 3.2691502571105957], "skybox_img": 3, "resolution": 512}