{"model_rotation_degrees": 0.0, "vanishing_points_image": {"y": [382.728386325326, 252.49888830056875], "x": [380.54854178932936, 274.8756740336481], "z": [256.33747557318753, 83.83058331518676]}, "point_uuid": "76", "field_of_view_rads": 1.3089969389957472, "point_pitch": -0.07386068900557952, "camera_rotation_original": [1.5776946544647217, 0.0030656252056360245, -2.669447660446167], "camera_uuid": "c3d17a6983f9472b926dbc4e505ec89c", "camera_location": [5.294113, 2.145316, 1.475611], "nonfixated_points_in_view": [64, 90, 6, 101, 81, 50, 58], "point_location": [7.533676624298096, 1.149141788482666, 1.3121997117996216], "bounding_box_ranges": {"y": [5.294113, 7.5502142158432095], "x": [-0.896589781430043, 2.582572724243393], "z": [-0.0007413275239234185, 2.4542645291378173]}, "view_id": 0, "vanishing_points_gaussian_sphere": {"y": [0.9137397103948093, 0.025243790148844255, -0.4055150955347178], "x": [0.40629535627179547, -0.06157517861062899, 0.9116647305073527], "z": [0.001955791293826273, 0.9977831670448196, 0.06652012058335992]}, "camera_rotation_from_original_to_final": [0.06317830085754395, 0.03785654157400131, 0.6814916133880615], "point_normal": [-0.9999690055847168, -0.007791904266923666, -0.0011926405131816864], "skybox_img_path": "./img/high/c3d17a6983f9472b926dbc4e505ec89c_skybox4.jpg", "room": "0_5", "camera_distance": 2.456564806297262, "obliqueness_angle": 0.4313615560531616, "camera_rotation_final": [1.5042269229888916, -0.0019557925406843424, -1.9891932010650635], "skybox_img": 4, "resolution": 512}