{"model_rotation_degrees": 0.0, "vanishing_points_image": {"y": [404.66904608597565, 265.35624332683676], "x": [320.9971022800772, 176.2865285128849], "z": [257.30471400717437, 113.37590594088454]}, "point_uuid": "86", "field_of_view_rads": 1.3089969389957472, "point_pitch": 0.26028914848831697, "camera_rotation_original": [1.579675316810608, 0.0016688042087480426, -0.18222443759441376], "camera_uuid": "421bc59cb37942a2a1b69459e69c6733", "camera_location": [4.087351, 5.595419, 1.470996], "nonfixated_points_in_view": [40, 41, 10, 43, 38], "point_location": [0.5567976832389832, 6.327682971954346, 2.438554525375366], "bounding_box_ranges": {"y": [-0.057147538793276276, 4.087351], "x": [4.585145887640236, 6.876168479637521], "z": [0.0005521897945299781, 2.4428749089279234]}, "view_id": 1, "vanishing_points_gaussian_sphere": {"y": [0.9786385616911404, -0.06158901770925928, -0.19614626804684449], "x": [0.20539841474825576, 0.2519038557593108, 0.9457039381711889], "z": [0.008834975381942193, 0.9657904743531078, -0.25917311368812845]}, "camera_rotation_from_original_to_final": [0.24744240939617157, -0.05571717396378517, 1.540123701095581], "point_normal": [-0.0011294455034658313, 0.0041487752459943295, -0.9999907612800598], "skybox_img_path": "./img/high/421bc59cb37942a2a1b69459e69c6733_skybox3.jpg", "room": "0_2", "camera_distance": 3.7332540369907994, "obliqueness_angle": 1.3105809688568115, "camera_rotation_final": [1.832972764968872, -0.008835090324282646, 1.363917350769043], "skybox_img": 3, "resolution": 512}