{"model_rotation_degrees": 0.0, "vanishing_points_image": {"y": [410.9517568368296, 251.77129111701092], "x": [299.8524055525688, 326.0717401896783], "z": [256.5165162166657, 73.2418211354509]}, "point_uuid": "47", "field_of_view_rads": 1.3089969389957472, "point_pitch": -0.21241526206466155, "camera_rotation_original": [1.5784746408462524, 0.0036877563688904047, -0.2543734312057495], "camera_uuid": "cd8bc18ce92741768974d88f6ccbaad1", "camera_location": [3.10099, 5.636439, 1.471228], "nonfixated_points_in_view": [32, 34, 67, 68, 37, 5, 99, 104, 77, 17, 49, 87, 91, 60, 29], "point_location": [2.2111260890960693, -0.8247860074043274, 0.009488865733146667], "bounding_box_ranges": {"y": [-0.010997391034355708, 5.727575097108607], "x": [-0.9778055053521495, 5.636439], "z": [-0.009333346014285926, 2.4453112434535953]}, "view_id": 2, "vanishing_points_gaussian_sphere": {"y": [0.9907292820618044, 0.02703748444816847, -0.1331332569270982], "x": [0.13582298839764284, -0.2170314954187915, 0.9666692535810876], "z": [0.0027578049306410213, 0.9757900924025609, 0.21869176957756412]}, "camera_rotation_from_original_to_final": [-0.22261632978916168, 0.05079135298728943, -3.0290353298187256], "point_normal": [-0.06307537853717804, 0.07131332159042358, 0.9954577088356018], "skybox_img_path": "./img/high/cd8bc18ce92741768974d88f6ccbaad1_skybox2.jpg", "room": "0_2", "camera_distance": 6.684008404316975, "obliqueness_angle": 1.2888375520706177, "camera_rotation_final": [1.350321888923645, -0.0027578084263950586, -3.2778372764587402], "skybox_img": 2, "resolution": 512}