{"model_rotation_degrees": 0.0, "vanishing_points_image": {"y": [347.7986229147356, 249.89022741967014], "x": [434.431164230051, 269.26834673886714], "z": [255.65533208243693, 83.5449793489045]}, "point_uuid": "64", "field_of_view_rads": 1.3089969389957472, "point_pitch": -0.059189244112696215, "camera_rotation_original": [1.5761680603027344, 0.00989445485174656, -0.4241592288017273], "camera_uuid": "4941e1733c7d43ffb521d1025e32e0eb", "camera_location": [1.857551, 5.637887, 1.476438], "nonfixated_points_in_view": [101, 8, 40, 75, 16, 48, 50, 81, 24, 90], "point_location": [7.368668079376221, 0.5712490081787109, 0.9495174288749695], "bounding_box_ranges": {"y": [1.857551, 5.923083602292276], "x": [2.506267254101339, 5.637887], "z": [-0.012134343997745711, 2.442723403974717]}, "view_id": 2, "vanishing_points_gaussian_sphere": {"y": [0.736073253397796, 0.04899027935202443, -0.675126742294656], "x": [0.6768989518039428, -0.05033498513819486, 0.7343529112884768], "z": [-0.001993659727195478, 0.9975301207483153, 0.07021170501236847]}, "camera_rotation_from_original_to_final": [-0.072195865213871, 0.023928306996822357, -1.8905948400497437], "point_normal": [-0.1480383723974228, 0.9002692699432373, 0.4093896448612213], "skybox_img_path": "./img/high/4941e1733c7d43ffb521d1025e32e0eb_skybox1.jpg", "room": "0_2", "camera_distance": 7.504723539629242, "obliqueness_angle": 0.7298834323883057, "camera_rotation_final": [1.5005266666412354, 0.0019936610478907824, -2.3143396377563477], "skybox_img": 1, "resolution": 512}