{"model_rotation_degrees": 0.0, "vanishing_points_image": {"y": [344.5575790528754, 223.29842661413184], "x": [432.40448347721406, 318.1437093068683], "z": [254.44395030301177, 66.18772046177708]}, "point_uuid": "77", "field_of_view_rads": 1.3089969389957472, "point_pitch": -0.36925284465285735, "camera_rotation_original": [1.5743488073349, -0.006772358436137438, -1.2924582958221436], "camera_uuid": "b2b91e26cb9a4190a097925afea72a8a", "camera_location": [1.962995, 0.554659, 1.477478], "nonfixated_points_in_view": [104, 44, 95], "point_location": [0.4619338810443878, -0.9496098160743713, 0.6554995775222778], "bounding_box_ranges": {"y": [-0.7328088805373041, 2.0767433198096867], "x": [-0.957566291770807, 0.657195965020249], "z": [-0.016120136339344837, 2.322004693320324]}, "view_id": 1, "vanishing_points_gaussian_sphere": {"y": [0.7057483792233289, 0.26061103591539353, -0.6587876085528247], "x": [0.7084213228874994, -0.24956241410947108, 0.6601952974250713], "z": [-0.007645554392570905, 0.9326309502814918, 0.36075068409508515]}, "camera_rotation_from_original_to_final": [-0.0927385464310646, 0.3617202639579773, -2.6532278060913086], "point_normal": [-0.0525255911052227, 0.9985538125038147, -0.011466664262115955], "skybox_img_path": "./img/high/b2b91e26cb9a4190a097925afea72a8a_skybox2.jpg", "room": "0_2", "camera_distance": 2.278521042086033, "obliqueness_angle": 0.9014153480529785, "camera_rotation_final": [1.2017123699188232, 0.00764562888070941, -3.9288809299468994], "skybox_img": 2, "resolution": 512}