{"model_rotation_degrees": 0.0, "vanishing_points_image": {"y": [442.1187000771513, 226.9114371699521], "x": [82.20521367001516, 222.72487911250053], "z": [254.71840173588137, 104.68567832507148]}, "point_uuid": "8", "field_of_view_rads": 1.3089969389957472, "point_pitch": 0.17270489136246248, "camera_rotation_original": [1.5759177207946777, 0.006587443873286247, -0.21082322299480438], "camera_uuid": "1eea2dc63a804bb98c4433aaf5355d4d", "camera_location": [0.081101, -0.078128, 1.481538], "nonfixated_points_in_view": [9, 11, 13, 14, 16, 17, 18, 22, 31, 39, 48, 51, 53, 56, 72, 73, 75, 83, 84, 89, 91, 94], "point_location": [4.191406726837158, 3.4509470462799072, 2.427091360092163], "bounding_box_ranges": {"y": [0.081101, 4.784544215828296], "x": [-0.10966455004324474, 6.892337980193042], "z": [-0.014932531572970476, 2.44284526577058]}, "view_id": 4, "vanishing_points_gaussian_sphere": {"y": [0.7577372873901428, 0.11842705049939321, 0.6417236453557266], "x": [-0.6525063922763553, 0.12493026713492303, 0.7474140996743988], "z": [-0.00834334088501098, 0.9850723131139212, -0.17193872920103132]}, "camera_rotation_from_original_to_final": [0.1644126921892166, -0.03312315419316292, -0.6530399322509766], "point_normal": [-0.007653122767806053, 0.007843519560992718, -0.9999399781227112], "skybox_img_path": "./img/high/1eea2dc63a804bb98c4433aaf5355d4d_skybox4.jpg", "room": "0_2", "camera_distance": 5.499368669298363, "obliqueness_angle": 1.3973125219345093, "camera_rotation_final": [1.743599772453308, 0.008343437686562538, -0.8598790764808655], "skybox_img": 4, "resolution": 512}