{"model_rotation_degrees": 0.0, "vanishing_points_image": {"y": [426.2402930039661, 258.37390429722257], "x": [242.68933405824026, 216.1048837901896], "z": [258.9753028202174, 99.78290052054966]}, "point_uuid": "57", "field_of_view_rads": 1.3089969389957472, "point_pitch": 0.09905071655777498, "camera_rotation_original": [1.5504374504089355, 0.01973503828048706, 0.0801728218793869], "camera_uuid": "022988e502364c9781dbdc5aff9aa537", "camera_location": [5.314469, 4.374863, 1.477831], "nonfixated_points_in_view": [2, 27, 28, 78, 23], "point_location": [5.538299083709717, -0.8856225609779358, 2.113563299179077], "bounding_box_ranges": {"y": [4.072188855631201, 5.9233048797901455], "x": [-0.9157784871655359, 4.374863], "z": [-0.016528240238070202, 2.4453047502199956]}, "view_id": 1, "vanishing_points_gaussian_sphere": {"y": [0.9990119651235588, -0.013930655047264888, 0.04220225574444344], "x": [-0.04022048422274693, 0.12055000847457197, 0.9918921353179833], "z": [0.01890518946884852, 0.9926095064559551, -0.11987060317030276]}, "camera_rotation_from_original_to_final": [0.14322277903556824, -0.027100658044219017, 3.099655866622925], "point_normal": [0.00561416195705533, 0.9972900152206421, 0.07335606962442398], "skybox_img_path": "./img/high/022988e502364c9781dbdc5aff9aa537_skybox2.jpg", "room": "0_2", "camera_distance": 5.303486026440533, "obliqueness_angle": 0.19945944845676422, "camera_rotation_final": [1.6909774541854858, -0.01890631578862667, -3.1013541221618652], "skybox_img": 2, "resolution": 512}