{"model_rotation_degrees": 0.0, "vanishing_points_image": {"y": [441.57896051493105, 305.7099823343289], "x": [96.97126747795595, 329.9976346524354], "z": [258.2430031989693, 66.60775479435343]}, "point_uuid": "63", "field_of_view_rads": 1.3089969389957472, "point_pitch": -0.36261479457351165, "camera_rotation_original": [1.5827999114990234, -0.0022284637670964003, 1.2485463619232178], "camera_uuid": "de06f753bd6d4114a5c6e6a781ee950a", "camera_location": [0.724806, 4.289951, 1.483605], "nonfixated_points_in_view": [0, 33, 100, 44, 46, 20, 52, 92, 95], "point_location": [-0.73255854845047, 3.2270584106445312, 0.8098087310791016], "bounding_box_ranges": {"y": [-0.7405626899664629, 0.724806], "x": [-0.909461068167797, 4.459121884186627], "z": [-0.008372327724381678, 2.443960024071148]}, "view_id": 1, "vanishing_points_gaussian_sphere": {"y": [0.8054479427961975, -0.21575076666300824, 0.5520011033772466], "x": [-0.5925626912518657, -0.2757252531698405, 0.7568652731502308], "z": [0.011093618964046812, 0.936710836623956, 0.34992819287609417]}, "camera_rotation_from_original_to_final": [-0.11300497502088547, -0.35267770290374756, 0.9741990566253662], "point_normal": [0.9999049305915833, 0.009478474967181683, -0.010022217407822609], "skybox_img_path": "./img/high/de06f753bd6d4114a5c6e6a781ee950a_skybox3.jpg", "room": "0_2", "camera_distance": 1.9255267317453448, "obliqueness_angle": 0.7097597718238831, "camera_rotation_final": [1.213278889656067, -0.011093846522271633, 2.205078125], "skybox_img": 3, "resolution": 512}