{"model_rotation_degrees": 0.0, "vanishing_points_image": {"y": [401.25012621920854, 262.0957239482734], "x": [331.52373992845634, 205.0244844457909], "z": [256.3331279936939, 103.93915122490156]}, "point_uuid": "29", "field_of_view_rads": 1.3089969389957472, "point_pitch": 0.1737516681340079, "camera_rotation_original": [1.579675316810608, 0.0016688042087480426, -0.18222443759441376], "camera_uuid": "421bc59cb37942a2a1b69459e69c6733", "camera_location": [4.087351, 5.595419, 1.470996], "nonfixated_points_in_view": [65, 66, 67, 68, 37, 70, 98, 99, 104, 44, 77, 92, 48, 17, 49, 20, 23, 60, 95], "point_location": [3.387643814086914, 2.706162214279175, 1.9659401178359985], "bounding_box_ranges": {"y": [-0.7416981793736293, 5.923124130843452], "x": [-0.9660002710724749, 5.595419], "z": [-0.018817451701530707, 2.4453111081305714]}, "view_id": 0, "vanishing_points_gaussian_sphere": {"y": [0.9718186507364834, -0.04078439294250841, -0.23217481209862503], "x": [0.23571983401316274, 0.15910149678175708, 0.9587089618724818], "z": [0.0021610028985971515, 0.9864194579458151, -0.16423149226733783]}, "camera_rotation_from_original_to_final": [0.15287469327449799, -0.03192516788840294, 3.0834505558013916], "point_normal": [0.2567818760871887, 0.9315142631530762, 0.2575739324092865], "skybox_img_path": "./img/high/421bc59cb37942a2a1b69459e69c6733_skybox2.jpg", "room": "0_2", "camera_distance": 3.0136960115782667, "obliqueness_angle": 0.4266248941421509, "camera_rotation_final": [1.7357755899429321, -0.0021610045805573463, 2.903632879257202], "skybox_img": 2, "resolution": 512}