{"model_rotation_degrees": 0.0, "vanishing_points_image": {"y": [447.7374672138503, 274.18687833691246], "x": [106.71516037807156, 297.0987441744801], "z": [255.22354978876916, 76.75703159399605]}, "point_uuid": "100", "field_of_view_rads": 1.3089969389957472, "point_pitch": -0.1612688740107675, "camera_rotation_original": [1.5762215852737427, -0.0002412118628853932, -1.888368844985962], "camera_uuid": "029e8bd017804e6aba4c5206f049bf52", "camera_location": [2.031441, 2.853197, 1.471538], "nonfixated_points_in_view": [0, 33, 65, 98, 104, 44, 77, 46, 20, 52, 54, 25, 26, 92, 30, 95], "point_location": [-0.7310943007469177, 1.1805037260055542, 0.9350513815879822], "bounding_box_ranges": {"y": [-0.7416199110880566, 2.031441], "x": [-0.9621228581574379, 3.283849246485147], "z": [-0.015372664709168538, 2.4453068993622065]}, "view_id": 3, "vanishing_points_gaussian_sphere": {"y": [0.8557731036965167, -0.0811726656614886, 0.5109436302950053], "x": [-0.5173336781119504, -0.14242413726278164, 0.8438490567726632], "z": [-0.0042732283805098775, 0.9864716739341077, 0.16387609967547886]}, "camera_rotation_from_original_to_final": [0.05789981037378311, 0.16003729403018951, -2.275294303894043], "point_normal": [0.9999203085899353, -0.007213909178972244, 0.010363196954131126], "skybox_img_path": "./img/high/029e8bd017804e6aba4c5206f049bf52_skybox1.jpg", "room": "0_2", "camera_distance": 3.2737321561696295, "obliqueness_angle": 0.5701981782913208, "camera_rotation_final": [1.406176209449768, 0.004273241385817528, -4.168651103973389], "skybox_img": 1, "resolution": 512}