{"model_rotation_degrees": 0.0, "vanishing_points_image": {"y": [426.1303157312181, 256.5921993346637], "x": [242.45752297517308, 284.8185495898875], "z": [255.98886138705404, 82.27358231165194]}, "point_uuid": "28", "field_of_view_rads": 1.3089969389957472, "point_pitch": -0.07526783545943694, "camera_rotation_original": [1.5824408531188965, 0.001023429213091731, 1.5184667110443115], "camera_uuid": "82b91818426544f3b6c43aa394ec0dd3", "camera_location": [0.187142, 2.810302, 1.478821], "nonfixated_points_in_view": [69, 39, 8, 75, 12, 78, 16, 18, 22, 24, 91], "point_location": [5.921271800994873, 3.0443596839904785, 0.9785207509994507], "bounding_box_ranges": {"y": [0.187142, 5.923315189731187], "x": [0.5299184362139515, 5.195937159541076], "z": [-0.013979150946135777, 2.4427833878012173]}, "view_id": 0, "vanishing_points_gaussian_sphere": {"y": [0.9991681948688826, -0.0034779618063677724, 0.04063031065759046], "x": [-0.040778846018806915, -0.08677786154312425, 0.9953927307667948], "z": [-6.387357275547937e-05, 0.9962216151678681, 0.08684750654158645]}, "camera_rotation_from_original_to_final": [-0.004216253291815519, -0.09851633757352829, -3.0482113361358643], "point_normal": [-0.9999451041221619, -0.009625209495425224, -0.004139683675020933], "skybox_img_path": "./img/high/82b91818426544f3b6c43aa394ec0dd3_skybox2.jpg", "room": "0_2", "camera_distance": 5.760670844330007, "obliqueness_angle": 0.09627008438110352, "camera_rotation_final": [1.4838392734527588, 6.387357279891148e-05, -1.5300061702728271], "skybox_img": 2, "resolution": 512}