{"model_rotation_degrees": 0.0, "vanishing_points_image": {"y": [443.19063429643995, 293.21424263597027], "x": [90.15680424987727, 310.08132014670576], "z": [256.029759583406, 71.15438821212297]}, "point_uuid": "98", "field_of_view_rads": 1.3089969389957472, "point_pitch": -0.2484946688029428, "camera_rotation_original": [1.5785322189331055, -0.004439795855432749, -0.3697104752063751], "camera_uuid": "b20b2b0634e241d794127bb70d0381ec", "camera_location": [4.119016, 3.356542, 1.473925], "nonfixated_points_in_view": [0, 33, 65, 66, 100, 70, 44, 46, 79, 20, 52, 54, 26, 63], "point_location": [-0.28769010305404663, -0.08180950582027435, 0.0024999885354191065], "bounding_box_ranges": {"y": [-0.7416988626243395, 4.119016], "x": [-0.7367992429886572, 3.5507527335153357], "z": [-0.01509445247435881, 2.445291688104775]}, "view_id": 2, "vanishing_points_gaussian_sphere": {"y": [0.7883797776243553, -0.15673303551791531, 0.5948882935562878], "x": [-0.6151888344182144, -0.20061253736920698, 0.762428559182726], "z": [0.0001556924246946658, 0.9670518938648683, 0.25457928103488797]}, "camera_rotation_from_original_to_final": [-0.24653173983097076, 0.09870165586471558, 2.5902810096740723], "point_normal": [0.003909342922270298, -0.028103064745664597, 0.9995973706245422], "skybox_img_path": "./img/high/b20b2b0634e241d794127bb70d0381ec_skybox2.jpg", "room": "0_2", "camera_distance": 5.779828139030319, "obliqueness_angle": 1.3276689052581787, "camera_rotation_final": [1.31338369846344, -0.00015569242532365024, 2.233421802520752], "skybox_img": 2, "resolution": 512}