{"model_rotation_degrees": 0.0, "vanishing_points_image": {"y": [445.7571849667906, 248.03120571916867], "x": [142.76991534380775, 218.15732115168612], "z": [257.312119380065, 100.51817581131077]}, "point_uuid": "38", "field_of_view_rads": 1.3089969389957472, "point_pitch": 0.13891740242508455, "camera_rotation_original": [1.5771442651748657, -0.011866987682878971, -1.0165622234344482], "camera_uuid": "22149045c4a4476eb44710bdb469a325", "camera_location": [2.693772, -0.285035, 1.48261], "nonfixated_points_in_view": [0, 10, 13, 17, 18, 19, 26, 33, 48, 53, 54, 56, 63, 74, 79, 80, 83, 84, 85, 86, 89, 93, 97], "point_location": [0.0386459082365036, 6.452366352081299, 2.4173946380615234], "bounding_box_ranges": {"y": [-0.7416988037327714, 4.241720771074692], "x": [-0.285035, 6.88728797659635], "z": [-0.01493871376019773, 2.445161843315706]}, "view_id": 4, "vanishing_points_gaussian_sphere": {"y": [0.9307243640921262, 0.03908548174819165, 0.36362684609613083], "x": [-0.36562564553736204, 0.12219591573025618, 0.9227058282595985], "z": [0.00836931363343104, 0.991736095589626, -0.1280213704580191]}, "camera_rotation_from_original_to_final": [0.06736099720001221, -0.10188369452953339, 1.388681411743164], "point_normal": [0.9641845226287842, -0.15859608352184296, -0.21259252727031708], "skybox_img_path": "./img/high/22149045c4a4476eb44710bdb469a325_skybox3.jpg", "room": "0_2", "camera_distance": 7.301787109642747, "obliqueness_angle": 1.019071102142334, "camera_rotation_final": [1.6991745233535767, -0.00836941134184599, 0.3743186593055725], "skybox_img": 3, "resolution": 512}