{"model_rotation_degrees": 0.0, "vanishing_points_image": {"y": [371.1448941046913, 255.0008383518134], "x": [403.79564216483664, 264.05987760539244], "z": [257.24246308457936, 86.93047892508783]}, "point_uuid": "16", "field_of_view_rads": 1.3089969389957472, "point_pitch": -0.025372191271509692, "camera_rotation_original": [1.5743488073349, -0.006772358436137438, -1.2924582958221436], "camera_uuid": "b2b91e26cb9a4190a097925afea72a8a", "camera_location": [1.962995, 0.554659, 1.477478], "nonfixated_points_in_view": [39, 72, 73, 74, 11, 75, 13, 14, 48, 17, 18, 83, 84, 53, 85, 56, 89, 91, 31], "point_location": [4.663140296936035, 5.186703205108643, 1.3300076723098755], "bounding_box_ranges": {"y": [1.5176637095805325, 4.779815899358393], "x": [0.554659, 6.892322860911802], "z": [-0.014164644820420458, 2.4431954972300947]}, "view_id": 8, "vanishing_points_gaussian_sphere": {"y": [0.8640099207442614, 0.007497384779176592, -0.5034189568112908], "x": [0.5034211907535481, -0.02745353734387631, 0.8636048911322749], "z": [0.007345852964436453, 0.9995949642274022, 0.027494470997702792]}, "camera_rotation_from_original_to_final": [-0.009088710881769657, 0.029696376994252205, 0.7645346522331238], "point_normal": [-0.9998881220817566, 0.013060194440186024, 0.007297165226191282], "skybox_img_path": "./img/high/b2b91e26cb9a4190a097925afea72a8a_skybox4.jpg", "room": "0_2", "camera_distance": 5.363615124771519, "obliqueness_angle": 1.056084156036377, "camera_rotation_final": [1.5432976484298706, -0.007345919031649828, -0.5275694727897644], "skybox_img": 4, "resolution": 512}