{"model_rotation_degrees": 0.0, "vanishing_points_image": {"y": [375.61247819992485, 244.12337796718435], "x": [394.22158685981105, 307.01188538694765], "z": [256.78993661519473, 74.75960062554202]}, "point_uuid": "49", "field_of_view_rads": 1.3089969389957472, "point_pitch": -0.1875989874217172, "camera_rotation_original": [1.579675316810608, 0.0016688042087480426, -0.18222443759441376], "camera_uuid": "421bc59cb37942a2a1b69459e69c6733", "camera_location": [4.087351, 5.595419, 1.470996], "nonfixated_points_in_view": [65, 66, 67, 68, 37, 70, 98, 99, 104, 44, 77, 92, 48, 17, 20, 84, 60, 29, 95], "point_location": [1.6688381433486938, 1.0634551048278809, 0.4534361958503723], "bounding_box_ranges": {"y": [-0.7395539766755377, 4.6630001187233905], "x": [-0.9669336795088572, 5.595419], "z": [-0.014815080676385817, 2.4453057788394355]}, "view_id": 0, "vanishing_points_gaussian_sphere": {"y": [0.8826249119269369, 0.0876380343711498, -0.46183637771133623], "x": [0.470058492009817, -0.1734791971668368, 0.8654189634158745], "z": [0.004275387166517363, 0.9809304476271042, 0.19431206339974225]}, "camera_rotation_from_original_to_final": [-0.20219485461711884, 0.030983086675405502, 2.8310444355010986], "point_normal": [0.004281765781342983, 0.008432299830019474, 0.9999552965164185], "skybox_img_path": "./img/high/421bc59cb37942a2a1b69459e69c6733_skybox2.jpg", "room": "0_2", "camera_distance": 5.23672877667432, "obliqueness_angle": 1.3657848834991455, "camera_rotation_final": [1.3752384185791016, -0.0042754001915454865, 2.652230739593506], "skybox_img": 2, "resolution": 512}