{"model_rotation_degrees": 0.0, "vanishing_points_image": {"y": [447.41068429682485, 234.4695041279076], "x": [109.20682314498694, 211.35349795625336], "z": [255.14914978784793, 105.65875345305689]}, "point_uuid": "18", "field_of_view_rads": 1.3089969389957472, "point_pitch": 0.19332094589737459, "camera_rotation_original": [1.5824408531188965, 0.001023429213091731, 1.5184667110443115], "camera_uuid": "82b91818426544f3b6c43aa394ec0dd3", "camera_location": [0.187142, 2.810302, 1.478821], "nonfixated_points_in_view": [69, 39, 8, 9, 75, 12, 78, 16, 51, 24, 28, 94], "point_location": [2.081400156021118, 3.921308755874634, 1.8853280544281006], "bounding_box_ranges": {"y": [0.187142, 5.923339808086344], "x": [2.333834396527805, 6.882920255522777], "z": [-0.01353858613673875, 2.4442844057635114]}, "view_id": 0, "vanishing_points_gaussian_sphere": {"y": [0.8620478960934345, 0.09696594908779348, 0.497464601311879], "x": [-0.5067962682413253, 0.15413986610663627, 0.8481735931831967], "z": [-0.0055648304152084785, 0.9832794650526023, -0.18201792842552159]}, "camera_rotation_from_original_to_final": [0.004435897804796696, 0.1713988482952118, -2.5579745769500732], "point_normal": [-0.015624864026904106, -0.9997193217277527, 0.017810897901654243], "skybox_img_path": "./img/high/82b91818426544f3b6c43aa394ec0dd3_skybox2.jpg", "room": "0_2", "camera_distance": 2.2333378351994115, "obliqueness_angle": 1.0387060642242432, "camera_rotation_final": [1.7538374662399292, 0.005564859136939049, -1.039322853088379], "skybox_img": 2, "resolution": 512}