{"model_rotation_degrees": 0.0, "vanishing_points_image": {"y": [419.34048490232425, 258.7600830847918], "x": [269.9908693079523, 216.58843559743022], "z": [257.875826407379, 99.74784942602051]}, "point_uuid": "85", "field_of_view_rads": 1.3089969389957472, "point_pitch": 0.1262238780644278, "camera_rotation_original": [1.5771442651748657, -0.011866987682878971, -1.0165622234344482], "camera_uuid": "22149045c4a4476eb44710bdb469a325", "camera_location": [2.693772, -0.285035, 1.48261], "nonfixated_points_in_view": [97, 38, 10, 74, 13, 48, 17, 18, 80, 83, 53, 84, 86, 56, 89, 91, 93], "point_location": [2.9746100902557373, 6.585859775543213, 2.311539888381958], "bounding_box_ranges": {"y": [-0.3345796994036325, 4.23949598029382], "x": [-0.285035, 6.884662184890057], "z": [-0.014676603337713479, 2.4427250625228263]}, "view_id": 4, "vanishing_points_gaussian_sphere": {"y": [0.9990350560900823, -0.01688142263736522, -0.04054595260719683], "x": [0.04227195736026464, 0.11907794528391517, 0.9919846392802123], "z": [0.011917983219419543, 0.9927413865235496, -0.11967665252371522]}, "camera_rotation_from_original_to_final": [0.059873197227716446, -0.09661850333213806, 0.97273188829422], "point_normal": [0.09299487620592117, -0.7428299784660339, 0.6629899144172668], "skybox_img_path": "./img/high/22149045c4a4476eb44710bdb469a325_skybox3.jpg", "room": "0_2", "camera_distance": 6.926412691849402, "obliqueness_angle": 0.8582523465156555, "camera_rotation_final": [1.690769076347351, -0.011918265372514725, -0.04228756204247475], "skybox_img": 3, "resolution": 512}