{"model_rotation_degrees": 0.0, "vanishing_points_image": {"y": [378.0528830751425, 260.5498387588758], "x": [390.34847326087316, 230.7748118130286], "z": [254.77766401706648, 97.01682129454525]}, "point_uuid": "18", "field_of_view_rads": 1.3089969389957472, "point_pitch": 0.08674080769089265, "camera_rotation_original": [1.5759177207946777, 0.006587443873286247, -0.21082322299480438], "camera_uuid": "1eea2dc63a804bb98c4433aaf5355d4d", "camera_location": [0.081101, -0.078128, 1.481538], "nonfixated_points_in_view": [8, 9, 10, 11, 13, 14, 16, 17, 22, 31, 35, 38, 39, 48, 51, 53, 56, 72, 73, 75, 79, 83, 84, 86, 89, 91, 93, 94, 97], "point_location": [2.081400156021118, 3.921308755874634, 1.8853280544281006], "bounding_box_ranges": {"y": [-0.7276193069454365, 4.788155552809727], "x": [-0.078128, 6.891340490787988], "z": [-0.014485294746000354, 2.4452941442342033]}, "view_id": 4, "vanishing_points_gaussian_sphere": {"y": [0.8946580872298635, -0.033350707813383375, -0.4455049239262664], "x": [0.4466858807611469, 0.08386947115345114, 0.8907511637584759], "z": [-0.007657080569014317, 0.9959184916933648, -0.0899317909327556]}, "camera_rotation_from_original_to_final": [0.08328857272863388, -0.016683503985404968, -0.25354963541030884], "point_normal": [-0.015624864026904106, -0.9997193217277527, 0.017810897901654243], "skybox_img_path": "./img/high/1eea2dc63a804bb98c4433aaf5355d4d_skybox4.jpg", "room": "0_2", "camera_distance": 4.489959695121133, "obliqueness_angle": 0.4604327082633972, "camera_rotation_final": [1.6608524322509766, 0.007657155394554138, -0.4630723297595978], "skybox_img": 4, "resolution": 512}