{"model_rotation_degrees": 0.0, "vanishing_points_image": {"y": [348.6520216472036, 271.4278807599573], "x": [432.74540790555017, 223.6598744110526], "z": [257.2540585497897, 104.88192372089568]}, "point_uuid": "15", "field_of_view_rads": 1.3089969389957472, "point_pitch": 0.1832278529789786, "camera_rotation_original": [1.5824408531188965, 0.001023429213091731, 1.5184667110443115], "camera_uuid": "82b91818426544f3b6c43aa394ec0dd3", "camera_location": [0.187142, 2.810302, 1.478821], "nonfixated_points_in_view": [32, 34, 67, 68, 5, 99, 22, 87, 91, 60], "point_location": [3.363327980041504, -0.07421228289604187, 2.2368175983428955], "bounding_box_ranges": {"y": [0.187142, 3.3827664805231623], "x": [-0.980277161908818, 2.810302], "z": [-0.013310144449941053, 2.445261108612977]}, "view_id": 3, "vanishing_points_gaussian_sphere": {"y": [0.7392836089505326, -0.12310124662049354, -0.6620466967046634], "x": [0.6733446137055308, 0.12320574339059998, 0.7289906556255158], "z": [0.008171703055402796, 0.9847164200296703, -0.17397354796958145]}, "camera_rotation_from_original_to_final": [0.017905214801430702, 0.162507101893425, 2.457211494445801], "point_normal": [-0.999674916267395, 0.00196625292301178, -0.025422783568501472], "skybox_img_path": "./img/high/82b91818426544f3b6c43aa394ec0dd3_skybox2.jpg", "room": "0_2", "camera_distance": 4.356964490849993, "obliqueness_angle": 0.7458989024162292, "camera_rotation_final": [1.7456655502319336, -0.00817179400473833, 3.973635196685791], "skybox_img": 2, "resolution": 512}