{"model_rotation_degrees": 0.0, "vanishing_points_image": {"y": [388.2617715912068, 265.476106317729], "x": [366.1608978069535, 193.93065754385182], "z": [254.37917938468698, 108.72184292460027]}, "point_uuid": "94", "field_of_view_rads": 1.3089969389957472, "point_pitch": 0.2193526784565787, "camera_rotation_original": [1.5824408531188965, 0.001023429213091731, 1.5184667110443115], "camera_uuid": "82b91818426544f3b6c43aa394ec0dd3", "camera_location": [0.187142, 2.810302, 1.478821], "nonfixated_points_in_view": [35, 38, 9, 10, 80, 51, 86], "point_location": [1.7540602684020996, 6.847204685211182, 2.423340082168579], "bounding_box_ranges": {"y": [-0.24452249527272704, 2.341553419459641], "x": [2.810302, 6.8757102858104995], "z": [-0.00585630112387836, 2.4440446409197265]}, "view_id": 2, "vanishing_points_gaussian_sphere": {"y": [0.9330297034513608, -0.0668484064679806, -0.3535348116241984], "x": [0.3596386701847151, 0.2026357466629123, 0.9108231338092669], "z": [-0.010751715455479774, 0.9769698279512299, -0.213106442623654]}, "camera_rotation_from_original_to_final": [0.000832007615827024, 0.20334826409816742, -1.8874846696853638], "point_normal": [-0.08466596156358719, -0.5575627684593201, -0.8258060216903687], "skybox_img_path": "./img/high/82b91818426544f3b6c43aa394ec0dd3_skybox1.jpg", "room": "0_2", "camera_distance": 4.432147377465693, "obliqueness_angle": 0.7759472131729126, "camera_rotation_final": [1.78556227684021, 0.010751922614872456, -0.3679029047489166], "skybox_img": 1, "resolution": 512}