{"model_rotation_degrees": 0.0, "vanishing_points_image": {"y": [399.39835522005444, 268.08189756368444], "x": [336.6517960289373, 170.7781697281008], "z": [257.11604686748154, 116.16545277348918]}, "point_uuid": "38", "field_of_view_rads": 1.3089969389957472, "point_pitch": 0.2863859693196158, "camera_rotation_original": [1.5784746408462524, 0.0036877563688904047, -0.2543734312057495], "camera_uuid": "cd8bc18ce92741768974d88f6ccbaad1", "camera_location": [3.10099, 5.636439, 1.471228], "nonfixated_points_in_view": [86], "point_location": [0.0386459082365036, 6.452366352081299, 2.4173946380615234], "bounding_box_ranges": {"y": [-0.055778292524490514, 3.10099], "x": [4.592646739640159, 6.87645953510744], "z": [0.25706325594553325, 2.4434824950984018]}, "view_id": 1, "vanishing_points_gaussian_sphere": {"y": [0.965671117569494, -0.08136173880641291, -0.24669730470858742], "x": [0.2596551752756419, 0.27436821454814864, 0.9259056500520109], "z": [0.007647394632177945, 0.9581765757437708, -0.28607545691876757]}, "camera_rotation_from_original_to_final": [0.2711140215396881, -0.08105181902647018, 1.5519988536834717], "point_normal": [0.9641845226287842, -0.15859608352184296, -0.21259252727031708], "skybox_img_path": "./img/high/cd8bc18ce92741768974d88f6ccbaad1_skybox3.jpg", "room": "0_2", "camera_distance": 3.3074039089750706, "obliqueness_angle": 0.12101538479328156, "camera_rotation_final": [1.8609336614608765, -0.00764746917411685, 1.3081233501434326], "skybox_img": 3, "resolution": 512}