{"model_rotation_degrees": 0.0, "vanishing_points_image": {"y": [442.50548974089463, 289.795126371455], "x": [85.49622227012459, 300.78104841458173], "z": [256.0994207784502, 73.27970849858467]}, "point_uuid": "19", "field_of_view_rads": 1.3089969389957472, "point_pitch": -0.2121928175303598, "camera_rotation_original": [1.5743488073349, -0.006772358436137438, -1.2924582958221436], "camera_uuid": "b2b91e26cb9a4190a097925afea72a8a", "camera_location": [1.962995, 0.554659, 1.477478], "nonfixated_points_in_view": [0, 33, 97, 100, 38, 10, 46, 80, 52, 54, 86, 89, 26, 93, 63], "point_location": [-0.74021315574646, 3.8177809715270996, 0.5307125449180603], "bounding_box_ranges": {"y": [-0.7416971724495107, 2.0787628982713673], "x": [0.554659, 6.515601004087952], "z": [-0.013154789849682436, 2.4453011084226057]}, "view_id": 0, "vanishing_points_gaussian_sphere": {"y": [0.7700061829694909, -0.1395264895226821, 0.6225936370621147], "x": [-0.6380362028955046, -0.1675735897030109, 0.7515509934986007], "z": [0.000531021131391801, 0.9759361919487995, 0.2180556517521024]}, "camera_rotation_from_original_to_final": [-0.05636864900588989, 0.21634811162948608, 1.977461338043213], "point_normal": [0.9993535876274109, 0.01568739116191864, 0.03234681859612465], "skybox_img_path": "./img/high/b2b91e26cb9a4190a097925afea72a8a_skybox3.jpg", "room": "0_2", "camera_distance": 4.341850379960805, "obliqueness_angle": 0.9052936434745789, "camera_rotation_final": [1.3509745597839355, -0.0005310211563482881, 0.6919453144073486], "skybox_img": 3, "resolution": 512}