{"model_rotation_degrees": 0.0, "vanishing_points_image": {"y": [429.0566788391883, 252.17102137403938], "x": [229.47685292836135, 189.4955950535595], "z": [255.17365771035708, 107.94419270486522]}, "point_uuid": "57", "field_of_view_rads": 1.3089969389957472, "point_pitch": 0.2015926400807242, "camera_rotation_original": [1.5776946544647217, 0.0030656252056360245, -2.669447660446167], "camera_uuid": "c3d17a6983f9472b926dbc4e505ec89c", "camera_location": [5.294113, 2.145316, 1.475611], "nonfixated_points_in_view": [2, 27, 4, 42], "point_location": [5.538299083709717, -0.8856225609779358, 2.113563299179077], "bounding_box_ranges": {"y": [3.492922113840243, 7.545561372184467], "x": [-0.9149617145484554, 2.145316], "z": [0.019063257501447994, 2.455061260247904]}, "view_id": 0, "vanishing_points_gaussian_sphere": {"y": [0.9966628765300138, 0.022051739794845024, 0.07859281976706792], "x": [-0.08144491402337822, 0.2042157941668473, 0.9755319755869248], "z": [-0.005462282182650312, 0.9786774903842554, -0.20533030289884827]}, "camera_rotation_from_original_to_final": [-0.1774173527956009, -0.09263234585523605, -0.3832189738750458], "point_normal": [0.00561416195705533, 0.9972900152206421, 0.07335606962442398], "skybox_img_path": "./img/high/c3d17a6983f9472b926dbc4e505ec89c_skybox4.jpg", "room": "0_5", "camera_distance": 3.106959488979771, "obliqueness_angle": 0.29298901557922363, "camera_rotation_final": [1.777600646018982, 0.005462309345602989, -3.060056209564209], "skybox_img": 4, "resolution": 512}