{"model_rotation_degrees": 0.0, "vanishing_points_image": {"y": [425.9364310090252, 253.9764523259421], "x": [244.48190177432616, 320.78766037332076], "z": [252.4362372393616, 74.58464312931139]}, "point_uuid": "23", "field_of_view_rads": 1.3089969389957472, "point_pitch": -0.19793443282576995, "camera_rotation_original": [1.5862772464752197, -0.011492825113236904, -0.8451048135757446], "camera_uuid": "afeb188da5b044978973594d81adbdf2", "camera_location": [5.363377, 5.823519, 1.464672], "nonfixated_points_in_view": [69, 59, 78, 57, 27, 28], "point_location": [5.56543493270874, 0.6618595123291016, 0.42348137497901917], "bounding_box_ranges": {"y": [4.776179185912456, 5.9157725097918075], "x": [3.917481350879294, 5.823519], "z": [-0.004300884687906237, 2.3922484082754094]}, "view_id": 2, "vanishing_points_gaussian_sphere": {"y": [0.9991937358915399, 0.011898073580756752, 0.03834467368715584], "x": [-0.03523054978176492, -0.1981668196698183, 0.9795349508537327], "z": [-0.019253220956041296, 0.9800960909150779, 0.19758786920203683]}, "camera_rotation_from_original_to_final": [-0.12062718719244003, 0.1803390234708786, -2.2713277339935303], "point_normal": [-0.578569769859314, 0.8149556517601013, 0.033234305679798126], "skybox_img_path": "./img/high/afeb188da5b044978973594d81adbdf2_skybox1.jpg", "room": "0_7", "camera_distance": 5.269500549232629, "obliqueness_angle": 0.5969939231872559, "camera_rotation_final": [1.3718622922897339, 0.01925441063940525, -3.1063482761383057], "skybox_img": 1, "resolution": 512}