{"model_rotation_degrees": 0.0, "vanishing_points_image": {"y": [390.9300076898206, 264.4706833531143], "x": [359.9703273508938, 200.57337690556318], "z": [255.36659715700367, 106.24674171081652]}, "point_uuid": "9", "field_of_view_rads": 1.3089969389957472, "point_pitch": 0.19631154934433503, "camera_rotation_original": [1.5785316228866577, 0.0028458000160753727, 1.9192692041397095], "camera_uuid": "4c0d1c450c3c414c8e903e49190ad5f3", "camera_location": [0.164657, 1.413222, 1.481392], "nonfixated_points_in_view": [35, 38, 72, 73, 10, 75, 13, 16, 17, 18, 48, 51, 53, 83, 86, 89, 94, 31], "point_location": [1.387424349784851, 4.844126224517822, 2.178821325302124], "bounding_box_ranges": {"y": [-0.725716748296108, 4.672314869609361], "x": [1.413222, 6.878200438149988], "z": [-0.014738809876092773, 2.445296307022525]}, "view_id": 0, "vanishing_points_gaussian_sphere": {"y": [0.9422225511977376, -0.059151177829227256, -0.3297238271278585], "x": [0.33496179957637573, 0.17856826932453107, 0.925156184660189], "z": [-0.0041541351666383106, 0.9821479070648458, -0.1880644352586645]}, "camera_rotation_from_original_to_final": [-0.0638575553894043, 0.1699695885181427, -2.266915798187256], "point_normal": [-0.9991857409477234, -0.039748404175043106, -0.006924840155988932], "skybox_img_path": "./img/high/4c0d1c450c3c414c8e903e49190ad5f3_skybox1.jpg", "room": "0_2", "camera_distance": 3.708459576947435, "obliqueness_angle": 1.1944434642791748, "camera_rotation_final": [1.7599890232086182, 0.0041541471146047115, -0.3415677547454834], "skybox_img": 1, "resolution": 512}