{"model_rotation_degrees": 0.0, "vanishing_points_image": {"y": [421.5247917402711, 254.5912510464607], "x": [261.43578327123936, 317.86589427342005], "z": [254.99142599167047, 75.10713402491322]}, "point_uuid": "10", "field_of_view_rads": 1.3089969389957472, "point_pitch": -0.19634966453048186, "camera_rotation_original": [1.5759177207946777, 0.006587443873286247, -0.21082322299480438], "camera_uuid": "1eea2dc63a804bb98c4433aaf5355d4d", "camera_location": [0.081101, -0.078128, 1.481538], "nonfixated_points_in_view": [0, 9, 13, 18, 19, 26, 31, 33, 35, 38, 46, 48, 51, 53, 54, 56, 63, 72, 73, 79, 83, 84, 86, 89, 93, 94, 97, 100], "point_location": [0.18336328864097595, 6.503581523895264, 0.21524910628795624], "bounding_box_ranges": {"y": [-0.7416976828737746, 4.675563095290252], "x": [-0.078128, 6.892804945209477], "z": [-0.012917674366972332, 2.445309133484956]}, "view_id": 2, "vanishing_points_gaussian_sphere": {"y": [0.9998474135361288, 0.008509504725601122, -0.015255752175443608], "x": [0.016588350770448384, -0.18879581906159912, 0.9818762474586992], "z": [-0.0054750583403416495, 0.9819794942024935, 0.18890817002444585]}, "camera_rotation_from_original_to_final": [-0.1911587417125702, 0.03962869197130203, 0.19161498546600342], "point_normal": [0.025455135852098465, -0.9996576309204102, 0.0060666631907224655], "skybox_img_path": "./img/high/1eea2dc63a804bb98c4433aaf5355d4d_skybox4.jpg", "room": "0_2", "camera_distance": 6.703196451833348, "obliqueness_angle": 0.18843968212604523, "camera_rotation_final": [1.3807432651519775, 0.005475085694342852, -0.016589360311627388], "skybox_img": 4, "resolution": 512}