{"model_rotation_degrees": 0.0, "vanishing_points_image": {"y": [353.28877193628887, 268.35683813990784], "x": [428.38987338593734, 226.9565509481507], "z": [256.90387342739916, 102.14267479615384]}, "point_uuid": "65", "field_of_view_rads": 1.3089969389957472, "point_pitch": 0.1527816812184195, "camera_rotation_original": [1.579675316810608, 0.0016688042087480426, -0.18222443759441376], "camera_uuid": "421bc59cb37942a2a1b69459e69c6733", "camera_location": [4.087351, 5.595419, 1.470996], "nonfixated_points_in_view": [66, 67, 68, 37, 70, 98, 40, 99, 104, 44, 77, 92, 48, 17, 49, 20, 84, 60, 29, 95], "point_location": [-0.07654492557048798, 0.595660388469696, 2.426851272583008], "bounding_box_ranges": {"y": [-0.737732555814846, 4.120156882016662], "x": [-0.9697532643914624, 5.595419], "z": [-0.018624698549654983, 2.44431271609447]}, "view_id": 3, "vanishing_points_gaussian_sphere": {"y": [0.7678559029795016, -0.09752688742030827, -0.6331554457553382], "x": [0.640596229949904, 0.10792469187389328, 0.7602557011018695], "z": [0.005812265780587117, 0.9893638193880105, -0.14534596813281098]}, "camera_rotation_from_original_to_final": [0.13340584933757782, -0.03209362179040909, 2.626668691635132], "point_normal": [-0.0043112109415233135, -0.005842018406838179, -0.9999736547470093], "skybox_img_path": "./img/high/421bc59cb37942a2a1b69459e69c6733_skybox2.jpg", "room": "0_2", "camera_distance": 6.576417909873925, "obliqueness_angle": 1.43218195438385, "camera_rotation_final": [1.7166614532470703, -0.005812298506498337, 2.4463040828704834], "skybox_img": 2, "resolution": 512}