{"model_rotation_degrees": 0.0, "vanishing_points_image": {"y": [445.97676782109545, 286.3930641804157], "x": [117.82410545640488, 333.09583917152906], "z": [254.3897850391673, 68.61326453560967]}, "point_uuid": "22", "field_of_view_rads": 1.3089969389957472, "point_pitch": -0.3070757826182504, "camera_rotation_original": [1.5759177207946777, 0.006587443873286247, -0.21082322299480438], "camera_uuid": "1eea2dc63a804bb98c4433aaf5355d4d", "camera_location": [0.081101, -0.078128, 1.481538], "nonfixated_points_in_view": [34, 39, 8, 72, 73, 11, 75, 13, 14, 15, 16, 17, 18, 48, 83, 53, 84, 56, 91, 31], "point_location": [2.957514524459839, 1.5201700925827026, 0.4322492182254791], "bounding_box_ranges": {"y": [0.081101, 4.783201612743261], "x": [-0.7621849126493139, 6.892977243649462], "z": [-0.015698861725732538, 2.4452976651500262]}, "view_id": 0, "vanishing_points_gaussian_sphere": {"y": [0.875355534178324, -0.14004205480544885, 0.4627536187532721], "x": [-0.48341045601963495, -0.26972095888524744, 0.8328054606862945], "z": [-0.008186561810043697, 0.952700806771932, 0.30379952761951434]}, "camera_rotation_from_original_to_final": [-0.3069016933441162, 0.06652221828699112, -0.8633633255958557], "point_normal": [-0.970449686050415, 0.025052808225154877, 0.23999957740306854], "skybox_img_path": "./img/high/1eea2dc63a804bb98c4433aaf5355d4d_skybox1.jpg", "room": "0_2", "camera_distance": 3.4538846280798086, "obliqueness_angle": 0.5165784955024719, "camera_rotation_final": [1.262107491493225, 0.00818665325641632, -1.066231369972229], "skybox_img": 1, "resolution": 512}