{"model_rotation_degrees": 0.0, "vanishing_points_image": {"y": [447.5715162131157, 253.0208290247932], "x": [128.074287723879, 249.19810063735642], "z": [255.42377904308472, 91.3960718684267]}, "point_uuid": "36", "field_of_view_rads": 1.3089969389957472, "point_pitch": 0.04219372669724031, "camera_rotation_original": [1.5872206687927246, -0.0005325089441612363, -1.320854663848877], "camera_uuid": "79c2e897db51429e80749b3cde7e79d4", "camera_location": [6.713179, 1.533762, 1.484844], "nonfixated_points_in_view": [96, 1, 2, 4, 103, 42, 27], "point_location": [3.511457681655884, 0.05753563717007637, 1.577016830444336], "bounding_box_ranges": {"y": [3.4710803635696044, 6.713179], "x": [-0.9153264925419171, 2.2748538049984934], "z": [-0.024166791210426863, 2.452359195351803]}, "view_id": 1, "vanishing_points_gaussian_sphere": {"y": [0.9080762480057152, 0.014121694366733351, 0.4185667277222064], "x": [-0.4187902598775888, 0.02226737026559776, 0.907809937406017], "z": [-0.00349943417208109, 0.9996523105408537, -0.02613449809749418]}, "camera_rotation_from_original_to_final": [0.006309401243925095, -0.008414078503847122, -2.9594597816467285], "point_normal": [0.9997629523277283, 0.0177087914198637, -0.012666529044508934], "skybox_img_path": "./img/high/79c2e897db51429e80749b3cde7e79d4_skybox2.jpg", "room": "0_5", "camera_distance": 3.526862706131146, "obliqueness_angle": 0.4144493043422699, "camera_rotation_final": [1.5969339609146118, 0.0034994413144886494, -4.2802734375], "skybox_img": 2, "resolution": 512}