{"model_rotation_degrees": 0.0, "vanishing_points_image": {"y": [437.7779145974925, 256.59096425997194], "x": [189.77424647394488, 268.39805661263773], "z": [255.22067785589684, 86.09555779420307]}, "point_uuid": "87", "field_of_view_rads": 1.3089969389957472, "point_pitch": -0.04074017604323821, "camera_rotation_original": [1.5762215852737427, -0.0002412118628853932, -1.888368844985962], "camera_uuid": "029e8bd017804e6aba4c5206f049bf52", "camera_location": [2.031441, 2.853197, 1.471538], "nonfixated_points_in_view": [32, 34, 99, 68, 5, 104, 77, 47, 15, 60], "point_location": [2.8112218379974365, -0.9091724157333374, 1.3261260986328125], "bounding_box_ranges": {"y": [0.18651717356588327, 4.083711794569736], "x": [-0.9796546505176917, 2.853197], "z": [-0.01050693630257693, 2.445309702857774]}, "view_id": 0, "vanishing_points_gaussian_sphere": {"y": [0.979215039464704, -0.0031834510393189863, 0.20279983265678098], "x": [-0.20277302099334363, -0.03796093301984065, 0.9784896879995703], "z": [-0.004583496849693813, 0.9992741531750651, 0.03781743450956736]}, "camera_rotation_from_original_to_final": [0.018100012093782425, 0.039579931646585464, -1.048580527305603], "point_normal": [0.32426273822784424, 0.9422584772109985, 0.08368226140737534], "skybox_img_path": "./img/high/029e8bd017804e6aba4c5206f049bf52_skybox1.jpg", "room": "0_2", "camera_distance": 3.845078398690587, "obliqueness_angle": 0.5367121696472168, "camera_rotation_final": [1.5329694747924805, 0.004583512898534536, -2.937401533126831], "skybox_img": 1, "resolution": 512}