{"model_rotation_degrees": 0.0, "vanishing_points_image": {"y": [408.5946329327141, 262.3418644128811], "x": [308.24503225599767, 186.330148256606], "z": [256.8120714961447, 109.44313371024741]}, "point_uuid": "75", "field_of_view_rads": 1.3089969389957472, "point_pitch": 0.23081131378677888, "camera_rotation_original": [1.577962040901184, 0.007169065065681934, 1.18436598777771], "camera_uuid": "57ed0722da4246b593ad7c4c816002a1", "camera_location": [0.693011, 5.590496, 1.490906], "nonfixated_points_in_view": [16, 41, 40, 31], "point_location": [4.656252384185791, 4.942971229553223, 2.398334503173828], "bounding_box_ranges": {"y": [0.693011, 5.055559887900026], "x": [4.2487307549619935, 6.884888136486567], "z": [-0.012908077041008825, 2.441508485827418]}, "view_id": 3, "vanishing_points_gaussian_sphere": {"y": [0.9867023666517348, -0.04100755383666346, -0.15727943340500275], "x": [0.1624476204726486, 0.21662732599992413, 0.96264394883721], "z": [0.005404650464171305, 0.9753927322665756, -0.22040827478773203]}, "camera_rotation_from_original_to_final": [0.09382443130016327, 0.19421851634979248, -2.909379243850708], "point_normal": [-0.997501015663147, -0.006629338022321463, -0.07034127414226532], "skybox_img_path": "./img/high/57ed0722da4246b593ad7c4c816002a1_skybox2.jpg", "room": "0_2", "camera_distance": 4.117037399422331, "obliqueness_angle": 0.2254239320755005, "camera_rotation_final": [1.7930326461791992, -0.005404676776379347, -1.7339694499969482], "skybox_img": 2, "resolution": 512}