{"model_rotation_degrees": 0.0, "vanishing_points_image": {"y": [367.1445295494938, 246.45453169142021], "x": [410.1415133489798, 284.44680839436637], "z": [254.5856553158469, 79.64727875745115]}, "point_uuid": "13", "field_of_view_rads": 1.3089969389957472, "point_pitch": -0.12531559070083098, "camera_rotation_original": [1.5759177207946777, 0.006587443873286247, -0.21082322299480438], "camera_uuid": "1eea2dc63a804bb98c4433aaf5355d4d", "camera_location": [0.081101, -0.078128, 1.481538], "nonfixated_points_in_view": [8, 9, 10, 11, 14, 16, 17, 18, 22, 31, 35, 38, 39, 48, 51, 53, 56, 72, 73, 75, 79, 83, 84, 86, 89, 91, 93, 94, 97], "point_location": [2.7075071334838867, 4.056730270385742, 0.8769252896308899], "bounding_box_ranges": {"y": [-0.3772688779779717, 4.786217790334109], "x": [-0.078128, 6.891248041873097], "z": [-0.017983185804582025, 2.4452905615696996]}, "view_id": 3, "vanishing_points_gaussian_sphere": {"y": [0.8435573328990541, 0.07244755833054566, -0.532130038058534], "x": [0.5369801442813151, -0.09909965812627011, 0.8377538913110905], "z": [-0.00795931905708199, 0.9924367027932807, 0.12249914362536986]}, "camera_rotation_from_original_to_final": [-0.12483013421297073, 0.028095977380871773, -0.3568744659423828], "point_normal": [-0.013771548867225647, -0.6667020320892334, -0.7451971769332886], "skybox_img_path": "./img/high/1eea2dc63a804bb98c4433aaf5355d4d_skybox4.jpg", "room": "0_2", "camera_distance": 4.935647629078173, "obliqueness_angle": 1.0763158798217773, "camera_rotation_final": [1.4479848146438599, 0.007959403097629547, -0.5668734312057495], "skybox_img": 4, "resolution": 512}