{"model_rotation_degrees": 0.0, "vanishing_points_image": {"y": [445.0616887196896, 278.87540981138335], "x": [88.22522654172873, 286.70375714223195], "z": [257.2898989027018, 77.90449404332065]}, "point_uuid": "84", "field_of_view_rads": 1.3089969389957472, "point_pitch": -0.1421775062892099, "camera_rotation_original": [1.579675316810608, 0.0016688042087480426, -0.18222443759441376], "camera_uuid": "421bc59cb37942a2a1b69459e69c6733", "camera_location": [4.087351, 5.595419, 1.470996], "nonfixated_points_in_view": [65, 66, 67, 68, 37, 70, 98, 40, 41, 99, 104, 44, 77, 92, 48, 17, 49, 20, 60, 95], "point_location": [2.7368404865264893, 4.552290439605713, 1.2171409130096436], "bounding_box_ranges": {"y": [-0.73522407455481, 4.087351], "x": [-0.9730499904358432, 5.719057052331937], "z": [-0.017027381064242064, 2.4453036739562677]}, "view_id": 6, "vanishing_points_gaussian_sphere": {"y": [0.7907396279367285, -0.09567508449568643, 0.6046297371261421], "x": [-0.6121107105804151, -0.11201981212327214, 0.7827975726103181], "z": [0.007163714345496598, 0.9890893993459894, 0.14714224851539429]}, "camera_rotation_from_original_to_final": [-0.15559056401252747, 0.019590267911553383, 2.4098095893859863], "point_normal": [0.301931232213974, -0.1624569296836853, 0.9393856525421143], "skybox_img_path": "./img/high/421bc59cb37942a2a1b69459e69c6733_skybox2.jpg", "room": "0_2", "camera_distance": 1.7252355520987799, "obliqueness_angle": 1.290804147720337, "camera_rotation_final": [1.4231140613555908, -0.007163775619119406, 2.2295432090759277], "skybox_img": 2, "resolution": 512}