{"model_rotation_degrees": 0.0, "vanishing_points_image": {"y": [379.61064774594075, 262.86124271269597], "x": [386.38279488968453, 213.4537757026304], "z": [253.42688828091377, 102.52994757656079]}, "point_uuid": "59", "field_of_view_rads": 1.3089969389957472, "point_pitch": 0.15966184536484285, "camera_rotation_original": [1.5862772464752197, -0.011492825113236904, -0.8451048135757446], "camera_uuid": "afeb188da5b044978973594d81adbdf2", "camera_location": [5.363377, 5.823519, 1.464672], "nonfixated_points_in_view": [57, 27, 69, 23], "point_location": [4.782374382019043, 4.624932289123535, 1.665702223777771], "bounding_box_ranges": {"y": [4.7766353257720535, 5.8148048653196], "x": [3.917490594305254, 5.823519], "z": [0.40864855948533507, 2.4464415333336116]}, "view_id": 1, "vanishing_points_gaussian_sphere": {"y": [0.900817241859879, -0.05000156417661788, -0.43130979625769206], "x": [0.4338819293986004, 0.14158338837871337, 0.8897755983822834], "z": [-0.01657613070979621, 0.9886627269777566, -0.14923553255038755]}, "camera_rotation_from_original_to_final": [0.11038023233413696, -0.08170574903488159, -2.750209331512451], "point_normal": [0.9999818801879883, -0.006021793931722641, -2.014445090026129e-05], "skybox_img_path": "./img/high/afeb188da5b044978973594d81adbdf2_skybox2.jpg", "room": "0_7", "camera_distance": 1.3470664433726147, "obliqueness_angle": 1.1307882070541382, "camera_rotation_final": [1.7206121683120728, 0.016576889902353287, -3.5904557704925537], "skybox_img": 2, "resolution": 512}