{"model_rotation_degrees": 0.0, "vanishing_points_image": {"y": [352.1803855680312, 226.0501201938168], "x": [424.22479004184646, 329.65647766339265], "z": [258.70746817008217, 65.82899433392268]}, "point_uuid": "14", "field_of_view_rads": 1.3089969389957472, "point_pitch": -0.37043814261886077, "camera_rotation_original": [1.5872206687927246, -0.0005325089441612363, -1.320854663848877], "camera_uuid": "79c2e897db51429e80749b3cde7e79d4", "camera_location": [6.713179, 1.533762, 1.484844], "nonfixated_points_in_view": [96, 39, 71, 72, 74, 43, 11, 103, 48, 83, 84, 55, 61, 62], "point_location": [3.9198901653289795, 3.9958858489990234, -0.003084688214585185], "bounding_box_ranges": {"y": [3.4773302514858115, 6.7423812443413755], "x": [1.3370556498076787, 2.7444886002895794], "z": [-0.008881608607983038, 2.3334289523086222]}, "view_id": 2, "vanishing_points_gaussian_sphere": {"y": [0.7535935483158986, 0.23466360694522068, -0.6140274875867631], "x": [0.6572077422886888, -0.2877554929808738, 0.6966166519220874], "z": [0.013219206196195998, 0.9285094333579995, 0.37107342232063606]}, "camera_rotation_from_original_to_final": [-0.11643566191196442, 0.38021689653396606, 2.149272918701172], "point_normal": [-0.05377311632037163, -0.0189367588609457, 0.9983736276626587], "skybox_img_path": "./img/high/79c2e897db51429e80749b3cde7e79d4_skybox3.jpg", "room": "0_5", "camera_distance": 4.009794105989785, "obliqueness_angle": 1.218942642211914, "camera_rotation_final": [1.1905966997146606, -0.013219591230154037, 0.8536120653152466], "skybox_img": 3, "resolution": 512}