{"model_rotation_degrees": 0.0, "vanishing_points_image": {"y": [405.0013828522097, 252.8266014989344], "x": [320.11525075617516, 279.22234850483665], "z": [254.87073286880096, 83.26761906249085]}, "point_uuid": "35", "field_of_view_rads": 1.3089969389957472, "point_pitch": -0.07913236220809416, "camera_rotation_original": [1.5759177207946777, 0.006587443873286247, -0.21082322299480438], "camera_uuid": "1eea2dc63a804bb98c4433aaf5355d4d", "camera_location": [0.081101, -0.078128, 1.481538], "nonfixated_points_in_view": [0, 9, 10, 11, 13, 14, 16, 17, 18, 19, 26, 31, 33, 38, 39, 46, 48, 51, 53, 54, 56, 63, 72, 73, 75, 79, 83, 84, 86, 89, 93, 94, 97], "point_location": [1.384885311126709, 6.4466094970703125, 0.9887735843658447], "bounding_box_ranges": {"y": [-0.7416988396367646, 4.791214664812193], "x": [-0.078128, 6.89182551149796], "z": [-0.01320274017987133, 2.44530135971259]}, "view_id": 0, "vanishing_points_gaussian_sphere": {"y": [0.9804987050747004, 0.020882444588229486, -0.19541292908826527], "x": [0.19641736987504113, -0.0711417730079187, 0.9779361251864362], "z": [-0.006519674701023728, 0.9972475979621658, 0.07385609115356387]}, "camera_rotation_from_original_to_final": [-0.0773114338517189, 0.016478698700666428, 0.012997156009078026], "point_normal": [-0.9622288942337036, -0.05457223951816559, 0.2667161822319031], "skybox_img_path": "./img/high/1eea2dc63a804bb98c4433aaf5355d4d_skybox4.jpg", "room": "0_2", "camera_distance": 6.671946300733097, "obliqueness_angle": 1.306636095046997, "camera_rotation_final": [1.4968713521957397, 0.0065197208896279335, -0.19770702719688416], "skybox_img": 4, "resolution": 512}