{"model_rotation_degrees": 0.0, "vanishing_points_image": {"y": [412.25237889087185, 252.56181674915803], "x": [294.6322798671988, 341.26131397512614], "z": [258.111408531317, 70.46425418800746]}, "point_uuid": "97", "field_of_view_rads": 1.3089969389957472, "point_pitch": -0.2663828571650644, "camera_rotation_original": [1.5825356245040894, -0.0012060842709615827, -0.39747294783592224], "camera_uuid": "f9db34b350e54e138bcc5d0815a85293", "camera_location": [5.237017, 3.272563, 1.485191], "nonfixated_points_in_view": [0, 33, 38, 74, 43, 46, 79, 48, 17, 18, 19, 61, 84, 54, 86, 93, 89, 26, 29, 63], "point_location": [0.025510288774967194, 3.923286199569702, 0.027542835101485252], "bounding_box_ranges": {"y": [-0.7416766488222777, 5.237017], "x": [1.523733481570528, 6.875884394675598], "z": [-0.012005066572276846, 2.4453120511351534]}, "view_id": 4, "vanishing_points_gaussian_sphere": {"y": [0.9926074543924333, 0.021841371943120778, -0.11938758711112359], "x": [0.12087271639541093, -0.266765685562496, 0.9561515860142502], "z": [0.010964849099209015, 0.9635138937649077, 0.2674336340220089]}, "camera_rotation_from_original_to_final": [-0.26517346501350403, 0.09901145845651627, 1.8321466445922852], "point_normal": [0.5118518471717834, -0.7090684175491333, 0.4850049316883087], "skybox_img_path": "./img/high/f9db34b350e54e138bcc5d0815a85293_skybox3.jpg", "room": "0_2", "camera_distance": 5.450502940253499, "obliqueness_angle": 0.7901079654693604, "camera_rotation_final": [1.300050973892212, -0.010965068824589252, 1.449620008468628], "skybox_img": 3, "resolution": 512}