{"model_rotation_degrees": 0.0, "vanishing_points_image": {"y": [416.081516935916, 254.69540316768175], "x": [281.0495025959458, 332.42741659291335], "z": [257.9851316120926, 72.21224982447194]}, "point_uuid": "3", "field_of_view_rads": 1.3089969389957472, "point_pitch": -0.23125211795302825, "camera_rotation_original": [1.5834180116653442, 0.001621261122636497, -2.377124547958374], "camera_uuid": "c2e7d52588e94b929f2f91a2249562c5", "camera_location": [4.816021, -0.326724, 1.48248], "nonfixated_points_in_view": [96, 103, 45, 78, 21, 55, 62], "point_location": [5.304539680480957, 5.761106967926025, -0.001976726111024618], "bounding_box_ranges": {"y": [3.4860456911088926, 7.545798991329326], "x": [-0.326724, 2.7444160014225267], "z": [-0.01013724102187874, 2.4452012397062615]}, "view_id": 1, "vanishing_points_gaussian_sphere": {"y": [0.9969417271397195, 0.008124654514318623, -0.07772504536310017], "x": [0.07744060370438757, -0.23627556107560596, 0.9685952777792733], "z": [0.010495026706636344, 0.9716521235645146, 0.23618214409009933]}, "camera_rotation_from_original_to_final": [0.17469832301139832, 0.18165506422519684, 2.3144335746765137], "point_normal": [-0.004332066513597965, -0.020118311047554016, 0.9997882843017578], "skybox_img_path": "./img/high/c2e7d52588e94b929f2f91a2249562c5_skybox3.jpg", "room": "0_5", "camera_distance": 6.285216770390473, "obliqueness_angle": 1.3119603395462036, "camera_rotation_final": [1.3323479890823364, -0.010495219379663467, -0.07752249389886856], "skybox_img": 3, "resolution": 512}