{"model_rotation_degrees": 0.0, "vanishing_points_image": {"y": [408.5838932144157, 253.54986690630778], "x": [308.3692127955842, 272.3102843547525], "z": [254.6696065445241, 85.0135941827955]}, "point_uuid": "16", "field_of_view_rads": 1.3089969389957472, "point_pitch": -0.04333905776473479, "camera_rotation_original": [1.5761680603027344, 0.00989445485174656, -0.4241592288017273], "camera_uuid": "4941e1733c7d43ffb521d1025e32e0eb", "camera_location": [1.857551, 5.637887, 1.476438], "nonfixated_points_in_view": [64, 101, 8, 75, 81, 50, 24, 90, 31], "point_location": [4.663140296936035, 5.186703205108643, 1.3300076723098755], "bounding_box_ranges": {"y": [1.857551, 5.9215446935509215], "x": [2.4828988607548226, 6.893048337802226], "z": [-0.015697819777322986, 2.4435594509435488]}, "view_id": 3, "vanishing_points_gaussian_sphere": {"y": [0.9872211698632575, 0.015852415403220188, -0.15856564161162162], "x": [0.15916653701849676, -0.04957209283756552, 0.9860064001340171], "z": [-0.007770152338338727, 0.9986447358984012, 0.051461793546780675]}, "camera_rotation_from_original_to_final": [-0.052694063633680344, 0.021467024460434914, -1.3065516948699951], "point_normal": [-0.9998881220817566, 0.013060194440186024, 0.007297165226191282], "skybox_img_path": "./img/high/4941e1733c7d43ffb521d1025e32e0eb_skybox1.jpg", "room": "0_2", "camera_distance": 2.8454067217242525, "obliqueness_angle": 0.1528414636850357, "camera_rotation_final": [1.5193102359771729, 0.007770230527967215, -1.7306475639343262], "skybox_img": 1, "resolution": 512}