{"model_rotation_degrees": 0.0, "vanishing_points_image": {"y": [442.83904523269837, 271.89235365600723], "x": [158.62678490153473, 333.13965405266356], "z": [255.41007790515397, 70.66165229755963]}, "point_uuid": "33", "field_of_view_rads": 1.3089969389957472, "point_pitch": -0.2744801481578012, "camera_rotation_original": [1.5759177207946777, 0.006587443873286247, -0.21082322299480438], "camera_uuid": "1eea2dc63a804bb98c4433aaf5355d4d", "camera_location": [0.081101, -0.078128, 1.481538], "nonfixated_points_in_view": [0, 97, 35, 100, 38, 9, 10, 46, 19, 51, 54, 86, 26, 93, 94, 63], "point_location": [-0.7357626557350159, 2.3610923290252686, 0.7786898612976074], "bounding_box_ranges": {"y": [-0.7408289218479797, 1.8461535114436414], "x": [-0.078128, 6.878037139701432], "z": [-0.009906165002671719, 2.4453080110526573]}, "view_id": 5, "vanishing_points_gaussian_sphere": {"y": [0.948501955043884, -0.08067868519772112, 0.3063249761816639], "x": [-0.31675639539062256, -0.25093634563357936, 0.9147110671787044], "z": [-0.0030703838635377633, 0.9646356307927009, 0.26356910393310284]}, "camera_rotation_from_original_to_final": [-0.26676955819129944, 0.05301107093691826, 0.5273387432098389], "point_normal": [0.9999902248382568, 0.004309912212193012, 0.0010702030267566442], "skybox_img_path": "./img/high/1eea2dc63a804bb98c4433aaf5355d4d_skybox4.jpg", "room": "0_2", "camera_distance": 2.6666567132932952, "obliqueness_angle": 1.2633121013641357, "camera_rotation_final": [1.304074764251709, 0.003070388687774539, 0.3223094046115875], "skybox_img": 4, "resolution": 512}