{"model_rotation_degrees": 0.0, "vanishing_points_image": {"y": [347.2118727137941, 232.29726432507266], "x": [432.4695092786005, 304.48473902001695], "z": [254.40447523211077, 70.49084314401843]}, "point_uuid": "39", "field_of_view_rads": 1.3089969389957472, "point_pitch": -0.2710835178706308, "camera_rotation_original": [1.5759177207946777, 0.006587443873286247, -0.21082322299480438], "camera_uuid": "1eea2dc63a804bb98c4433aaf5355d4d", "camera_location": [0.081101, -0.078128, 1.481538], "nonfixated_points_in_view": [8, 9, 11, 13, 14, 16, 17, 18, 22, 31, 35, 48, 51, 53, 56, 72, 73, 75, 83, 84, 89, 91, 94], "point_location": [3.7579293251037598, 3.8353970050811768, -0.005264381878077984], "bounding_box_ranges": {"y": [0.017104843621189275, 4.784744294184728], "x": [-0.078128, 6.892603848772329], "z": [-0.01840351304052401, 2.4452622093458927]}, "view_id": 3, "vanishing_points_gaussian_sphere": {"y": [0.7272043870503545, 0.18897466804554913, -0.659895714709372], "x": [0.6863709480138634, -0.18857941194155786, 0.7023764853085037], "z": [-0.008288617331526575, 0.9637045087727102, 0.26684249772830554]}, "camera_rotation_from_original_to_final": [-0.2690427899360657, 0.05881282687187195, -0.5515980124473572], "point_normal": [-0.012306754477322102, -0.05144136771559715, 0.9986002445220947], "skybox_img_path": "./img/high/1eea2dc63a804bb98c4433aaf5355d4d_skybox4.jpg", "room": "0_2", "camera_distance": 5.5718333561015525, "obliqueness_angle": 1.2548444271087646, "camera_rotation_final": [1.3006715774536133, 0.008288712240755558, -0.7565195560455322], "skybox_img": 4, "resolution": 512}