{"model_rotation_degrees": 0.0, "vanishing_points_image": {"y": [411.4033348201335, 251.03804962782343], "x": [297.8427035600919, 346.5546714806255], "z": [257.26075526934284, 69.44456353950333]}, "point_uuid": "93", "field_of_view_rads": 1.3089969389957472, "point_pitch": -0.2848018844935556, "camera_rotation_original": [1.5785322189331055, -0.004439795855432749, -0.3697104752063751], "camera_uuid": "b20b2b0634e241d794127bb70d0381ec", "camera_location": [4.119016, 3.356542, 1.473925], "nonfixated_points_in_view": [0, 33, 97, 100, 46, 79, 48, 18, 19, 52, 84, 54, 89, 26, 63], "point_location": [0.015087843872606754, 3.9101712703704834, 0.23396697640419006], "bounding_box_ranges": {"y": [-0.7416956669290302, 4.119016], "x": [0.42029354806479935, 6.513350814715274], "z": [-0.012801129890343876, 2.445291751233592]}, "view_id": 1, "vanishing_points_gaussian_sphere": {"y": [0.991259564256144, 0.03165041966105317, -0.12807313225653044], "x": [0.13176708416938732, -0.2851662059021264, 0.9493775173980495], "z": [0.006473932361178945, 0.9579553674084537, 0.2868442125145941]}, "camera_rotation_from_original_to_final": [-0.2803354859352112, 0.10443425923585892, 1.7919625043869019], "point_normal": [0.7220650911331177, -0.6892310976982117, 0.059853971004486084], "skybox_img_path": "./img/high/b20b2b0634e241d794127bb70d0381ec_skybox3.jpg", "room": "0_2", "camera_distance": 4.3227569018183045, "obliqueness_angle": 0.6584312319755554, "camera_rotation_final": [1.2798590660095215, -0.006473977584391832, 1.438642144203186], "skybox_img": 3, "resolution": 512}