{"model_rotation_degrees": 0.0, "vanishing_points_image": {"y": [434.38843770148964, 253.83849672444916], "x": [206.47348136395567, 209.92854442737521], "z": [257.5049660535307, 101.76215076936361]}, "point_uuid": "99", "field_of_view_rads": 1.3089969389957472, "point_pitch": 0.14921338955429597, "camera_rotation_original": [1.5827999114990234, -0.0022284637670964003, 1.2485463619232178], "camera_uuid": "de06f753bd6d4114a5c6e6a781ee950a", "camera_location": [0.724806, 4.289951, 1.483605], "nonfixated_points_in_view": [5, 15, 20, 25, 30, 32, 34, 37, 44, 47, 49, 52, 60, 65, 66, 67, 68, 77, 87, 92, 95, 98, 100, 104], "point_location": [1.5297740697860718, -0.9080048203468323, 2.2341792583465576], "bounding_box_ranges": {"y": [-0.7401473866933318, 3.383111127455344], "x": [-0.9775956580418717, 4.289951], "z": [-0.019371129797255415, 2.445270033065478]}, "view_id": 1, "vanishing_points_gaussian_sphere": {"y": [0.9883841104877449, 0.011976087238886152, 0.15150387278811017], "x": [-0.15166921710603123, 0.1410884873412012, 0.9783100159572197], "z": [0.009659126140228477, 0.9899245486774325, -0.14126602283631]}, "camera_rotation_from_original_to_final": [0.04840944707393646, 0.12064724415540695, 2.049006938934326], "point_normal": [0.02970127947628498, 0.9994752407073975, -0.012930529192090034], "skybox_img_path": "./img/high/de06f753bd6d4114a5c6e6a781ee950a_skybox3.jpg", "room": "0_2", "camera_distance": 5.313198369067849, "obliqueness_angle": 0.223518967628479, "camera_rotation_final": [1.7125431299209595, -0.009659276343882084, 3.293856620788574], "skybox_img": 3, "resolution": 512}