{"model_rotation_degrees": 0.0, "vanishing_points_image": {"y": [444.3969040555921, 265.78141210673425], "x": [83.09128560564587, 270.74705051603854], "z": [255.29555614512282, 83.76094175193224]}, "point_uuid": "50", "field_of_view_rads": 1.3089969389957472, "point_pitch": -0.06000797351333098, "camera_rotation_original": [1.5784746408462524, 0.0036877563688904047, -0.2543734312057495], "camera_uuid": "cd8bc18ce92741768974d88f6ccbaad1", "camera_location": [3.10099, 5.636439, 1.471228], "nonfixated_points_in_view": [32, 64, 34, 90, 6, 8, 16, 58, 91, 29], "point_location": [7.543033599853516, 0.28950852155685425, 1.0014065504074097], "bounding_box_ranges": {"y": [3.10099, 5.922248531056606], "x": [-0.9033467999838392, 5.636439], "z": [-0.0060148961905548415, 2.442943237379481]}, "view_id": 2, "vanishing_points_gaussian_sphere": {"y": [0.769361871656923, -0.039944634778415, 0.6375631236144195], "x": [-0.6388001716829513, -0.05448203368152612, 0.7674412346647508], "z": [-0.0040805757422804475, 0.9977154575119823, 0.06743303895915873]}, "camera_rotation_from_original_to_final": [-0.07265131175518036, 0.019287478178739548, -2.19468355178833], "point_normal": [-0.9995605945587158, -0.006914979312568903, -0.02882673591375351], "skybox_img_path": "./img/high/cd8bc18ce92741768974d88f6ccbaad1_skybox1.jpg", "room": "0_2", "camera_distance": 6.967219470109669, "obliqueness_angle": 0.8892014622688293, "camera_rotation_final": [1.5033115148544312, 0.004080587066709995, -2.448647975921631], "skybox_img": 1, "resolution": 512}