{"model_rotation_degrees": 0.0, "vanishing_points_image": {"y": [369.0713085236403, 267.27525457876857], "x": [406.02147515227443, 210.89835796423762], "z": [254.50754583416904, 105.30729047466976]}, "point_uuid": "51", "field_of_view_rads": 1.3089969389957472, "point_pitch": 0.1857697526600699, "camera_rotation_original": [1.5824408531188965, 0.001023429213091731, 1.5184667110443115], "camera_uuid": "82b91818426544f3b6c43aa394ec0dd3", "camera_location": [0.187142, 2.810302, 1.478821], "nonfixated_points_in_view": [35, 38, 9, 10, 75, 16, 18, 86, 94], "point_location": [1.3798011541366577, 4.748743534088135, 1.8913425207138062], "bounding_box_ranges": {"y": [-0.050173010417791014, 4.671383230112433], "x": [2.810302, 6.875658440684081], "z": [-0.007493933679783016, 2.4441781100080773]}, "view_id": 1, "vanishing_points_gaussian_sphere": {"y": [0.8525867638522543, -0.08501832107932818, -0.5156235983591061], "x": [0.5224948334407339, 0.15708001084151452, 0.838048339430232], "z": [-0.009744697618711851, 0.9839195878093301, -0.17834597162099833]}, "camera_rotation_from_original_to_final": [4.982316568202805e-06, 0.16789302229881287, -2.0691745281219482], "point_normal": [-0.9962276816368103, 0.08667344599962234, -0.00426408601924777], "skybox_img_path": "./img/high/82b91818426544f3b6c43aa394ec0dd3_skybox1.jpg", "room": "0_2", "camera_distance": 2.3130424417472635, "obliqueness_angle": 1.1131895780563354, "camera_rotation_final": [1.750110149383545, 0.009744851849973202, -0.5498034358024597], "skybox_img": 1, "resolution": 512}