{"model_rotation_degrees": 0.0, "vanishing_points_image": {"y": [445.20404441391605, 241.51248051551116], "x": [85.99641052527771, 237.03113414234397], "z": [255.37587779580323, 97.16505471423258]}, "point_uuid": "58", "field_of_view_rads": 1.3089969389957472, "point_pitch": 0.09930248657730623, "camera_rotation_original": [1.5784746408462524, 0.0036877563688904047, -0.2543734312057495], "camera_uuid": "cd8bc18ce92741768974d88f6ccbaad1", "camera_location": [3.10099, 5.636439, 1.471228], "nonfixated_points_in_view": [32, 64, 34, 6, 8, 16, 50, 90, 91, 29], "point_location": [7.5393476486206055, 0.03760745748877525, 2.1284918785095215], "bounding_box_ranges": {"y": [3.0690283971328522, 5.922804800206747], "x": [-0.9038227001073897, 5.636439], "z": [-0.0074992315672806065, 2.443472980540026]}, "view_id": 5, "vanishing_points_gaussian_sphere": {"y": [0.7834108760630812, 0.05998645730053742, 0.6186024767220113], "x": [-0.6214918254314054, 0.06934556561225436, 0.7803455026152557], "z": [-0.00391282353486718, 0.9957875363100541, -0.09160716315626011]}, "camera_rotation_from_original_to_final": [0.08142450451850891, -0.02089833840727806, -2.217738628387451], "point_normal": [-0.999993622303009, 0.003498116275295615, -0.0008064580033533275], "skybox_img_path": "./img/high/cd8bc18ce92741768974d88f6ccbaad1_skybox1.jpg", "room": "0_2", "camera_distance": 7.174811694867518, "obliqueness_angle": 0.9002651572227478, "camera_rotation_final": [1.6625328063964844, 0.003912833519279957, -2.4709410667419434], "skybox_img": 1, "resolution": 512}