{"model_rotation_degrees": 0.0, "vanishing_points_image": {"y": [416.48503807963067, 256.8113339826161], "x": [280.0895909129309, 207.48822142543594], "z": [255.09532678625632, 102.33341549667185]}, "point_uuid": "86", "field_of_view_rads": 1.3089969389957472, "point_pitch": 0.14192612568405671, "camera_rotation_original": [1.5759177207946777, 0.006587443873286247, -0.21082322299480438], "camera_uuid": "1eea2dc63a804bb98c4433aaf5355d4d", "camera_location": [0.081101, -0.078128, 1.481538], "nonfixated_points_in_view": [0, 9, 10, 13, 16, 17, 18, 19, 26, 31, 33, 35, 38, 46, 48, 51, 53, 54, 56, 63, 72, 73, 79, 83, 84, 89, 93, 94, 97], "point_location": [0.5567976832389832, 6.327682971954346, 2.438554525375366], "bounding_box_ranges": {"y": [-0.7416989892387622, 4.67545435690777], "x": [-0.078128, 6.891772496085306], "z": [-0.015225499297381706, 2.4452613474239975]}, "view_id": 5, "vanishing_points_gaussian_sphere": {"y": [0.9973010287600539, -0.005041866987809177, -0.07324778229690877], "x": [0.07318983655186016, 0.14739018016310487, 0.9863667586739729], "z": [-0.005822873830858622, 0.9890655763743701, -0.14736139172654814]}, "camera_rotation_from_original_to_final": [0.1395142823457718, -0.030463939532637596, 0.13455043733119965], "point_normal": [-0.0011294455034658313, 0.0041487752459943295, -0.9999907612800598], "skybox_img_path": "./img/high/1eea2dc63a804bb98c4433aaf5355d4d_skybox4.jpg", "room": "0_2", "camera_distance": 6.494349868960009, "obliqueness_angle": 1.426950216293335, "camera_rotation_final": [1.7186988592147827, 0.005822906736284494, -0.07325658202171326], "skybox_img": 4, "resolution": 512}