{"model_rotation_degrees": 0.0, "vanishing_points_image": {"y": [373.80100105341, 238.72856723792074], "x": [396.03069327123484, 327.19998713039365], "z": [257.9372965532138, 69.84550396046578]}, "point_uuid": "100", "field_of_view_rads": 1.3089969389957472, "point_pitch": -0.28896574576827483, "camera_rotation_original": [1.5824408531188965, 0.001023429213091731, 1.5184667110443115], "camera_uuid": "82b91818426544f3b6c43aa394ec0dd3", "camera_location": [0.187142, 2.810302, 1.478821], "nonfixated_points_in_view": [104, 44, 77, 46, 52, 92, 95], "point_location": [-0.7310943007469177, 1.1805037260055542, 0.9350513815879822], "bounding_box_ranges": {"y": [-0.7414469328921062, 0.8925966095807717], "x": [-0.9595679568832995, 2.810302], "z": [-0.013066336527573164, 2.44530773379217]}, "view_id": 6, "vanishing_points_gaussian_sphere": {"y": [0.8726171700623485, 0.12793905522869453, -0.47135005320840645], "x": [0.4883025900259877, -0.2482822680756526, 0.8366101218208647], "z": [0.009992751687638234, 0.9602018087393914, 0.27912834217848675]}, "camera_rotation_from_original_to_final": [-0.0044172778725624084, -0.2947145700454712, 1.1122794151306152], "point_normal": [0.9999203085899353, -0.007213909178972244, 0.010363196954131126], "skybox_img_path": "./img/high/82b91818426544f3b6c43aa394ec0dd3_skybox3.jpg", "room": "0_2", "camera_distance": 1.9480979846945097, "obliqueness_angle": 1.0835776329040527, "camera_rotation_final": [1.2878955602645874, -0.009992917999625206, 2.6314210891723633], "skybox_img": 3, "resolution": 512}