{"model_rotation_degrees": 0.0, "vanishing_points_image": {"y": [430.39467597109575, 253.31748034039998], "x": [224.1533304745788, 201.9533044186743], "z": [256.12574659745934, 104.08008892310446]}, "point_uuid": "29", "field_of_view_rads": 1.3089969389957472, "point_pitch": 0.17494948307541414, "camera_rotation_original": [1.5784746408462524, 0.0036877563688904047, -0.2543734312057495], "camera_uuid": "cd8bc18ce92741768974d88f6ccbaad1", "camera_location": [3.10099, 5.636439, 1.471228], "nonfixated_points_in_view": [32, 64, 34, 67, 68, 5, 6, 37, 8, 90, 99, 104, 77, 47, 17, 49, 50, 87, 58, 91, 60], "point_location": [3.387643814086914, 2.706162214279175, 1.9659401178359985], "bounding_box_ranges": {"y": [-0.019603813746636778, 5.92199908907555], "x": [-0.979971820527676, 5.636439], "z": [-0.013096355493539047, 2.445135091951045]}, "view_id": 3, "vanishing_points_gaussian_sphere": {"y": [0.9952622760669572, 0.015309014493368826, 0.09601372773339144], "x": [-0.09722312243309846, 0.16499648408802134, 0.9814906136601359], "z": [0.0008162734705656438, 0.9861753364964232, -0.16570316648690847]}, "camera_rotation_from_original_to_final": [0.15265634655952454, -0.0441192127764225, -2.793445348739624], "point_normal": [0.2567818760871887, 0.9315142631530762, 0.2575739324092865], "skybox_img_path": "./img/high/cd8bc18ce92741768974d88f6ccbaad1_skybox2.jpg", "room": "0_2", "camera_distance": 2.985537069320298, "obliqueness_angle": 0.5605984926223755, "camera_rotation_final": [1.7372673749923706, -0.0008162735612131655, -3.044215679168701], "skybox_img": 2, "resolution": 512}