{"model_rotation_degrees": 0.0, "vanishing_points_image": {"y": [368.8870092172307, 255.05100312932527], "x": [407.67151506910056, 263.77183387406325], "z": [257.32212467449045, 87.0083911170336]}, "point_uuid": "32", "field_of_view_rads": 1.3089969389957472, "point_pitch": -0.02394370635482268, "camera_rotation_original": [1.5785316228866577, 0.0028458000160753727, 1.9192692041397095], "camera_uuid": "4c0d1c450c3c414c8e903e49190ad5f3", "camera_location": [0.164657, 1.413222, 1.481392], "nonfixated_points_in_view": [34, 99, 68, 5, 15, 22, 87], "point_location": [3.3714749813079834, -0.547901451587677, 1.3815891742706299], "bounding_box_ranges": {"y": [0.164657, 3.3842237538161166], "x": [-0.9795982354228532, 1.7605395346117638], "z": [-0.015351023896689409, 2.4453096605433067]}, "view_id": 1, "vanishing_points_gaussian_sphere": {"y": [0.8531981742304474, 0.0071725028683506265, -0.5215375640281672], "x": [0.5215282479948051, -0.026723745076326747, 0.8528154126143387], "z": [0.007820615915667213, 0.999617125029228, 0.02654131336239051]}, "camera_rotation_from_original_to_final": [0.02173709310591221, -0.02857513353228569, 2.2440640926361084], "point_normal": [-0.9998438358306885, 0.012481548823416233, 0.012518361210823059], "skybox_img_path": "./img/high/4c0d1c450c3c414c8e903e49190ad5f3_skybox3.jpg", "room": "0_2", "camera_distance": 3.7602724148669155, "obliqueness_angle": 0.5364587903022766, "camera_rotation_final": [1.5442510843276978, -0.007820695638656616, 4.163729190826416], "skybox_img": 3, "resolution": 512}