{"model_rotation_degrees": 0.0, "vanishing_points_image": {"y": [401.3674128112962, 246.60079736792918], "x": [329.57255691617877, 349.57140016919817], "z": [258.2185853447137, 68.40881161284683]}, "point_uuid": "95", "field_of_view_rads": 1.3089969389957472, "point_pitch": -0.3165442188594003, "camera_rotation_original": [1.5824408531188965, 0.001023429213091731, 1.5184667110443115], "camera_uuid": "82b91818426544f3b6c43aa394ec0dd3", "camera_location": [0.187142, 2.810302, 1.478821], "nonfixated_points_in_view": [99, 68, 100, 104, 44, 77, 46, 60, 92], "point_location": [-0.7208322286605835, -0.8461699485778809, 0.2580554485321045], "bounding_box_ranges": {"y": [-0.7416982391690833, 1.8923070873773542], "x": [-0.9580692712981396, 2.810302], "z": [-0.012561283928019584, 2.445312007052525]}, "view_id": 1, "vanishing_points_gaussian_sphere": {"y": [0.9713356560153693, 0.06280486443337474, -0.22926533178109945], "x": [0.2374457412612393, -0.30198937491516614, 0.9232669913926567], "z": [0.01125003600406684, 0.9512402254119896, 0.3082457951830886]}, "camera_rotation_from_original_to_final": [-0.004747035447508097, -0.3252054452896118, 1.3824769258499146], "point_normal": [0.9992681741714478, 0.02664410136640072, -0.02744772657752037], "skybox_img_path": "./img/high/82b91818426544f3b6c43aa394ec0dd3_skybox3.jpg", "room": "0_2", "camera_distance": 3.9603627406741073, "obliqueness_angle": 1.3230326175689697, "camera_rotation_final": [1.2574273347854614, -0.011250273324549198, 2.901841640472412], "skybox_img": 3, "resolution": 512}