{"model_rotation_degrees": 0.0, "vanishing_points_image": {"y": [423.1926111621061, 256.535145708561], "x": [254.5456046053152, 235.4514879912059], "z": [256.5626272994263, 94.48812885803656]}, "point_uuid": "1", "field_of_view_rads": 1.3089969389957472, "point_pitch": 0.07779498497513337, "camera_rotation_original": [1.5872206687927246, -0.0005325089441612363, -1.320854663848877], "camera_uuid": "79c2e897db51429e80749b3cde7e79d4", "camera_location": [6.713179, 1.533762, 1.484844], "nonfixated_points_in_view": [96, 2, 4, 36, 71, 8, 72, 103, 83, 21, 55, 62], "point_location": [3.5099005699157715, 1.5190826654434204, 1.6828476190567017], "bounding_box_ranges": {"y": [3.473422593913191, 6.713179], "x": [-0.906059293076986, 2.7323014034362507], "z": [-0.024296004061327592, 2.4463865388425745]}, "view_id": 0, "vanishing_points_gaussian_sphere": {"y": [0.9999844171880277, -0.003200723798536775, 0.004573920450368466], "x": [-0.004367712584075013, 0.06170948753882511, 0.9980845967324006], "z": [0.003476847408749965, 0.9980890213377067, -0.06169454608987084]}, "camera_rotation_from_original_to_final": [0.008358394727110863, -0.04462980479001999, 2.895923137664795], "point_normal": [0.9998922348022461, 0.003421872854232788, -0.014281831681728363], "skybox_img_path": "./img/high/79c2e897db51429e80749b3cde7e79d4_skybox2.jpg", "room": "0_5", "camera_distance": 3.209425794891232, "obliqueness_angle": 0.047465793788433075, "camera_rotation_final": [1.6325304508209229, -0.0034768544137477875, 1.5751640796661377], "skybox_img": 2, "resolution": 512}