{"model_rotation_degrees": 0.0, "vanishing_points_image": {"y": [379.8493820228156, 269.7042135985329], "x": [385.13804498165604, 192.22649175322152], "z": [255.3543990289187, 111.12504731048331]}, "point_uuid": "42", "field_of_view_rads": 1.3089969389957472, "point_pitch": 0.2317893067982535, "camera_rotation_original": [1.5717558860778809, 0.008724818006157875, 1.7450741529464722], "camera_uuid": "fe33a7c2947347d5a33b56488f8bfdae", "camera_location": [4.698266, 1.058042, 1.474498], "nonfixated_points_in_view": [36], "point_location": [3.745420217514038, -0.9040029644966125, 2.0069339275360107], "bounding_box_ranges": {"y": [3.49490536626026, 5.208502012460371], "x": [-0.9151929752304819, 1.058042], "z": [0.47480449725303053, 2.4492911257302517]}, "view_id": 1, "vanishing_points_gaussian_sphere": {"y": [0.8999875058587223, -0.09958564842920803, -0.424388015765208], "x": [0.43589419374543836, 0.2152619080108912, 0.8738755991664516], "z": [-0.0043291058211211205, 0.9714653928918131, -0.23714183362777805]}, "camera_rotation_from_original_to_final": [-0.03792800009250641, 0.23552222549915314, 0.9394307732582092], "point_normal": [-0.04277009516954422, 0.9990238547325134, 0.01105394959449768], "skybox_img_path": "./img/high/fe33a7c2947347d5a33b56488f8bfdae_skybox3.jpg", "room": "0_5", "camera_distance": 2.2452223571861354, "obliqueness_angle": 0.5505250096321106, "camera_rotation_final": [1.8102213144302368, 0.0043291193433105946, 2.690556526184082], "skybox_img": 3, "resolution": 512}