{"model_rotation_degrees": 0.0, "vanishing_points_image": {"y": [436.42932150791097, 310.15701396042357], "x": [82.16512298087223, 314.78626778147503], "z": [257.32086425149333, 67.94374039716898]}, "point_uuid": "48", "field_of_view_rads": 1.3089969389957472, "point_pitch": -0.3176733692500253, "camera_rotation_original": [1.579675316810608, 0.0016688042087480426, -0.18222443759441376], "camera_uuid": "421bc59cb37942a2a1b69459e69c6733", "camera_location": [4.087351, 5.595419, 1.470996], "nonfixated_points_in_view": [65, 66, 67, 68, 37, 70, 98, 40, 41, 99, 104, 44, 77, 92, 17, 49, 20, 84, 60, 29, 95], "point_location": [2.8807075023651123, 4.485979080200195, 0.9209252595901489], "bounding_box_ranges": {"y": [-0.736375408300896, 4.087351], "x": [-0.9731477865998039, 5.724569417390539], "z": [-0.014652357315144915, 2.445306593040197]}, "view_id": 5, "vanishing_points_gaussian_sphere": {"y": [0.7346045899062722, -0.22049626246142523, 0.6416677448097107], "x": [-0.6784627908965005, -0.22943782047270025, 0.6978871885238105], "z": [0.0066586678524393934, 0.9480188208982347, 0.31814458562916276]}, "camera_rotation_from_original_to_final": [-0.32895782589912415, 0.051099155098199844, 2.4893884658813477], "point_normal": [0.022127626463770866, -0.008345723152160645, 0.9997203350067139], "skybox_img_path": "./img/high/421bc59cb37942a2a1b69459e69c6733_skybox2.jpg", "room": "0_2", "camera_distance": 1.7289947363010503, "obliqueness_angle": 1.2364590167999268, "camera_rotation_final": [1.2470171451568604, -0.006658717058598995, 2.3164849281311035], "skybox_img": 2, "resolution": 512}