{"model_rotation_degrees": 0.0, "vanishing_points_image": {"y": [371.87212748941704, 234.3727113313553], "x": [398.5361623951344, 336.6157395098572], "z": [257.4683951603152, 67.47114877053984]}, "point_uuid": "11", "field_of_view_rads": 1.3089969389957472, "point_pitch": -0.33299235900374846, "camera_rotation_original": [1.5743488073349, -0.006772358436137438, -1.2924582958221436], "camera_uuid": "b2b91e26cb9a4190a097925afea72a8a", "camera_location": [1.962995, 0.554659, 1.477478], "nonfixated_points_in_view": [39, 72, 73, 74, 75, 13, 14, 16, 48, 18, 83, 84, 53, 85, 56, 89, 31], "point_location": [4.123102188110352, 4.202635288238525, 0.0012368254829198122], "bounding_box_ranges": {"y": [1.3146276675481814, 4.780235967038015], "x": [0.554659, 6.892755993637091], "z": [-0.013532201004541111, 2.445305406002468]}, "view_id": 3, "vanishing_points_gaussian_sphere": {"y": [0.8617417867753271, 0.16084229041298853, -0.4811765274200006], "x": [0.5072937929003857, -0.28691571020450707, 0.8126083822620733], "z": [0.007355311686622739, 0.9443564649286557, 0.3288415523279342]}, "camera_rotation_from_original_to_final": [-0.09744527190923691, 0.3248254954814911, 0.7420063018798828], "point_normal": [-0.014100566506385803, 0.014889920130372047, 0.9997897148132324], "skybox_img_path": "./img/high/b2b91e26cb9a4190a097925afea72a8a_skybox4.jpg", "room": "0_2", "camera_distance": 4.48921848534649, "obliqueness_angle": 1.2414151430130005, "camera_rotation_final": [1.2357102632522583, -0.00735537800937891, -0.532057523727417], "skybox_img": 4, "resolution": 512}