{"model_rotation_degrees": 0.0, "vanishing_points_image": {"y": [446.9183895105366, 232.75353867511194], "x": [100.52441269018973, 211.80849070038462], "z": [256.1334794773855, 106.08373347250955]}, "point_uuid": "65", "field_of_view_rads": 1.3089969389957472, "point_pitch": 0.19638033310440584, "camera_rotation_original": [1.5785322189331055, -0.004439795855432749, -0.3697104752063751], "camera_uuid": "b20b2b0634e241d794127bb70d0381ec", "camera_location": [4.119016, 3.356542, 1.473925], "nonfixated_points_in_view": [0, 33, 66, 98, 100, 70, 44, 46, 79, 20, 52, 54, 26, 63], "point_location": [-0.07654492557048798, 0.595660388469696, 2.426851272583008], "bounding_box_ranges": {"y": [-0.741698583228434, 4.119016], "x": [-0.737926476590995, 3.7768160327999247], "z": [-0.01888330896171997, 2.444814919534121]}, "view_id": 5, "vanishing_points_gaussian_sphere": {"y": [0.8354489025376927, 0.10172530080288997, 0.5400713790094107], "x": [-0.5495674354014435, 0.1562059668178931, 0.8207163516567508], "z": [0.0008747541627043549, 0.9824722179822943, -0.18640701622553266]}, "camera_rotation_from_original_to_final": [0.1691041737794876, -0.061390120536088943, 2.517627716064453], "point_normal": [-0.0043112109415233135, -0.005842018406838179, -0.9999736547470093], "skybox_img_path": "./img/high/b20b2b0634e241d794127bb70d0381ec_skybox2.jpg", "room": "0_2", "camera_distance": 5.1120707840044775, "obliqueness_angle": 1.390105962753296, "camera_rotation_final": [1.7583001852035522, -0.000874754274263978, 2.1526429653167725], "skybox_img": 2, "resolution": 512}