{"model_rotation_degrees": 0.0, "vanishing_points_image": {"y": [439.20399181638356, 208.67377618353126], "x": [85.18403334215577, 194.7702214400707], "z": [257.28974707510537, 118.2209618009875]}, "point_uuid": "61", "field_of_view_rads": 1.3089969389957472, "point_pitch": 0.3108648816731314, "camera_rotation_original": [1.5785322189331055, -0.004439795855432749, -0.3697104752063751], "camera_uuid": "b20b2b0634e241d794127bb70d0381ec", "camera_location": [4.119016, 3.356542, 1.473925], "nonfixated_points_in_view": [74, 43, 48, 18, 84, 85, 94], "point_location": [2.1533546447753906, 5.594818592071533, 2.429835796356201], "bounding_box_ranges": {"y": [0.0008293399443335403, 4.209486460078772], "x": [3.356542, 6.88450563267863], "z": [0.44286642261291065, 2.4425365850038343]}, "view_id": 1, "vanishing_points_gaussian_sphere": {"y": [0.7532369304349323, 0.19458014644310603, 0.628309392926081], "x": [-0.6576888980592019, 0.23575164767912266, 0.7154484425772772], "z": [0.008912911905414203, 0.9521343010451615, -0.30555004954116455]}, "camera_rotation_from_original_to_final": [0.281807005405426, -0.11233974993228912, 1.073577880859375], "point_normal": [0.028091732412576675, -0.026584232226014137, -0.9992519021034241], "skybox_img_path": "./img/high/b20b2b0634e241d794127bb70d0381ec_skybox3.jpg", "room": "0_2", "camera_distance": 3.128493616372269, "obliqueness_angle": 1.2217612266540527, "camera_rotation_final": [1.881325125694275, -0.008913029916584492, 0.7177813053131104], "skybox_img": 3, "resolution": 512}