{"model_rotation_degrees": 0.0, "vanishing_points_image": {"y": [399.8555705104275, 263.78967568050996], "x": [335.61112001389324, 196.26438488135892], "z": [256.5592894578731, 106.9451447805765]}, "point_uuid": "67", "field_of_view_rads": 1.3089969389957472, "point_pitch": 0.20414646069077058, "camera_rotation_original": [1.5784746408462524, 0.0036877563688904047, -0.2543734312057495], "camera_uuid": "cd8bc18ce92741768974d88f6ccbaad1", "camera_location": [3.10099, 5.636439, 1.471228], "nonfixated_points_in_view": [32, 34, 99, 68, 37, 5, 104, 77, 47, 17, 49, 87, 91, 60, 29], "point_location": [1.9129235744476318, 1.0338019132614136, 2.4173190593719482], "bounding_box_ranges": {"y": [-0.00877749610535572, 4.443251686045308], "x": [-0.9804155812989466, 5.636439], "z": [-0.012987818461487777, 2.4444231112489305]}, "view_id": 3, "vanishing_points_gaussian_sphere": {"y": [0.9680728402073592, -0.052420448047778956, -0.24512664620421604], "x": [0.2506420424004001, 0.18806740282974982, 0.9496363612321449], "z": [0.0036800318222576403, 0.9807562126335692, -0.19520171297005678]}, "camera_rotation_from_original_to_final": [0.18104201555252075, -0.0543179027736187, 3.137688636779785], "point_normal": [-2.1528958313865587e-05, -0.026295719668269157, -0.999654233455658], "skybox_img_path": "./img/high/cd8bc18ce92741768974d88f6ccbaad1_skybox2.jpg", "room": "0_2", "camera_distance": 4.846736577883985, "obliqueness_angle": 1.3998068571090698, "camera_rotation_final": [1.7672607898712158, -0.003680040128529072, 2.888247489929199], "skybox_img": 2, "resolution": 512}