{"model_rotation_degrees": 0.0, "vanishing_points_image": {"y": [349.61518513164935, 230.18351357913028], "x": [428.59972113992495, 317.09110312962474], "z": [257.74331795107423, 68.1669604935086]}, "point_uuid": "48", "field_of_view_rads": 1.3089969389957472, "point_pitch": -0.3173442324015756, "camera_rotation_original": [1.5785322189331055, -0.004439795855432749, -0.3697104752063751], "camera_uuid": "b20b2b0634e241d794127bb70d0381ec", "camera_location": [4.119016, 3.356542, 1.473925], "nonfixated_points_in_view": [97, 43, 18, 19, 84, 85, 93, 89, 61, 94], "point_location": [2.8807075023651123, 4.485979080200195, 0.9209252595901489], "bounding_box_ranges": {"y": [-0.741688320294136, 4.119016], "x": [3.236207207755267, 6.879548368064239], "z": [-0.011822257320757146, 2.445280256879899]}, "view_id": 3, "vanishing_points_gaussian_sphere": {"y": [0.7407675733823103, 0.20428326849272663, -0.6399466762467105], "x": [0.6717035991914474, -0.2377472778039893, 0.7016341687304347], "z": [0.008813458942935769, 0.9496023262980781, 0.3133332807582684]}, "camera_rotation_from_original_to_final": [-0.30737441778182983, 0.11180853843688965, 1.1844451427459717], "point_normal": [0.022127626463770866, -0.008345723152160645, 0.9997203350067139], "skybox_img_path": "./img/high/b20b2b0634e241d794127bb70d0381ec_skybox3.jpg", "room": "0_2", "camera_distance": 1.7648923332751378, "obliqueness_angle": 1.230133295059204, "camera_rotation_final": [1.2520824670791626, -0.00881357304751873, 0.8342550992965698], "skybox_img": 3, "resolution": 512}