{"model_rotation_degrees": 0.0, "vanishing_points_image": {"y": [368.3595755398271, 246.35353087476446], "x": [408.2450207382079, 283.52136757500153], "z": [253.91335447435574, 79.87318502576188]}, "point_uuid": "27", "field_of_view_rads": 1.3089969389957472, "point_pitch": -0.10827927192183928, "camera_rotation_original": [1.5872206687927246, -0.0005325089441612363, -1.320854663848877], "camera_uuid": "79c2e897db51429e80749b3cde7e79d4", "camera_location": [6.713179, 1.533762, 1.484844], "nonfixated_points_in_view": [57, 2, 4, 42, 36], "point_location": [5.213468074798584, -0.8895421624183655, 1.1419445276260376], "bounding_box_ranges": {"y": [3.471139145179385, 7.0053638942031595], "x": [-0.9139161648918164, 1.533762], "z": [-0.019405609740172913, 2.4550776662180844]}, "view_id": 0, "vanishing_points_gaussian_sphere": {"y": [0.849528238268803, 0.07293502028735371, -0.5224770379639543], "x": [0.5274120153236778, -0.09534039186841203, 0.8442433155024649], "z": [-0.01176173780190445, 0.992769204041937, 0.11946116117725591]}, "camera_rotation_from_original_to_final": [-0.02187064290046692, 0.1349809765815735, -2.377045154571533], "point_normal": [0.04163612797856331, 0.9976025819778442, -0.055278927087783813], "skybox_img_path": "./img/high/79c2e897db51429e80749b3cde7e79d4_skybox2.jpg", "room": "0_5", "camera_distance": 2.8703860026891546, "obliqueness_angle": 0.540659487247467, "camera_rotation_final": [1.4510408639907837, 0.011762009002268314, -3.6971871852874756], "skybox_img": 2, "resolution": 512}