{"model_rotation_degrees": 0.0, "vanishing_points_image": {"y": [417.94281841051884, 256.69327651971577], "x": [274.48570965058855, 295.3571847428239], "z": [257.9498120339416, 79.93684311929611]}, "point_uuid": "104", "field_of_view_rads": 1.3089969389957472, "point_pitch": -0.1135377128932138, "camera_rotation_original": [1.5827999114990234, -0.0022284637670964003, 1.2485463619232178], "camera_uuid": "de06f753bd6d4114a5c6e6a781ee950a", "camera_location": [0.724806, 4.289951, 1.483605], "nonfixated_points_in_view": [0, 5, 15, 20, 25, 26, 30, 32, 33, 34, 44, 46, 47, 49, 52, 60, 65, 66, 67, 68, 77, 87, 92, 95, 98, 99, 100], "point_location": [0.4250602126121521, -0.9414658546447754, 0.857938289642334], "bounding_box_ranges": {"y": [-0.7416991227581501, 3.385077760926067], "x": [-0.9807928116338642, 4.289951], "z": [-0.01812233366654281, 2.4453099572929076]}, "view_id": 3, "vanishing_points_gaussian_sphere": {"y": [0.9983764152907236, -0.004274045205292856, -0.05680022824626529], "x": [0.05588942243950488, -0.11899193299572859, 0.9913209835070167], "z": [0.010995719650086055, 0.9928860218673256, 0.11855986559478536]}, "camera_rotation_from_original_to_final": [-0.033259086310863495, -0.12687616050243378, 1.8383708000183105], "point_normal": [0.531001091003418, 0.8473368883132935, 0.007627560757100582], "skybox_img_path": "./img/high/de06f753bd6d4114a5c6e6a781ee950a_skybox3.jpg", "room": "0_2", "camera_distance": 5.277217824663212, "obliqueness_angle": 0.5134645104408264, "camera_rotation_final": [1.4519497156143188, -0.010995941236615181, 3.0856707096099854], "skybox_img": 3, "resolution": 512}