{"model_rotation_degrees": 0.0, "vanishing_points_image": {"y": [402.7115397466945, 247.15506673084917], "x": [325.7698529281724, 347.3928852682433], "z": [257.72548929574907, 68.8472441106551]}, "point_uuid": "10", "field_of_view_rads": 1.3089969389957472, "point_pitch": -0.3056726892802377, "camera_rotation_original": [1.579675316810608, 0.0016688042087480426, -0.18222443759441376], "camera_uuid": "421bc59cb37942a2a1b69459e69c6733", "camera_location": [4.087351, 5.595419, 1.470996], "nonfixated_points_in_view": [40, 41, 43, 38, 86], "point_location": [0.18336328864097595, 6.503581523895264, 0.21524910628795624], "bounding_box_ranges": {"y": [-0.05620719971233079, 4.087351], "x": [4.579541990677763, 6.876237264973987], "z": [-0.008633554332367677, 2.445310075627779]}, "view_id": 3, "vanishing_points_gaussian_sphere": {"y": [0.9745768999595154, 0.05875521217131798, -0.2162121437570156], "x": [0.22388047602374705, -0.29326538326091295, 0.9294476571793651], "z": [0.008797642904856766, 0.9542238940749354, 0.29896381295365054]}, "camera_rotation_from_original_to_final": [-0.30944693088531494, 0.0455128438770771, 1.5189948081970215], "point_normal": [0.025455135852098465, -0.9996576309204102, 0.0060666631907224655], "skybox_img_path": "./img/high/421bc59cb37942a2a1b69459e69c6733_skybox3.jpg", "room": "0_2", "camera_distance": 4.200330840715625, "obliqueness_angle": 1.326770544052124, "camera_rotation_final": [1.2671775817871094, -0.008797756396234035, 1.344993233680725], "skybox_img": 3, "resolution": 512}