{"model_rotation_degrees": 0.0, "vanishing_points_image": {"y": [407.5514747631198, 251.6865994506275], "x": [310.76232094775867, 328.24599460734714], "z": [258.10189798056103, 72.76293269072663]}, "point_uuid": "89", "field_of_view_rads": 1.3089969389957472, "point_pitch": -0.22505538066359954, "camera_rotation_original": [1.5825356245040894, -0.0012060842709615827, -0.39747294783592224], "camera_uuid": "f9db34b350e54e138bcc5d0815a85293", "camera_location": [5.237017, 3.272563, 1.485191], "nonfixated_points_in_view": [0, 33, 97, 38, 74, 43, 46, 79, 48, 17, 18, 19, 61, 84, 54, 86, 93, 26, 29, 63], "point_location": [1.5399540662765503, 3.9235665798187256, 0.6108058094978333], "bounding_box_ranges": {"y": [-0.741682839897349, 5.237017], "x": [1.5252787526572145, 6.877569802792346], "z": [-0.012540299352510775, 2.445307999897439]}, "view_id": 1, "vanishing_points_gaussian_sphere": {"y": [0.9852346660526119, 0.028041375093542275, -0.168897406999224], "x": [0.17084454525061413, -0.22538917053287752, 0.9591724887446534], "z": [0.011171130932413637, 0.9738651873279817, 0.22685194013789292]}, "camera_rotation_from_original_to_final": [-0.22626441717147827, 0.0831066146492958, 1.7856277227401733], "point_normal": [0.01606062240898609, -0.9996132850646973, -0.022704102098941803], "skybox_img_path": "./img/high/f9db34b350e54e138bcc5d0815a85293_skybox3.jpg", "room": "0_2", "camera_distance": 3.8544299186120683, "obliqueness_angle": 1.3907383680343628, "camera_rotation_final": [1.3419376611709595, -0.011171363294124603, 1.3990987539291382], "skybox_img": 3, "resolution": 512}