{"model_rotation_degrees": 0.0, "vanishing_points_image": {"y": [445.4887947291551, 229.81279423288672], "x": [129.8896715207321, 187.7938747949423], "z": [253.63476773791757, 113.60055995593156]}, "point_uuid": "6", "field_of_view_rads": 1.3089969389957472, "point_pitch": 0.2607143680241446, "camera_rotation_original": [1.5872206687927246, -0.0005325089441612363, -1.320854663848877], "camera_uuid": "79c2e897db51429e80749b3cde7e79d4", "camera_location": [6.713179, 1.533762, 1.484844], "nonfixated_points_in_view": [50, 58, 82], "point_location": [7.5388593673706055, -0.24421626329421997, 2.015354871749878], "bounding_box_ranges": {"y": [6.054028992067385, 7.548993219744404], "x": [-0.8962628780795676, 1.533762], "z": [0.5467336544447046, 2.455045192254608]}, "view_id": 0, "vanishing_points_gaussian_sphere": {"y": [0.9050194699950046, 0.1250729950437354, 0.4065667286445741], "x": [-0.4250679581319702, 0.22989582790416416, 0.8754799479609894], "z": [-0.016030904512182517, 0.9651448876842527, -0.26122472294458016]}, "camera_rotation_from_original_to_final": [0.0789821594953537, -0.23580114543437958, -1.3929319381713867], "point_normal": [-0.9994006752967834, -0.03062376379966736, -0.01614181324839592], "skybox_img_path": "./img/high/79c2e897db51429e80749b3cde7e79d4_skybox1.jpg", "room": "0_5", "camera_distance": 2.030860951652876, "obliqueness_angle": 1.1769652366638184, "camera_rotation_final": [1.8351218700408936, 0.016031591221690178, -2.7024953365325928], "skybox_img": 1, "resolution": 512}