{"model_rotation_degrees": 0.0, "vanishing_points_image": {"y": [444.0691889735039, 216.10659356599083], "x": [117.97104222149598, 171.1350483738515], "z": [253.76876188111166, 123.29720575759805]}, "point_uuid": "58", "field_of_view_rads": 1.3089969389957472, "point_pitch": 0.3554743091252188, "camera_rotation_original": [1.5872206687927246, -0.0005325089441612363, -1.320854663848877], "camera_uuid": "79c2e897db51429e80749b3cde7e79d4", "camera_location": [6.713179, 1.533762, 1.484844], "nonfixated_points_in_view": [6], "point_location": [7.5393476486206055, 0.03760745748877525, 2.1284918785095215], "bounding_box_ranges": {"y": [6.21046376082727, 7.545685832425256], "x": [-0.8946743431315165, 1.533762], "z": [0.7426625663072967, 2.45506075124835]}, "view_id": 2, "vanishing_points_gaussian_sphere": {"y": [0.8724157996572142, 0.1850576283395345, 0.45237633304784003], "x": [-0.4885111601321481, 0.3003534666977311, 0.8192341798710535], "z": [-0.015732734498694646, 0.9357037294122545, -0.3524358265403675]}, "camera_rotation_from_original_to_final": [0.10487748682498932, -0.3284042179584503, -1.3303182125091553], "point_normal": [-0.999993622303009, 0.003498116275295615, -0.0008064580033533275], "skybox_img_path": "./img/high/79c2e897db51429e80749b3cde7e79d4_skybox1.jpg", "room": "0_5", "camera_distance": 1.8262846070443468, "obliqueness_angle": 1.097835898399353, "camera_rotation_final": [1.9310156106948853, 0.01573338359594345, -2.63114070892334], "skybox_img": 1, "resolution": 512}