{"model_rotation_degrees": 0.0, "vanishing_points_image": {"y": [368.9686111268779, 269.06552224284786], "x": [406.6279232440524, 214.01371712936864], "z": [257.1338013141807, 105.08204607594882]}, "point_uuid": "75", "field_of_view_rads": 1.3089969389957472, "point_pitch": 0.17892809311417146, "camera_rotation_original": [1.5743488073349, -0.006772358436137438, -1.2924582958221436], "camera_uuid": "b2b91e26cb9a4190a097925afea72a8a", "camera_location": [1.962995, 0.554659, 1.477478], "nonfixated_points_in_view": [39, 72, 73, 74, 11, 13, 14, 16, 17, 18, 48, 83, 53, 84, 85, 56, 91, 31], "point_location": [4.656252384185791, 4.942971229553223, 2.398334503173828], "bounding_box_ranges": {"y": [1.5340630981961432, 4.780227172861143], "x": [0.554659, 6.892910288434227], "z": [-0.014246188276389793, 2.440236820693391]}, "view_id": 2, "vanishing_points_gaussian_sphere": {"y": [0.8515696662083535, -0.09848932640840952, -0.5149067451271262], "x": [0.5241892934561473, 0.14611341296359023, 0.8389734532022313], "z": [0.0073951483919271555, 0.9843529464250865, -0.17605280072896387]}, "camera_rotation_from_original_to_final": [0.04739014431834221, -0.1668863743543625, 0.7379459142684937], "point_normal": [-0.997501015663147, -0.006629338022321463, -0.07034127414226532], "skybox_img_path": "./img/high/b2b91e26cb9a4190a097925afea72a8a_skybox4.jpg", "room": "0_2", "camera_distance": 5.2305733554171665, "obliqueness_angle": 1.0103485584259033, "camera_rotation_final": [1.7477763891220093, -0.0073952157981693745, -0.5517796874046326], "skybox_img": 4, "resolution": 512}