{"model_rotation_degrees": 0.0, "vanishing_points_image": {"y": [409.3410195424696, 261.64812055098974], "x": [305.91963505106696, 198.0365062069117], "z": [257.31815914078834, 105.6701840274383]}, "point_uuid": "65", "field_of_view_rads": 1.3089969389957472, "point_pitch": 0.17780001560715242, "camera_rotation_original": [1.577962040901184, 0.007169065065681934, 1.18436598777771], "camera_uuid": "57ed0722da4246b593ad7c4c816002a1", "camera_location": [0.693011, 5.590496, 1.490906], "nonfixated_points_in_view": [5, 20, 25, 30, 44, 46, 49, 52, 60, 66, 67, 68, 70, 77, 79, 80, 87, 92, 95, 98, 99, 100, 104], "point_location": [-0.07654492557048798, 0.595660388469696, 2.426851272583008], "bounding_box_ranges": {"y": [-0.7415713458791544, 3.3814988587965837], "x": [-0.9783632440532504, 5.590496], "z": [-0.01935218598603483, 2.444647587526754]}, "view_id": 0, "vanishing_points_gaussian_sphere": {"y": [0.9880573522923555, -0.03639383025944536, -0.14972694380126433], "x": [0.15384517608135648, 0.1786351983496258, 0.9718133193711056], "z": [0.008621506684838054, 0.9832420632934886, -0.18210083633209032]}, "camera_rotation_from_original_to_final": [0.08158822357654572, 0.15687578916549683, 1.8093067407608032], "point_normal": [-0.0043112109415233135, -0.005842018406838179, -0.9999736547470093], "skybox_img_path": "./img/high/57ed0722da4246b593ad7c4c816002a1_skybox3.jpg", "room": "0_2", "camera_distance": 5.139707686372495, "obliqueness_angle": 1.3941051959991455, "camera_rotation_final": [1.7539258003234863, -0.00862161349505186, 2.987128257751465], "skybox_img": 3, "resolution": 512}