{"model_rotation_degrees": 0.0, "vanishing_points_image": {"y": [397.58206155331624, 269.2172696048975], "x": [341.8138720650381, 169.61949289542895], "z": [257.2608436259002, 116.97851792482079]}, "point_uuid": "43", "field_of_view_rads": 1.3089969389957472, "point_pitch": 0.2956734458592276, "camera_rotation_original": [1.579675316810608, 0.0016688042087480426, -0.18222443759441376], "camera_uuid": "421bc59cb37942a2a1b69459e69c6733", "camera_location": [4.087351, 5.595419, 1.470996], "nonfixated_points_in_view": [40, 41, 10, 38, 86], "point_location": [1.5116807222366333, 6.33368444442749, 2.294560670852661], "bounding_box_ranges": {"y": [-0.058298725623361136, 4.087351], "x": [4.7394343738465885, 6.876216598087642], "z": [0.0002877008147810223, 2.4444301131036124]}, "view_id": 1, "vanishing_points_gaussian_sphere": {"y": [0.9605172693886069, -0.08966825013272219, -0.2633746003782253], "x": [0.2780852879650238, 0.27992150470187244, 0.918864801710703], "z": [0.00866878443982232, 0.9558261118653201, -0.29380486049887045]}, "camera_rotation_from_original_to_final": [0.2830190360546112, -0.06184013560414314, 1.4634169340133667], "point_normal": [0.9993919134140015, -0.03484946861863136, 0.0011621324811130762], "skybox_img_path": "./img/high/421bc59cb37942a2a1b69459e69c6733_skybox3.jpg", "room": "0_2", "camera_distance": 2.8031003812731616, "obliqueness_angle": 0.3840813934803009, "camera_rotation_final": [1.8690128326416016, -0.00866889301687479, 1.288985252380371], "skybox_img": 3, "resolution": 512}