{"model_rotation_degrees": 0.0, "vanishing_points_image": {"y": [394.9237625794031, 247.53893806507003], "x": [349.231070701584, 318.4069753029328], "z": [256.7546935710325, 73.91329089300726]}, "point_uuid": "49", "field_of_view_rads": 1.3089969389957472, "point_pitch": -0.2017943104121347, "camera_rotation_original": [1.5784746408462524, 0.0036877563688904047, -0.2543734312057495], "camera_uuid": "cd8bc18ce92741768974d88f6ccbaad1", "camera_location": [3.10099, 5.636439, 1.471228], "nonfixated_points_in_view": [32, 34, 67, 68, 37, 5, 99, 104, 77, 47, 17, 87, 91, 60, 29], "point_location": [1.6688381433486938, 1.0634551048278809, 0.4534361958503723], "bounding_box_ranges": {"y": [-0.014783633506171068, 4.27956211130246], "x": [-0.9779281507351323, 5.636439], "z": [-0.009783906634072359, 2.4453024384022353]}, "view_id": 2, "vanishing_points_gaussian_sphere": {"y": [0.9545451091938949, 0.058135952688136205, -0.29234200094933], "x": [0.2980389199528795, -0.19950116819259173, 0.9334731308843937], "z": [0.004054220928409604, 0.9781715058694125, 0.20775964092631088]}, "camera_rotation_from_original_to_final": [-0.21208013594150543, 0.04677681252360344, 3.088306188583374], "point_normal": [0.004281765781342983, 0.008432299830019474, 0.9999552965164185], "skybox_img_path": "./img/high/cd8bc18ce92741768974d88f6ccbaad1_skybox2.jpg", "room": "0_2", "camera_distance": 4.898891604363335, "obliqueness_angle": 1.352185845375061, "camera_rotation_final": [1.3615105152130127, -0.004054232034832239, 2.8389525413513184], "skybox_img": 2, "resolution": 512}