{"model_rotation_degrees": 0.0, "vanishing_points_image": {"y": [347.56030336978785, 266.8633772986267], "x": [434.45509191115815, 236.47777784781528], "z": [258.1312722711782, 99.1948290893596]}, "point_uuid": "43", "field_of_view_rads": 1.3089969389957472, "point_pitch": 0.12328370014694734, "camera_rotation_original": [1.5872206687927246, -0.0005325089441612363, -1.320854663848877], "camera_uuid": "79c2e897db51429e80749b3cde7e79d4", "camera_location": [6.713179, 1.533762, 1.484844], "nonfixated_points_in_view": [96, 39, 8, 71, 72, 11, 74, 103, 14, 48, 83, 84, 21, 55, 61, 62], "point_location": [1.5116807222366333, 6.33368444442749, 2.294560670852661], "bounding_box_ranges": {"y": [3.4961411467436903, 6.713179], "x": [1.533762, 2.724344915963183], "z": [-0.006715646143326426, 2.4421380463974245]}, "view_id": 0, "vanishing_points_gaussian_sphere": {"y": [0.7337909853515276, -0.08706227523089516, -0.6737736638133417], "x": [0.6792410998653401, 0.07430606492902397, 0.7301439152444448], "z": [0.013502520896394732, 0.9934277874845174, -0.11366139618647524]}, "camera_rotation_from_original_to_final": [0.011560287326574326, -0.09766998142004013, 2.144958257675171], "point_normal": [0.9993919134140015, -0.03484946861863136, 0.0011621324811130762], "skybox_img_path": "./img/high/79c2e897db51429e80749b3cde7e79d4_skybox3.jpg", "room": "0_5", "camera_distance": 7.1239372640395695, "obliqueness_angle": 0.7181134223937988, "camera_rotation_final": [1.6847143173217773, -0.013502931222319603, 0.8239838480949402], "skybox_img": 3, "resolution": 512}