{"model_rotation_degrees": 0.0, "vanishing_points_image": {"y": [401.27085312328387, 259.6142485514761], "x": [331.3140098123271, 214.47970261099067], "z": [254.94874599841998, 100.79925098360269]}, "point_uuid": "94", "field_of_view_rads": 1.3089969389957472, "point_pitch": 0.12647934357193513, "camera_rotation_original": [1.5759177207946777, 0.006587443873286247, -0.21082322299480438], "camera_uuid": "1eea2dc63a804bb98c4433aaf5355d4d", "camera_location": [0.081101, -0.078128, 1.481538], "nonfixated_points_in_view": [0, 8, 9, 10, 11, 13, 14, 16, 17, 18, 19, 26, 31, 33, 35, 38, 39, 46, 48, 51, 53, 54, 56, 63, 72, 73, 75, 79, 83, 84, 86, 89, 93, 97], "point_location": [1.7540602684020996, 6.847204685211182, 2.423340082168579], "bounding_box_ranges": {"y": [-0.7416990093177344, 4.790839453136424], "x": [-0.078128, 6.891731825437907], "z": [-0.015321717032948712, 2.4452566795705035]}, "view_id": 1, "vanishing_points_gaussian_sphere": {"y": [0.9722258297409706, -0.02418837448326242, -0.23279144856359923], "x": [0.23394838228313908, 0.1289747608748843, 0.9636564042667743], "z": [-0.0067149394326092805, 0.9913528300242674, -0.13105142498764566]}, "camera_rotation_from_original_to_final": [0.12357768416404724, -0.026188606396317482, -0.0277805607765913], "point_normal": [-0.08466596156358719, -0.5575627684593201, -0.8258060216903687], "skybox_img_path": "./img/high/1eea2dc63a804bb98c4433aaf5355d4d_skybox4.jpg", "room": "0_2", "camera_distance": 7.186516242497343, "obliqueness_angle": 0.8429927229881287, "camera_rotation_final": [1.7022287845611572, 0.006714989896863699, -0.23614221811294556], "skybox_img": 4, "resolution": 512}