{"model_rotation_degrees": 0.0, "vanishing_points_image": {"y": [410.6816568455863, 261.14754874247774], "x": [301.2603051103207, 193.82030487214084], "z": [256.91179538417134, 106.86910169210381]}, "point_uuid": "74", "field_of_view_rads": 1.3089969389957472, "point_pitch": 0.20040352741745515, "camera_rotation_original": [1.5743488073349, -0.006772358436137438, -1.2924582958221436], "camera_uuid": "b2b91e26cb9a4190a097925afea72a8a", "camera_location": [1.962995, 0.554659, 1.477478], "nonfixated_points_in_view": [10, 11, 13, 14, 16, 17, 18, 31, 38, 39, 48, 53, 56, 72, 73, 75, 80, 83, 84, 85, 86, 89, 91], "point_location": [2.624454975128174, 5.289552211761475, 2.424999952316284], "bounding_box_ranges": {"y": [-0.059856097091657956, 4.783989430390218], "x": [0.554659, 6.892068946608848], "z": [-0.01504488872198917, 2.44231149182794]}, "view_id": 4, "vanishing_points_gaussian_sphere": {"y": [0.9901996685618886, -0.03295220107317499, -0.13571576483356343], "x": [0.1395301000583068, 0.19168980548491338, 0.9714866801201523], "z": [0.005997295861048457, 0.980902222913981, -0.19440900577073567]}, "camera_rotation_from_original_to_final": [0.054025229066610336, -0.18444040417671204, 1.1487016677856445], "point_normal": [0.009722517803311348, -0.0022673839703202248, -0.9999501705169678], "skybox_img_path": "./img/high/b2b91e26cb9a4190a097925afea72a8a_skybox3.jpg", "room": "0_2", "camera_distance": 4.873863078471508, "obliqueness_angle": 1.3742510080337524, "camera_rotation_final": [1.766454815864563, -0.005997331812977791, -0.13998939096927643], "skybox_img": 3, "resolution": 512}