{"model_rotation_degrees": 0.0, "vanishing_points_image": {"y": [446.0571603519322, 235.22790563764525], "x": [131.78540770017418, 193.41382951886817], "z": [255.42845833471395, 110.55367673135004]}, "point_uuid": "15", "field_of_view_rads": 1.3089969389957472, "point_pitch": 0.22974903980759187, "camera_rotation_original": [1.5762215852737427, -0.0002412118628853932, -1.888368844985962], "camera_uuid": "029e8bd017804e6aba4c5206f049bf52", "camera_location": [2.031441, 2.853197, 1.471538], "nonfixated_points_in_view": [32, 34, 99, 5, 47, 87, 91], "point_location": [3.363327980041504, -0.07421228289604187, 2.2368175983428955], "bounding_box_ranges": {"y": [1.0786711502433388, 4.07933078197382], "x": [-0.9808220550985927, 2.853197], "z": [-0.00633789836435894, 2.4452765081071552]}, "view_id": 4, "vanishing_points_gaussian_sphere": {"y": [0.9098368831012078, 0.09943965044586058, 0.4028754175522306], "x": [-0.41494846943718305, 0.20907395152410507, 0.8854975158100871], "z": [-0.0038228079232643136, 0.9728308376656762, -0.23148552314622314]}, "camera_rotation_from_original_to_final": [-0.06845049560070038, -0.21788007020950317, -0.8182551860809326], "point_normal": [-0.999674916267395, 0.00196625292301178, -0.025422783568501472], "skybox_img_path": "./img/high/029e8bd017804e6aba4c5206f049bf52_skybox1.jpg", "room": "0_2", "camera_distance": 3.3059494819427586, "obliqueness_angle": 1.1479356288909912, "camera_rotation_final": [1.804402470588684, 0.0038228172343224287, -2.713703155517578], "skybox_img": 1, "resolution": 512}