{"model_rotation_degrees": 0.0, "vanishing_points_image": {"y": [410.2368477285182, 254.47973643650343], "x": [302.71891338470715, 265.56439366583817], "z": [255.05794807956954, 86.72106209109207]}, "point_uuid": "32", "field_of_view_rads": 1.3089969389957472, "point_pitch": -0.02384309371444182, "camera_rotation_original": [1.5759177207946777, 0.006587443873286247, -0.21082322299480438], "camera_uuid": "1eea2dc63a804bb98c4433aaf5355d4d", "camera_location": [0.081101, -0.078128, 1.481538], "nonfixated_points_in_view": [34, 5, 22, 15], "point_location": [3.3714749813079834, -0.547901451587677, 1.3815891742706299], "bounding_box_ranges": {"y": [0.081101, 3.5161953747884334], "x": [-0.9805455334072832, 1.791596972125607], "z": [-0.01818962494448484, 2.445312390902574]}, "view_id": 3, "vanishing_points_gaussian_sphere": {"y": [0.9899222964425197, 0.009757349298420169, -0.141275054912878], "x": [0.14150231714417594, -0.0289686503333401, 0.9895139774357379], "z": [-0.005562485846914962, 0.9995326965300002, 0.030057400397731953]}, "camera_rotation_from_original_to_final": [-0.03461838886141777, 0.006362894084304571, -1.5018506050109863], "point_normal": [-0.9998438358306885, 0.012481548823416233, 0.012518361210823059], "skybox_img_path": "./img/high/1eea2dc63a804bb98c4433aaf5355d4d_skybox1.jpg", "room": "0_2", "camera_distance": 3.325242524224992, "obliqueness_angle": 0.1304846704006195, "camera_rotation_final": [1.5407339334487915, 0.005562514532357454, -1.7127773761749268], "skybox_img": 1, "resolution": 512}