{"model_rotation_degrees": 0.0, "vanishing_points_image": {"y": [426.925123186106, 256.0221165304469], "x": [239.133773488702, 258.02724505470155], "z": [255.9700611173964, 88.68133744990895]}, "point_uuid": "78", "field_of_view_rads": 1.3089969389957472, "point_pitch": 0.005604819455419019, "camera_rotation_original": [1.5824408531188965, 0.001023429213091731, 1.5184667110443115], "camera_uuid": "82b91818426544f3b6c43aa394ec0dd3", "camera_location": [0.187142, 2.810302, 1.478821], "nonfixated_points_in_view": [69, 39, 8, 75, 12, 16, 18, 22, 24, 91, 28], "point_location": [5.919722557067871, 3.100865364074707, 1.4439032077789307], "bounding_box_ranges": {"y": [0.187142, 5.923321539742428], "x": [0.6085547178091315, 5.199130299391404], "z": [-0.01415689198937331, 2.4422548844481184]}, "view_id": 6, "vanishing_points_gaussian_sphere": {"y": [0.9987179655541922, -0.00012922720710279847, 0.0506202388341286], "x": [-0.05062008754783593, -0.006084308311712098, 0.9986994482470777], "z": [-0.0001789299994472645, 0.9999814820748918, 0.006083049511414675]}, "camera_rotation_from_original_to_final": [-8.40381471789442e-05, -0.017747515812516212, -3.0386099815368652], "point_normal": [-0.999958336353302, -0.006988245528191328, -0.005890997592359781], "skybox_img_path": "./img/high/82b91818426544f3b6c43aa394ec0dd3_skybox2.jpg", "room": "0_2", "camera_distance": 5.740045860199147, "obliqueness_angle": 0.0452667735517025, "camera_rotation_final": [1.5647132396697998, 0.00017893000040203333, -1.520154595375061], "skybox_img": 2, "resolution": 512}