{"model_rotation_degrees": 0.0, "vanishing_points_image": {"y": [443.9755244759313, 267.65428662272114], "x": [82.37472031496189, 272.9078584204868], "z": [255.28254020059882, 82.90766570836618]}, "point_uuid": "64", "field_of_view_rads": 1.3089969389957472, "point_pitch": -0.07115761836501555, "camera_rotation_original": [1.5784746408462524, 0.0036877563688904047, -0.2543734312057495], "camera_uuid": "cd8bc18ce92741768974d88f6ccbaad1", "camera_location": [3.10099, 5.636439, 1.471228], "nonfixated_points_in_view": [34, 90, 6, 8, 16, 50, 58, 91, 29], "point_location": [7.368668079376221, 0.5712490081787109, 0.9495174288749695], "bounding_box_ranges": {"y": [3.10099, 5.923098796522565], "x": [-0.8928962856287619, 5.636439], "z": [-0.005548985497050074, 2.443016138878148]}, "view_id": 0, "vanishing_points_gaussian_sphere": {"y": [0.7649467189996081, -0.04742589940464841, 0.6423451573394127], "x": [-0.6440803076305914, -0.06272138868600491, 0.7623821776010913], "z": [-0.004132119821252121, 0.9969036119239209, 0.07852460836466205]}, "camera_rotation_from_original_to_final": [-0.08340547978878021, 0.02213059924542904, -2.1879775524139404], "point_normal": [-0.1480383723974228, 0.9002692699432373, 0.4093896448612213], "skybox_img_path": "./img/high/cd8bc18ce92741768974d88f6ccbaad1_skybox1.jpg", "room": "0_2", "camera_distance": 6.643900088340152, "obliqueness_angle": 0.6204995512962341, "camera_rotation_final": [1.4921901226043701, 0.004132131580263376, -2.441765069961548], "skybox_img": 1, "resolution": 512}