{"model_rotation_degrees": 0.0, "vanishing_points_image": {"y": [370.20711796113574, 231.87757840913426], "x": [401.75150307290943, 335.26431854628834], "z": [254.93009739453967, 67.14659576690806]}, "point_uuid": "25", "field_of_view_rads": 1.3089969389957472, "point_pitch": -0.3420799215647836, "camera_rotation_original": [1.5762215852737427, -0.0002412118628853932, -1.888368844985962], "camera_uuid": "029e8bd017804e6aba4c5206f049bf52", "camera_location": [2.031441, 2.853197, 1.471538], "nonfixated_points_in_view": [65, 98, 99, 68, 100, 104, 44, 77, 47, 92, 52, 20, 60, 30, 95], "point_location": [-0.11524529755115509, -0.6641986966133118, -0.0004500976065173745], "bounding_box_ranges": {"y": [-0.7416978134884862, 2.632719301935495], "x": [-0.9713773809612136, 2.853197], "z": [-0.012713124774263784, 2.4453121885378013]}, "view_id": 1, "vanishing_points_gaussian_sphere": {"y": [0.8525810252195005, 0.18007913427704192, -0.49058852497148414], "x": [0.5225678264432027, -0.28418906003676314, 0.8038404349880938], "z": [-0.005334997853068541, 0.9417048813473636, 0.3363977619492371]}, "camera_rotation_from_original_to_final": [0.11852435022592545, 0.32856878638267517, -1.7825244665145874], "point_normal": [0.04054643586277962, -0.004331953823566437, 0.999168336391449], "skybox_img_path": "./img/high/029e8bd017804e6aba4c5206f049bf52_skybox1.jpg", "room": "0_2", "camera_distance": 4.375738136148577, "obliqueness_angle": 1.2105259895324707, "camera_rotation_final": [1.2277021408081055, 0.005335023161023855, -3.6914613246917725], "skybox_img": 1, "resolution": 512}