{"model_rotation_degrees": 0.0, "vanishing_points_image": {"y": [343.96131784733706, 240.8726735675664], "x": [436.60933069028965, 287.51894461698373], "z": [255.96056771938652, 76.12903943782946]}, "point_uuid": "63", "field_of_view_rads": 1.3089969389957472, "point_pitch": -0.16647343238326506, "camera_rotation_original": [1.5743488073349, -0.006772358436137438, -1.2924582958221436], "camera_uuid": "b2b91e26cb9a4190a097925afea72a8a", "camera_location": [1.962995, 0.554659, 1.477478], "nonfixated_points_in_view": [0, 33, 97, 100, 38, 10, 46, 80, 19, 52, 54, 86, 89, 26, 93], "point_location": [-0.73255854845047, 3.2270584106445312, 0.8098087310791016], "bounding_box_ranges": {"y": [-0.7416808231054774, 1.962995], "x": [0.554659, 6.516404237935844], "z": [-0.013392841643680153, 2.4452916613830196]}, "view_id": 6, "vanishing_points_gaussian_sphere": {"y": [0.7101234595566425, 0.12212492539830214, -0.6934047698017117], "x": [0.7040771446154912, -0.12287166140532536, 0.6994125601199852], "z": [-0.00021591063537521328, 0.9848797172345232, 0.17323941803943846]}, "camera_rotation_from_original_to_final": [-0.042589280754327774, 0.17268279194831848, 2.0778608322143555], "point_normal": [0.9999049305915833, 0.009478474967181683, -0.010022217407822609], "skybox_img_path": "./img/high/b2b91e26cb9a4190a097925afea72a8a_skybox3.jpg", "room": "0_2", "camera_distance": 3.8540252333113427, "obliqueness_angle": 0.8078731894493103, "camera_rotation_final": [1.3966784477233887, 0.00021591063705272973, 0.7896735668182373], "skybox_img": 3, "resolution": 512}