{"model_rotation_degrees": 0.0, "vanishing_points_image": {"y": [393.8381803972127, 256.0852001510138], "x": [353.02815867998504, 266.8926482510057], "z": [257.8651929894403, 86.53853647705029]}, "point_uuid": "44", "field_of_view_rads": 1.3089969389957472, "point_pitch": -0.0363752086970468, "camera_rotation_original": [1.5824408531188965, 0.001023429213091731, 1.5184667110443115], "camera_uuid": "82b91818426544f3b6c43aa394ec0dd3", "camera_location": [0.187142, 2.810302, 1.478821], "nonfixated_points_in_view": [68, 100, 104, 77, 46, 52, 92, 95], "point_location": [-0.7255545258522034, -0.037398211658000946, 1.381843090057373], "bounding_box_ranges": {"y": [-0.7416989492684224, 1.5248795960186527], "x": [-0.956581832910778, 2.810302], "z": [-0.015201018393023569, 2.445290345952337]}, "view_id": 5, "vanishing_points_gaussian_sphere": {"y": [0.9523362668624309, -0.0005886554329052145, -0.3050496489152382], "x": [0.3048518192661143, -0.034223504610625226, 0.951784702557415], "z": [0.011000141302236756, 0.9994140309285976, 0.03241283194018998]}, "camera_rotation_from_original_to_final": [0.009711909107863903, -0.04463143274188042, 1.312887191772461], "point_normal": [0.9999316930770874, 0.0004343015607446432, -0.011684787459671497], "skybox_img_path": "./img/high/82b91818426544f3b6c43aa394ec0dd3_skybox3.jpg", "room": "0_2", "camera_distance": 2.991958500463118, "obliqueness_angle": 1.2607910633087158, "camera_rotation_final": [1.5383758544921875, -0.011000363156199455, 2.8317904472351074], "skybox_img": 3, "resolution": 512}