{"model_rotation_degrees": 0.0, "vanishing_points_image": {"y": [353.0776397104052, 289.28123770075473], "x": [423.99266583769236, 183.19746070706196], "z": [257.672133980704, 126.78933708345778]}, "point_uuid": "54", "field_of_view_rads": 1.3089969389957472, "point_pitch": 0.3915812532093863, "camera_rotation_original": [1.5827999114990234, -0.0022284637670964003, 1.2485463619232178], "camera_uuid": "de06f753bd6d4114a5c6e6a781ee950a", "camera_location": [0.724806, 4.289951, 1.483605], "nonfixated_points_in_view": [0, 65, 100, 44, 46, 52, 26, 95], "point_location": [-0.7286279797554016, 2.590883255004883, 2.4133124351501465], "bounding_box_ranges": {"y": [-0.7410247041613808, 0.880011147841802], "x": [-0.9443330551586575, 4.302244617228002], "z": [0.15904723051163816, 2.443349994121509]}, "view_id": 3, "vanishing_points_gaussian_sphere": {"y": [0.7566062309151103, -0.2593881751974543, -0.6002206143645566], "x": [0.6537616148741404, 0.2833189497753078, 0.7016595496502365], "z": [0.011948316098386183, 0.9232811853741802, -0.38393891503266725]}, "camera_rotation_from_original_to_final": [0.13650403916835785, 0.35811376571655273, 1.2079253196716309], "point_normal": [0.9274620413780212, 0.0078078461810946465, -0.37383586168289185], "skybox_img_path": "./img/high/de06f753bd6d4114a5c6e6a781ee950a_skybox3.jpg", "room": "0_2", "camera_distance": 2.4214988785598743, "obliqueness_angle": 0.7873990535736084, "camera_rotation_final": [1.9648844003677368, -0.0119486004114151, 2.428986072540283], "skybox_img": 3, "resolution": 512}