{"model_rotation_degrees": 0.0, "vanishing_points_image": {"y": [443.64530487691115, 259.36971358365497], "x": [157.4305144635682, 262.2878280291322], "z": [257.7053249585738, 87.21041628259087]}, "point_uuid": "87", "field_of_view_rads": 1.3089969389957472, "point_pitch": -0.024950309595789477, "camera_rotation_original": [1.577962040901184, 0.007169065065681934, 1.18436598777771], "camera_uuid": "57ed0722da4246b593ad7c4c816002a1", "camera_location": [0.693011, 5.590496, 1.490906], "nonfixated_points_in_view": [5, 20, 25, 30, 44, 49, 51, 52, 60, 65, 66, 67, 68, 70, 77, 79, 92, 95, 98, 99, 100, 104], "point_location": [2.8112218379974365, -0.9091724157333374, 1.3261260986328125], "bounding_box_ranges": {"y": [-0.741660886920664, 3.3746579179465286], "x": [-0.980931531340711, 5.590496], "z": [-0.019095983983352438, 2.445246559260499]}, "view_id": 1, "vanishing_points_gaussian_sphere": {"y": [0.9506594613960787, -0.01707183722288079, 0.3097662680666717], "x": [-0.3100718985850111, -0.019779739788217298, 0.9505073274845371], "z": [0.010099810196445532, 0.9996585988565027, 0.024097293753654155]}, "camera_rotation_from_original_to_final": [0.004212892614305019, -0.03546901419758797, 2.2723913192749023], "point_normal": [0.32426273822784424, 0.9422584772109985, 0.08368226140737534], "skybox_img_path": "./img/high/57ed0722da4246b593ad7c4c816002a1_skybox3.jpg", "room": "0_2", "camera_distance": 6.8381037214449485, "obliqueness_angle": 0.6481621265411377, "camera_rotation_final": [1.5466954708099365, -0.010099981911480427, 3.4568779468536377], "skybox_img": 3, "resolution": 512}