{"model_rotation_degrees": 0.0, "vanishing_points_image": {"y": [442.672154606585, 217.37071597734754], "x": [89.48387966108851, 199.4142440087679], "z": [256.6866453511225, 114.10193070718108]}, "point_uuid": "75", "field_of_view_rads": 1.3089969389957472, "point_pitch": 0.2667347947743277, "camera_rotation_original": [1.5762215852737427, -0.0002412118628853932, -1.888368844985962], "camera_uuid": "029e8bd017804e6aba4c5206f049bf52", "camera_location": [2.031441, 2.853197, 1.471538], "nonfixated_points_in_view": [74, 12, 78, 16, 48, 84, 85, 24, 56, 31], "point_location": [4.656252384185791, 4.942971229553223, 2.398334503173828], "bounding_box_ranges": {"y": [2.031441, 5.9233395992503315], "x": [2.7356281680711385, 6.892537011055509], "z": [0.0021336071514450605, 2.441003871561689]}, "view_id": 5, "vanishing_points_gaussian_sphere": {"y": [0.7831248957097663, 0.1620571321166692, 0.6003772844217943], "x": [-0.6218469605590378, 0.21131696019859994, 0.7540898487421176], "z": [0.004664264470863352, 0.9638893236583461, -0.2662623074608986]}, "camera_rotation_from_original_to_final": [-0.08856629580259323, -0.249162957072258, 1.0004298686981201], "point_normal": [-0.997501015663147, -0.006629338022321463, -0.07034127414226532], "skybox_img_path": "./img/high/029e8bd017804e6aba4c5206f049bf52_skybox3.jpg", "room": "0_2", "camera_distance": 3.4807675850929587, "obliqueness_angle": 0.684216320514679, "camera_rotation_final": [1.8403126001358032, -0.004664281383156776, -0.8996887803077698], "skybox_img": 3, "resolution": 512}