{"model_rotation_degrees": 0.0, "vanishing_points_image": {"y": [394.99492823481694, 269.2205478713355], "x": [348.1480819546426, 165.90069089298692], "z": [255.57845558017885, 118.57539533789169]}, "point_uuid": "65", "field_of_view_rads": 1.3089969389957472, "point_pitch": 0.3272116939213614, "camera_rotation_original": [1.5771442651748657, -0.011866987682878971, -1.0165622234344482], "camera_uuid": "22149045c4a4476eb44710bdb469a325", "camera_location": [2.693772, -0.285035, 1.48261], "nonfixated_points_in_view": [0, 33, 100, 44, 46, 79, 19, 52, 54, 26, 63], "point_location": [-0.07654492557048798, 0.595660388469696, 2.426851272583008], "bounding_box_ranges": {"y": [-0.741404570409367, 2.693772], "x": [-0.9546695063914143, 3.9404749740696245], "z": [-0.002952985714746781, 2.444441552150319]}, "view_id": 1, "vanishing_points_gaussian_sphere": {"y": [0.9532848475494518, -0.09067199877073881, -0.28814334639470274], "x": [0.30205874963670404, 0.29534293145017665, 0.9063846118565382], "z": [-0.002917396190002598, 0.9510789354629485, -0.3089342119580399]}, "camera_rotation_from_original_to_final": [0.17807291448116302, -0.2527441084384918, 2.2592105865478516], "point_normal": [-0.0043112109415233135, -0.005842018406838179, -0.9999736547470093], "skybox_img_path": "./img/high/22149045c4a4476eb44710bdb469a325_skybox3.jpg", "room": "0_2", "camera_distance": 3.0564477536712595, "obliqueness_angle": 1.2590703964233398, "camera_rotation_final": [1.884869933128357, 0.0029174003284424543, 1.2639434337615967], "skybox_img": 3, "resolution": 512}