{"model_rotation_degrees": 0.0, "vanishing_points_image": {"y": [402.7049403892256, 251.97284157826445], "x": [327.04507465711583, 297.94689531814817], "z": [256.4432771987705, 78.91947520768693]}, "point_uuid": "45", "field_of_view_rads": 1.3089969389957472, "point_pitch": -0.12458459933730559, "camera_rotation_original": [1.5717558860778809, 0.008724818006157875, 1.7450741529464722], "camera_uuid": "fe33a7c2947347d5a33b56488f8bfdae", "camera_location": [4.698266, 1.058042, 1.474498], "nonfixated_points_in_view": [3, 12, 78, 21, 55, 28], "point_location": [5.888344764709473, 6.326374053955078, 0.751869261264801], "bounding_box_ranges": {"y": [3.9399453499720183, 6.560381651280673], "x": [1.058042, 2.7445590528033654], "z": [-0.0035673394810222803, 2.4404445054996433]}, "view_id": 4, "vanishing_points_gaussian_sphere": {"y": [0.9754929651451825, 0.026777998747046446, -0.2183950863352083], "x": [0.22001663327453527, -0.12990365241728904, 0.9668080068820215], "z": [0.002481135788011484, 0.9911649609786211, 0.1326117042098853]}, "camera_rotation_from_original_to_final": [0.034415386617183685, -0.12997569143772125, -1.968727469444275], "point_normal": [0.006352371536195278, -0.9999582767486572, -0.00656272005289793], "skybox_img_path": "./img/high/fe33a7c2947347d5a33b56488f8bfdae_skybox1.jpg", "room": "0_5", "camera_distance": 5.449201894207661, "obliqueness_angle": 0.26721492409706116, "camera_rotation_final": [1.437792420387268, -0.0024811383336782455, -0.22183221578598022], "skybox_img": 1, "resolution": 512}