{"model_rotation_degrees": 0.0, "vanishing_points_image": {"y": [443.871101991227, 233.780101127321], "x": [84.22903139945394, 229.15827579064552], "z": [254.834178730909, 101.14185222925812]}, "point_uuid": "42", "field_of_view_rads": 1.3089969389957472, "point_pitch": 0.1497573415425162, "camera_rotation_original": [1.5872206687927246, -0.0005325089441612363, -1.320854663848877], "camera_uuid": "79c2e897db51429e80749b3cde7e79d4", "camera_location": [6.713179, 1.533762, 1.484844], "nonfixated_points_in_view": [57, 2, 27, 4, 36], "point_location": [3.745420217514038, -0.9040029644966125, 2.0069339275360107], "bounding_box_ranges": {"y": [3.469359274422342, 6.713179], "x": [-0.9148869523997767, 1.5697315413611233], "z": [-0.024184268557189803, 2.454675422548318]}, "view_id": 3, "vanishing_points_gaussian_sphere": {"y": [0.772065504076518, 0.09131376375524348, 0.6289488484478877], "x": [-0.6354991843764765, 0.09930603513083325, 0.7656886430158325], "z": [-0.00745949541895764, 0.9908582683388404, -0.13470058645993066]}, "camera_rotation_from_original_to_final": [0.03727444261312485, -0.11299403011798859, -2.705376386642456], "point_normal": [-0.04277009516954422, 0.9990238547325134, 0.01105394959449768], "skybox_img_path": "./img/high/79c2e897db51429e80749b3cde7e79d4_skybox2.jpg", "room": "0_5", "camera_distance": 3.8759344458604508, "obliqueness_angle": 0.9346532821655273, "camera_rotation_final": [1.70591139793396, 0.007459564600139856, -4.023711204528809], "skybox_img": 2, "resolution": 512}