{"model_rotation_degrees": 0.0, "vanishing_points_image": {"y": [364.05382573613286, 269.7947458629759], "x": [413.8365654660737, 210.7313067743316], "z": [255.4545867935939, 106.70703838812702]}, "point_uuid": "24", "field_of_view_rads": 1.3089969389957472, "point_pitch": 0.20466239849594636, "camera_rotation_original": [1.5761680603027344, 0.00989445485174656, -0.4241592288017273], "camera_uuid": "4941e1733c7d43ffb521d1025e32e0eb", "camera_location": [1.857551, 5.637887, 1.476438], "nonfixated_points_in_view": [64, 101, 8, 75, 16, 48, 50, 81, 90], "point_location": [5.881033420562744, 2.8957903385162354, 2.433004140853882], "bounding_box_ranges": {"y": [1.857551, 5.922769532309973], "x": [2.486197594883432, 5.881053220173056], "z": [0.17634952188856778, 2.4405369418671943]}, "view_id": 0, "vanishing_points_gaussian_sphere": {"y": [0.8267318113343465, -0.10554513138706421, -0.5526072179842733], "x": [0.5625848039408292, 0.16135347869372085, 0.8108411640317071], "z": [-0.0035847597812551295, 0.9812366076303525, -0.19277414075385824]}, "camera_rotation_from_original_to_final": [0.16975420713424683, -0.08285202831029892, -1.7524785995483398], "point_normal": [-0.036969270557165146, 0.010942223481833935, -0.9992564916610718], "skybox_img_path": "./img/high/4941e1733c7d43ffb521d1025e32e0eb_skybox1.jpg", "room": "0_2", "camera_distance": 4.962108672060222, "obliqueness_angle": 1.340101718902588, "camera_rotation_final": [1.7647861242294312, 0.003584767458960414, -2.1683096885681152], "skybox_img": 1, "resolution": 512}