{"model_rotation_degrees": 0.0, "vanishing_points_image": {"y": [429.58148992813426, 257.49259978568057], "x": [227.67210759948753, 268.0712238990853], "z": [256.92473334005876, 86.16702309309065]}, "point_uuid": "88", "field_of_view_rads": 1.3089969389957472, "point_pitch": -0.03171186049910979, "camera_rotation_original": [1.5776946544647217, 0.0030656252056360245, -2.669447660446167], "camera_uuid": "c3d17a6983f9472b926dbc4e505ec89c", "camera_location": [5.294113, 2.145316, 1.475611], "nonfixated_points_in_view": [3, 102, 71, 7, 45, 85, 59], "point_location": [4.890251636505127, 6.875192165374756, 1.3001559972763062], "bounding_box_ranges": {"y": [4.870097400341774, 5.294113], "x": [2.145316, 2.7094148101940037], "z": [0.9995662828067106, 1.868613862816129]}, "view_id": 1, "vanishing_points_gaussian_sphere": {"y": [0.9963426154028805, -0.008567392610988949, 0.08501760121290707], "x": [-0.08527477055791867, -0.036337713861449995, 0.9956946238971153], "z": [0.005441161497516083, 0.9993028421530545, 0.036935395305660285]}, "camera_rotation_from_original_to_final": [0.035186052322387695, 0.027509743347764015, 2.7552592754364014], "point_normal": [-0.3560677468776703, -0.9324744939804077, 0.06088721379637718], "skybox_img_path": "./img/high/c3d17a6983f9472b926dbc4e505ec89c_skybox2.jpg", "room": "0_5", "camera_distance": 4.750328545713293, "obliqueness_angle": 0.4500240385532379, "camera_rotation_final": [1.533851981163025, -0.005441188346594572, 0.08537972718477249], "skybox_img": 2, "resolution": 512}