{"model_rotation_degrees": 0.0, "vanishing_points_image": {"y": [411.5880258457548, 254.00929777841537], "x": [297.981064363539, 256.9109293395879], "z": [253.95397304682615, 88.83849413816714]}, "point_uuid": "102", "field_of_view_rads": 1.3089969389957472, "point_pitch": 0.0019231597569326908, "camera_rotation_original": [1.5832126140594482, -0.005904497113078833, -2.351900577545166], "camera_uuid": "8e7c8e51a2d64a5a8e7440b999e23572", "camera_location": [6.274282, 5.9431, 1.470975], "nonfixated_points_in_view": [88], "point_location": [4.779278755187988, 6.134219169616699, 1.4644339084625244], "bounding_box_ranges": {"y": [4.773469541956978, 6.274282], "x": [5.0563383414990195, 6.909639948063961], "z": [0.2809703884743877, 2.4529125002034973]}, "view_id": 2, "vanishing_points_gaussian_sphere": {"y": [0.9918464307034922, 0.012690378210914833, -0.12680541077417187], "x": [0.12684979281831824, -0.0027524599423735447, 0.9919181186097044], "z": [-0.01223878926578409, 0.999915685578104, 0.004339789416338185]}, "camera_rotation_from_original_to_final": [0.024681802839040756, -0.0008750717388466001, -2.4876482486724854], "point_normal": [0.999971330165863, 0.007203713059425354, 0.0023304445203393698], "skybox_img_path": "./img/high/8e7c8e51a2d64a5a8e7440b999e23572_skybox2.jpg", "room": "0_7", "camera_distance": 1.507184141540822, "obliqueness_angle": 0.13436685502529144, "camera_rotation_final": [1.5664561986923218, 0.012239094823598862, -4.839591026306152], "skybox_img": 2, "resolution": 512}