{"model_rotation_degrees": 0.0, "vanishing_points_image": {"y": [396.49649675322996, 251.1756701722134], "x": [345.37031034099334, 296.22309182424084], "z": [256.6994463773142, 79.06377633206202]}, "point_uuid": "68", "field_of_view_rads": 1.3089969389957472, "point_pitch": -0.1234043081614633, "camera_rotation_original": [1.5784746408462524, 0.0036877563688904047, -0.2543734312057495], "camera_uuid": "cd8bc18ce92741768974d88f6ccbaad1", "camera_location": [3.10099, 5.636439, 1.471228], "nonfixated_points_in_view": [32, 34, 67, 99, 37, 5, 104, 77, 47, 17, 49, 87, 91, 60, 29], "point_location": [1.3165596723556519, -0.44857537746429443, 0.635956346988678], "bounding_box_ranges": {"y": [-0.012646336357436727, 4.312142456418474], "x": [-0.9795680368617052, 5.636439], "z": [-0.010775285598195072, 2.445301684184118]}, "view_id": 6, "vanishing_points_gaussian_sphere": {"y": [0.9597284544711164, 0.032954890096746174, -0.2789897290173847], "x": [0.28090199969868374, -0.12642617983961946, 0.9513729487516664], "z": [0.003919214687030071, 0.9914284625074427, 0.13059189671019172]}, "camera_rotation_from_original_to_final": [-0.13612982630729675, 0.02745220437645912, 3.109342336654663], "point_normal": [0.06437861919403076, 0.9894701242446899, 0.12963153421878815], "skybox_img_path": "./img/high/cd8bc18ce92741768974d88f6ccbaad1_skybox2.jpg", "room": "0_2", "camera_distance": 6.39603560176523, "obliqueness_angle": 0.21840257942676544, "camera_rotation_final": [1.4398293495178223, -0.0039192247204482555, 2.85685658454895], "skybox_img": 2, "resolution": 512}