{"model_rotation_degrees": 0.0, "vanishing_points_image": {"y": [357.41163383721573, 226.09680226880025], "x": [419.32383426959296, 330.45697073563406], "z": [254.94393762690615, 66.00901656122461]}, "point_uuid": "98", "field_of_view_rads": 1.3089969389957472, "point_pitch": -0.37257008155318694, "camera_rotation_original": [1.5762215852737427, -0.0002412118628853932, -1.888368844985962], "camera_uuid": "029e8bd017804e6aba4c5206f049bf52", "camera_location": [2.031441, 2.853197, 1.471538], "nonfixated_points_in_view": [99, 68, 100, 104, 44, 77, 46, 92, 20, 52, 25, 60, 30, 95], "point_location": [-0.28769010305404663, -0.08180950582027435, 0.0024999885354191065], "bounding_box_ranges": {"y": [-0.7416979022931338, 2.30816513610064], "x": [-0.9593133246025962, 2.853197], "z": [-0.012484129260840193, 2.445306254001956]}, "view_id": 3, "vanishing_points_gaussian_sphere": {"y": [0.7833480434582668, 0.23098544564898532, -0.5770715438387557], "x": [0.6215618032979803, -0.28336102446721584, 0.7303201041282191], "z": [-0.005173730865442512, 0.9307804540874447, 0.36554203424189446]}, "camera_rotation_from_original_to_final": [0.12938721477985382, 0.35796624422073364, -1.8995813131332397], "point_normal": [0.003909342922270298, -0.028103064745664597, 0.9995973706245422], "skybox_img_path": "./img/high/029e8bd017804e6aba4c5206f049bf52_skybox1.jpg", "room": "0_2", "camera_distance": 4.018794044977049, "obliqueness_angle": 1.2162909507751465, "camera_rotation_final": [1.1965759992599487, 0.005173753947019577, -3.81233811378479], "skybox_img": 1, "resolution": 512}