{"model_rotation_degrees": 0.0, "vanishing_points_image": {"y": [355.53109761908354, 235.65127985709012], "x": [424.49142531189784, 305.21948126289533], "z": [254.3443856993402, 71.83279574234268]}, "point_uuid": "81", "field_of_view_rads": 1.3089969389957472, "point_pitch": -0.2470230301234384, "camera_rotation_original": [1.5785322189331055, -0.004439795855432749, -0.3697104752063751], "camera_uuid": "b20b2b0634e241d794127bb70d0381ec", "camera_location": [4.119016, 3.356542, 1.473925], "nonfixated_points_in_view": [64, 28, 101, 78, 76], "point_location": [7.541360378265381, 0.6053747534751892, 0.3754005432128906], "bounding_box_ranges": {"y": [4.119016, 5.923338509105065], "x": [1.8132886533402974, 3.522930225304815], "z": [-0.004611062964365198, 2.4387100199613627]}, "view_id": 0, "vanishing_points_gaussian_sphere": {"y": [0.7779914903727128, 0.1590571337989979, -0.6078075921665449], "x": [0.6282142880906685, -0.18351308575213518, 0.7560884575209862], "z": [-0.008720616169735539, 0.970063799729367, 0.24269358316247866]}, "camera_rotation_from_original_to_final": [-0.23186472058296204, 0.1027250662446022, -1.8918014764785767], "point_normal": [-0.9968967437744141, -0.041175149381160736, 0.06709296256303787], "skybox_img_path": "./img/high/b20b2b0634e241d794127bb70d0381ec_skybox1.jpg", "room": "0_2", "camera_distance": 4.526380131938577, "obliqueness_angle": 0.7302634716033936, "camera_rotation_final": [1.3256453275680542, 0.00872072670608759, -2.2500829696655273], "skybox_img": 1, "resolution": 512}