{"model_rotation_degrees": 0.0, "vanishing_points_image": {"y": [439.02752761385864, 269.68250596579], "x": [180.7240471971618, 347.73514113718085], "z": [255.68985853947217, 68.56566245927466]}, "point_uuid": "55", "field_of_view_rads": 1.3089969389957472, "point_pitch": -0.30094508727523284, "camera_rotation_original": [1.5717558860778809, 0.008724818006157875, 1.7450741529464722], "camera_uuid": "fe33a7c2947347d5a33b56488f8bfdae", "camera_location": [4.698266, 1.058042, 1.474498], "nonfixated_points_in_view": [3, 45, 62], "point_location": [4.318838119506836, 2.570666551589966, 0.9756746292114258], "bounding_box_ranges": {"y": [3.486812178245602, 5.678942686200948], "x": [1.058042, 2.744599771398145], "z": [-0.008501763417032127, 2.101685435504991]}, "view_id": 0, "vanishing_points_gaussian_sphere": {"y": [0.9700716333746409, -0.07251920562952063, 0.23173690024836313], "x": [-0.24281380176904152, -0.295905366135713, 0.9238406096089056], "z": [-0.0015760051780171688, 0.9524604869006131, 0.304658065871767]}, "camera_rotation_from_original_to_final": [0.0625293105840683, -0.3044576644897461, -1.5077921152114868], "point_normal": [-0.00476329680532217, -0.9999826550483704, 0.0034609814174473286], "skybox_img_path": "./img/high/fe33a7c2947347d5a33b56488f8bfdae_skybox1.jpg", "room": "0_5", "camera_distance": 1.6373219300410722, "obliqueness_angle": 0.39297163486480713, "camera_rotation_final": [1.2612165212631226, 0.0015760058304294944, 0.24526572227478027], "skybox_img": 1, "resolution": 512}