{"model_rotation_degrees": 0.0, "vanishing_points_image": {"y": [398.7165326862547, 251.09144947345195], "x": [338.70711889523386, 305.4696577054874], "z": [257.5058205164112, 77.12476499230928]}, "point_uuid": "50", "field_of_view_rads": 1.3089969389957472, "point_pitch": -0.1620153625819345, "camera_rotation_original": [1.5717558860778809, 0.008724818006157875, 1.7450741529464722], "camera_uuid": "fe33a7c2947347d5a33b56488f8bfdae", "camera_location": [4.698266, 1.058042, 1.474498], "nonfixated_points_in_view": [64, 101, 6, 76, 81, 82, 58], "point_location": [7.543033599853516, 0.28950852155685425, 1.0014065504074097], "bounding_box_ranges": {"y": [4.698266, 7.546401198873946], "x": [-0.8961154952776438, 2.3495759938944607], "z": [-0.004166702673038092, 2.455077598745013]}, "view_id": 0, "vanishing_points_gaussian_sphere": {"y": [0.9657047649252269, 0.03321416617361684, -0.2575094681096284], "x": [0.2595095861459008, -0.15522062150650281, 0.9531848369322281], "z": [0.0083115401157466, 0.9873213143777088, 0.15851668832138144]}, "camera_rotation_from_original_to_final": [0.04486911743879318, -0.15473057329654694, 2.701345443725586], "point_normal": [-0.9995605945587158, -0.006914979312568903, -0.02882673591375351], "skybox_img_path": "./img/high/fe33a7c2947347d5a33b56488f8bfdae_skybox2.jpg", "room": "0_5", "camera_distance": 2.9844869198209736, "obliqueness_angle": 0.3288457989692688, "camera_rotation_final": [1.4116026163101196, -0.008311635814607143, 4.449865341186523], "skybox_img": 2, "resolution": 512}