{"model_rotation_degrees": 0.0, "vanishing_points_image": {"y": [353.9074410500475, 243.02341815293747], "x": [427.4268185632591, 289.33469175222643], "z": [255.98703282178408, 76.98194568644544]}, "point_uuid": "50", "field_of_view_rads": 1.3089969389957472, "point_pitch": -0.16877178748580413, "camera_rotation_original": [1.5776946544647217, 0.0030656252056360245, -2.669447660446167], "camera_uuid": "c3d17a6983f9472b926dbc4e505ec89c", "camera_location": [5.294113, 2.145316, 1.475611], "nonfixated_points_in_view": [64, 90, 6, 101, 76, 81, 58], "point_location": [7.543033599853516, 0.28950852155685425, 1.0014065504074097], "bounding_box_ranges": {"y": [5.294113, 7.551013352564592], "x": [-0.8965405497018235, 2.2125838594987197], "z": [-0.004296847611215293, 2.4550614193600664]}, "view_id": 4, "vanishing_points_gaussian_sphere": {"y": [0.7712904891283843, 0.10222628691642754, -0.6282203177575348], "x": [0.63648328828687, -0.12376694847578297, 0.7612954526309257], "z": [-7.149566948377603e-05, 0.9870316756458595, 0.16052559347373901]}, "camera_rotation_from_original_to_final": [0.14868879318237305, 0.0788111761212349, 0.41485854983329773], "point_normal": [-0.9995605945587158, -0.006914979312568903, -0.02882673591375351], "skybox_img_path": "./img/high/c3d17a6983f9472b926dbc4e505ec89c_skybox4.jpg", "room": "0_5", "camera_distance": 2.9540706689653646, "obliqueness_angle": 0.7197216153144836, "camera_rotation_final": [1.4095731973648071, 7.149566954467446e-05, -2.2607264518737793], "skybox_img": 4, "resolution": 512}