{"model_rotation_degrees": 0.0, "vanishing_points_image": {"y": [418.85189453834585, 253.387913392848], "x": [271.2632849613355, 368.26059843987673], "z": [256.3402571592395, 66.21872574604744]}, "point_uuid": "69", "field_of_view_rads": 1.3089969389957472, "point_pitch": -0.3731707771632333, "camera_rotation_original": [1.5762215852737427, -0.0002412118628853932, -1.888368844985962], "camera_uuid": "029e8bd017804e6aba4c5206f049bf52", "camera_location": [2.031441, 2.853197, 1.471538], "nonfixated_points_in_view": [24, 12, 28, 78], "point_location": [4.856080532073975, 2.713179588317871, 0.3811095058917999], "bounding_box_ranges": {"y": [2.031441, 5.923333182843625], "x": [1.570943318395758, 4.673929575085014], "z": [-0.013574347730801906, 2.4442962599057196]}, "view_id": 0, "vanishing_points_gaussian_sphere": {"y": [0.9988039847131894, 0.016020461530615256, -0.04619464182566064], "x": [0.04886513782470557, -0.3594003275798448, 0.9319032153828384], "z": [0.0016728497922786053, 0.9330459524309863, 0.35975332135468335]}, "camera_rotation_from_original_to_final": [0.12028702348470688, 0.3543921411037445, 0.28989171981811523], "point_normal": [-0.4591846764087677, 0.6858834028244019, 0.5645471811294556], "skybox_img_path": "./img/high/029e8bd017804e6aba4c5206f049bf52_skybox4.jpg", "room": "0_2", "camera_distance": 3.0310439962752462, "obliqueness_angle": 0.8463813662528992, "camera_rotation_final": [1.2027922868728638, -0.0016728505725041032, -1.6196810007095337], "skybox_img": 4, "resolution": 512}