{"model_rotation_degrees": 0.0, "vanishing_points_image": {"y": [443.6183862362962, 299.54174975768797], "x": [109.79775175595414, 339.4217193609674], "z": [257.659667265248, 66.20773738295793]}, "point_uuid": "68", "field_of_view_rads": 1.3089969389957472, "point_pitch": -0.36971394618483977, "camera_rotation_original": [1.5785316228866577, 0.0028458000160753727, 1.9192692041397095], "camera_uuid": "4c0d1c450c3c414c8e903e49190ad5f3", "camera_location": [0.164657, 1.413222, 1.481392], "nonfixated_points_in_view": [32, 34, 99, 5, 104, 77, 87], "point_location": [1.3165596723556519, -0.44857537746429443, 0.635956346988678], "bounding_box_ranges": {"y": [-0.32804471864333823, 3.387295419528793], "x": [-0.980038045901505, 1.413222], "z": [-0.018755438327528573, 2.4453058556812204]}, "view_id": 1, "vanishing_points_gaussian_sphere": {"y": [0.8487058055061927, -0.19696436230245434, 0.4908192087549877], "x": [-0.5288023403689236, -0.3017299731399694, 0.7933013980381621], "z": [0.00815723730400875, 0.9328258483188279, 0.36023519565393]}, "camera_rotation_from_original_to_final": [0.14481131732463837, -0.3486890494823456, 1.7529724836349487], "point_normal": [0.06437861919403076, 0.9894701242446899, 0.12963153421878815], "skybox_img_path": "./img/high/4c0d1c450c3c414c8e903e49190ad5f3_skybox3.jpg", "room": "0_2", "camera_distance": 2.346898062804743, "obliqueness_angle": 0.6434218883514404, "camera_rotation_final": [1.2022634744644165, -0.008157327771186829, 3.6988022327423096], "skybox_img": 3, "resolution": 512}