{"model_rotation_degrees": 0.0, "vanishing_points_image": {"y": [431.6058912848516, 254.65123778937252], "x": [219.28596553526572, 205.90579234418925], "z": [257.49678790053594, 102.85021993058082]}, "point_uuid": "54", "field_of_view_rads": 1.3089969389957472, "point_pitch": 0.16014631191757722, "camera_rotation_original": [1.5825356245040894, -0.0012060842709615827, -0.39747294783592224], "camera_uuid": "f9db34b350e54e138bcc5d0815a85293", "camera_location": [5.237017, 3.272563, 1.485191], "nonfixated_points_in_view": [0, 33, 97, 38, 46, 79, 48, 17, 18, 19, 84, 93, 89, 26, 29, 63], "point_location": [-0.7286279797554016, 2.590883255004883, 2.4133124351501465], "bounding_box_ranges": {"y": [-0.7416984984838546, 5.237017], "x": [1.5186222462590284, 6.453933171590052], "z": [-0.015054720636912933, 2.444333136449132]}, "view_id": 4, "vanishing_points_gaussian_sphere": {"y": [0.9936567326860003, 0.007631900282937998, 0.11219648695861195], "x": [-0.112040246607225, 0.15287253120442906, 0.9818742141146916], "z": [0.009658194861096281, 0.9882164455731459, -0.1527578998638137]}, "camera_rotation_from_original_to_final": [0.12745963037014008, -0.06248141825199127, 2.0773324966430664], "point_normal": [0.9274620413780212, 0.0078078461810946465, -0.37383586168289185], "skybox_img_path": "./img/high/f9db34b350e54e138bcc5d0815a85293_skybox3.jpg", "room": "0_2", "camera_distance": 6.075773291664165, "obliqueness_angle": 0.2511252760887146, "camera_rotation_final": [1.7241618633270264, -0.009658345021307468, 1.6830775737762451], "skybox_img": 3, "resolution": 512}