{"model_rotation_degrees": 0.0, "vanishing_points_image": {"y": [434.4332836679263, 249.23518912347515], "x": [205.14029037247303, 183.8437277612021], "z": [255.7840837754793, 110.1716844922588]}, "point_uuid": "8", "field_of_view_rads": 1.3089969389957472, "point_pitch": 0.24131400982407136, "camera_rotation_original": [1.5824408531188965, 0.001023429213091731, 1.5184667110443115], "camera_uuid": "82b91818426544f3b6c43aa394ec0dd3", "camera_location": [0.187142, 2.810302, 1.478821], "nonfixated_points_in_view": [69, 39, 75, 12, 78, 16, 18, 24, 91, 28], "point_location": [4.191406726837158, 3.4509470462799072, 2.427091360092163], "bounding_box_ranges": {"y": [0.187142, 5.923331825193238], "x": [0.9995711131165497, 5.1982602135535085], "z": [-0.012312767043960893, 2.439724666746854]}, "view_id": 3, "vanishing_points_gaussian_sphere": {"y": [0.9873877625331458, 0.037434111719664646, 0.15383138067230553], "x": [-0.15831401653277338, 0.22460508248701555, 0.9615036292652575], "z": [-0.0014417243317840066, 0.9737305809107366, -0.22769865443210358]}, "camera_rotation_from_original_to_final": [0.011137468740344048, 0.21778947114944458, -2.9293322563171387], "point_normal": [-0.007653122767806053, 0.007843519560992718, -0.9999399781227112], "skybox_img_path": "./img/high/82b91818426544f3b6c43aa394ec0dd3_skybox2.jpg", "room": "0_2", "camera_distance": 4.164586458289287, "obliqueness_angle": 1.3347742557525635, "camera_rotation_final": [1.8005101680755615, 0.001441724831238389, -1.4118132591247559], "skybox_img": 2, "resolution": 512}