{"model_rotation_degrees": 0.0, "vanishing_points_image": {"y": [353.65862584996216, 226.7580470169464], "x": [424.10927363279484, 324.03591638662414], "z": [254.96701312171757, 66.69936173382756]}, "point_uuid": "20", "field_of_view_rads": 1.3089969389957472, "point_pitch": -0.3529248674723764, "camera_rotation_original": [1.5762215852737427, -0.0002412118628853932, -1.888368844985962], "camera_uuid": "029e8bd017804e6aba4c5206f049bf52", "camera_location": [2.031441, 2.853197, 1.471538], "nonfixated_points_in_view": [98, 99, 68, 100, 104, 44, 77, 46, 92, 52, 25, 60, 30, 95], "point_location": [-0.5246977210044861, -0.1719522625207901, 0.0045468444004654884], "bounding_box_ranges": {"y": [-0.7416987877118366, 2.247502289330286], "x": [-0.9592881328090779, 2.853197], "z": [-0.012518738682118835, 2.4453079712536057]}, "view_id": 3, "vanishing_points_gaussian_sphere": {"y": [0.7625998276171243, 0.22834550568349404, -0.6052270920509771], "x": [0.6468503064701162, -0.261788373803774, 0.7162761537009956], "z": [-0.0051170243158695184, 0.9377234013158278, 0.3473451290673671]}, "camera_rotation_from_original_to_final": [0.12240499258041382, 0.3396279811859131, -1.9347805976867676], "point_normal": [0.030930928885936737, 0.04486192762851715, 0.9985142946243286], "skybox_img_path": "./img/high/029e8bd017804e6aba4c5206f049bf52_skybox1.jpg", "room": "0_2", "camera_distance": 4.223438963217699, "obliqueness_angle": 1.161806344985962, "camera_rotation_final": [1.2160530090332031, 0.005117046646773815, -3.845050811767578], "skybox_img": 1, "resolution": 512}