{"model_rotation_degrees": 0.0, "vanishing_points_image": {"y": [420.5752534594417, 254.52937686370623], "x": [265.02476490836244, 292.15183092453935], "z": [254.94191817672856, 80.6080240601042]}, "point_uuid": "27", "field_of_view_rads": 1.3089969389957472, "point_pitch": -0.11405639251204924, "camera_rotation_original": [1.5776946544647217, 0.0030656252056360245, -2.669447660446167], "camera_uuid": "c3d17a6983f9472b926dbc4e505ec89c", "camera_location": [5.294113, 2.145316, 1.475611], "nonfixated_points_in_view": [57, 2, 4, 42], "point_location": [5.213468074798584, -0.8895421624183655, 1.1419445276260376], "bounding_box_ranges": {"y": [3.4866191549090457, 7.537358726007443], "x": [-0.9147679842230776, 2.145316], "z": [-0.020524749085416127, 2.4550770293151825]}, "view_id": 2, "vanishing_points_gaussian_sphere": {"y": [0.9996114280319327, 0.008932398173275024, -0.026404643736176802], "x": [0.02722196741966166, -0.10904704705127898, 0.9936637791623478], "z": [-0.005996452097968179, 0.9939964556235954, 0.10924783187764663]}, "camera_rotation_from_original_to_final": [0.10506758838891983, 0.0501953586935997, -0.4962030053138733], "point_normal": [0.04163612797856331, 0.9976025819778442, -0.055278927087783813], "skybox_img_path": "./img/high/c3d17a6983f9472b926dbc4e505ec89c_skybox4.jpg", "room": "0_5", "camera_distance": 3.0542102601593495, "obliqueness_angle": 0.16546630859375, "camera_rotation_final": [1.4613280296325684, 0.005996488034725189, -3.168818473815918], "skybox_img": 4, "resolution": 512}