{"model_rotation_degrees": 0.0, "vanishing_points_image": {"y": [346.530562139105, 250.65695176834845], "x": [435.59673090978566, 267.2598180085158], "z": [255.67882324610588, 84.27998308748482]}, "point_uuid": "50", "field_of_view_rads": 1.3089969389957472, "point_pitch": -0.04967896541091399, "camera_rotation_original": [1.5761680603027344, 0.00989445485174656, -0.4241592288017273], "camera_uuid": "4941e1733c7d43ffb521d1025e32e0eb", "camera_location": [1.857551, 5.637887, 1.476438], "nonfixated_points_in_view": [64, 101, 8, 40, 75, 16, 48, 81, 24, 90], "point_location": [7.543033599853516, 0.28950852155685425, 1.0014065504074097], "bounding_box_ranges": {"y": [1.857551, 5.923281672730438], "x": [2.4880299116740603, 5.637887], "z": [-0.012321433511366608, 2.4427563457551327]}, "view_id": 5, "vanishing_points_gaussian_sphere": {"y": [0.7282911603500504, 0.042983216987613725, -0.6839184372521134], "x": [0.6852652774380079, -0.04296271024767648, 0.727025243761167], "z": [-0.0018668941553527437, 0.9981516160311368, 0.06074426821225851]}, "camera_rotation_from_original_to_final": [-0.06359755247831345, 0.01991081051528454, -1.9018508195877075], "point_normal": [-0.9995605945587158, -0.006914979312568903, -0.02882673591375351], "skybox_img_path": "./img/high/4941e1733c7d43ffb521d1025e32e0eb_skybox1.jpg", "room": "0_2", "camera_distance": 7.82019947305681, "obliqueness_angle": 0.7666691541671753, "camera_rotation_final": [1.510014533996582, 0.0018668952398002148, -2.32576584815979], "skybox_img": 1, "resolution": 512}