{"model_rotation_degrees": 0.0, "vanishing_points_image": {"y": [431.7317758500559, 262.96568883381565], "x": [218.2919942226994, 370.9799975214765], "z": [254.58822011244203, 65.70740809482102]}, "point_uuid": "23", "field_of_view_rads": 1.3089969389957472, "point_pitch": -0.37393633922072844, "camera_rotation_original": [1.5825356245040894, -0.0012060842709615827, -0.39747294783592224], "camera_uuid": "f9db34b350e54e138bcc5d0815a85293", "camera_location": [5.237017, 3.272563, 1.485191], "nonfixated_points_in_view": [2, 4, 90, 6, 71, 42, 57, 58, 27], "point_location": [5.56543493270874, 0.6618595123291016, 0.42348137497901917], "bounding_box_ranges": {"y": [3.4941141067516206, 5.923293820867068], "x": [-0.9167069492296385, 3.272563], "z": [-0.015823021201836873, 2.445310289028343]}, "view_id": 1, "vanishing_points_gaussian_sphere": {"y": [0.9924994653876583, -0.03934087850746891, 0.11574587026530626], "x": [-0.12205522871192781, -0.37217321906821205, 0.9201030464858182], "z": [-0.006879850964340099, 0.9273291704064233, 0.3741834808807616]}, "camera_rotation_from_original_to_final": [-0.3643246293067932, 0.15706110000610352, -2.649609088897705], "point_normal": [-0.578569769859314, 0.8149556517601013, 0.033234305679798126], "skybox_img_path": "./img/high/f9db34b350e54e138bcc5d0815a85293_skybox2.jpg", "room": "0_2", "camera_distance": 2.8374034045914436, "obliqueness_angle": 0.593039333820343, "camera_rotation_final": [1.1872706413269043, 0.006879905238747597, -3.0192294120788574], "skybox_img": 2, "resolution": 512}