{"model_rotation_degrees": 0.0, "vanishing_points_image": {"y": [448.3801306015627, 265.5861469422887], "x": [109.08285417970436, 278.86236871303714], "z": [255.68727701420187, 82.10347317191658]}, "point_uuid": "87", "field_of_view_rads": 1.3089969389957472, "point_pitch": -0.09665767749282317, "camera_rotation_original": [1.5743488073349, -0.006772358436137438, -1.2924582958221436], "camera_uuid": "b2b91e26cb9a4190a097925afea72a8a", "camera_location": [1.962995, 0.554659, 1.477478], "nonfixated_points_in_view": [32, 5], "point_location": [2.8112218379974365, -0.9091724157333374, 1.3261260986328125], "bounding_box_ranges": {"y": [1.7587380237587884, 3.38571106398662], "x": [-0.9809426363258793, 0.554659], "z": [0.004387887765496812, 2.445311356758403]}, "view_id": 6, "vanishing_points_gaussian_sphere": {"y": [0.8653143040320371, -0.04311791474398739, 0.4993716057863938], "x": [-0.5012264427791735, -0.07799786525636719, 0.8617937027353968], "z": [-0.0017911718195328002, 0.9960206716949102, 0.08910450751748249]}, "camera_rotation_from_original_to_final": [-0.017321767285466194, 0.09154950827360153, -1.3251426219940186], "point_normal": [0.32426273822784424, 0.9422584772109985, 0.08368226140737534], "skybox_img_path": "./img/high/b2b91e26cb9a4190a097925afea72a8a_skybox1.jpg", "room": "0_2", "camera_distance": 1.6985872257076837, "obliqueness_angle": 0.8532195687294006, "camera_rotation_final": [1.4815733432769775, 0.0017911727773025632, -2.6165761947631836], "skybox_img": 1, "resolution": 512}