{"model_rotation_degrees": 0.0, "vanishing_points_image": {"y": [441.9852116148061, 237.14819114404446], "x": [160.9063162578561, 175.22391898706138], "z": [254.4437968009994, 115.52358522971656]}, "point_uuid": "31", "field_of_view_rads": 1.3089969389957472, "point_pitch": 0.2873956720021109, "camera_rotation_original": [1.5761680603027344, 0.00989445485174656, -0.4241592288017273], "camera_uuid": "4941e1733c7d43ffb521d1025e32e0eb", "camera_location": [1.857551, 5.637887, 1.476438], "nonfixated_points_in_view": [16, 75], "point_location": [4.660554885864258, 6.541022777557373, 2.3350167274475098], "bounding_box_ranges": {"y": [1.857551, 4.785040216029251], "x": [4.527061363757223, 6.892352528659179], "z": [0.32360890004312726, 2.4418813222270566]}, "view_id": 0, "vanishing_points_gaussian_sphere": {"y": [0.9508044484381212, 0.09637531697128082, 0.29441925736772967], "x": [-0.3096091180110715, 0.2629933999257116, 0.9137705760418866], "z": [-0.010634607406324352, 0.9599720151515876, -0.2798939714447481]}, "camera_rotation_from_original_to_final": [0.2551998198032379, -0.11228176206350327, -0.8491325378417969], "point_normal": [-0.9978588223457336, 0.03995320945978165, 0.05178387463092804], "skybox_img_path": "./img/high/4941e1733c7d43ffb521d1025e32e0eb_skybox1.jpg", "room": "0_2", "camera_distance": 3.067513925494333, "obliqueness_angle": 0.48310476541519165, "camera_rotation_final": [1.8544964790344238, 0.010634807869791985, -1.2559959888458252], "skybox_img": 1, "resolution": 512}