{"model_rotation_degrees": 0.0, "vanishing_points_image": {"y": [381.2521307621132, 267.79678730753466], "x": [383.3428478926531, 209.3698123765281], "z": [257.8670071827664, 105.11126349391134]}, "point_uuid": "52", "field_of_view_rads": 1.3089969389957472, "point_pitch": 0.17806704441574617, "camera_rotation_original": [1.5827999114990234, -0.0022284637670964003, 1.2485463619232178], "camera_uuid": "de06f753bd6d4114a5c6e6a781ee950a", "camera_location": [0.724806, 4.289951, 1.483605], "nonfixated_points_in_view": [0, 33, 65, 66, 68, 98, 99, 100, 104, 44, 77, 46, 92, 20, 54, 95, 25, 26, 60, 30, 63], "point_location": [-0.582731306552887, 1.4692943096160889, 2.0403730869293213], "bounding_box_ranges": {"y": [-0.7415118006749631, 1.9482907669528244], "x": [-0.9596081316251581, 4.289951], "z": [-0.014176237274234671, 2.4444936667010415]}, "view_id": 0, "vanishing_points_gaussian_sphere": {"y": [0.9062742946290824, -0.08535683210316454, -0.41398202147903884], "x": [0.422514593855628, 0.1547156759188487, 0.8930534573047615], "z": [0.012178705742932307, 0.984264837753684, -0.17627934731028785]}, "camera_rotation_from_original_to_final": [0.062321171164512634, 0.15342740714550018, 1.4627784490585327], "point_normal": [0.5518802404403687, 0.833149254322052, 0.03592600300908089], "skybox_img_path": "./img/high/de06f753bd6d4114a5c6e6a781ee950a_skybox3.jpg", "room": "0_2", "camera_distance": 3.1584407313605762, "obliqueness_angle": 0.2608070969581604, "camera_rotation_final": [1.7480149269104004, -0.012179006822407246, 2.7053401470184326], "skybox_img": 3, "resolution": 512}