{"model_rotation_degrees": 0.0, "vanishing_points_image": {"y": [432.6718349202461, 255.17194309355537], "x": [214.36608140538533, 218.82525598840417], "z": [257.54168524411847, 99.10080453300174]}, "point_uuid": "99", "field_of_view_rads": 1.3089969389957472, "point_pitch": 0.11023672024277253, "camera_rotation_original": [1.577962040901184, 0.007169065065681934, 1.18436598777771], "camera_uuid": "57ed0722da4246b593ad7c4c816002a1", "camera_location": [0.693011, 5.590496, 1.490906], "nonfixated_points_in_view": [5, 20, 25, 30, 44, 46, 49, 51, 52, 60, 65, 66, 67, 68, 70, 77, 79, 87, 92, 95, 98, 100, 104], "point_location": [1.5297740697860718, -0.9080048203468323, 2.2341792583465576], "bounding_box_ranges": {"y": [-0.7416951149176121, 3.3786082590540687], "x": [-0.9804933176320105, 5.590496], "z": [-0.0193624242017576, 2.4451345965023052]}, "view_id": 0, "vanishing_points_gaussian_sphere": {"y": [0.9919054368752594, 0.004649038415859134, 0.12689361977305497], "x": [-0.12660288572329584, 0.11304316352536706, 0.9854912239622996], "z": [0.009762869651638431, 0.9935792014842024, -0.11271671018167678]}, "camera_rotation_from_original_to_final": [0.0557045079767704, 0.09156957268714905, 2.0868663787841797], "point_normal": [0.02970127947628498, 0.9994752407073975, -0.012930529192090034], "skybox_img_path": "./img/high/57ed0722da4246b593ad7c4c816002a1_skybox3.jpg", "room": "0_2", "camera_distance": 6.594174864039281, "obliqueness_angle": 0.18648234009742737, "camera_rotation_final": [1.6837584972381592, -0.009763024747371674, 3.2685422897338867], "skybox_img": 3, "resolution": 512}