{"model_rotation_degrees": 0.0, "vanishing_points_image": {"y": [369.6051503680917, 255.33185678525234], "x": [406.4297986491977, 264.83746430391864], "z": [257.91471778532, 86.85091598013388]}, "point_uuid": "71", "field_of_view_rads": 1.3089969389957472, "point_pitch": -0.01664213736983733, "camera_rotation_original": [1.5872206687927246, -0.0005325089441612363, -1.320854663848877], "camera_uuid": "79c2e897db51429e80749b3cde7e79d4", "camera_location": [6.713179, 1.533762, 1.484844], "nonfixated_points_in_view": [96, 1, 39, 8, 72, 74, 11, 43, 103, 14, 48, 83, 84, 21, 55, 61, 62], "point_location": [4.901352405548096, 2.6252849102020264, 1.4244216680526733], "bounding_box_ranges": {"y": [3.478229040195609, 6.713179], "x": [1.1588956105987687, 2.7445989933125325], "z": [-0.011481829170965518, 2.441743712267039]}, "view_id": 0, "vanishing_points_gaussian_sphere": {"y": [0.8566801115687792, 0.005038371956723421, -0.5158234206107064], "x": [0.5157239296269747, -0.030297799104175877, 0.8562189391619146], "z": [0.01131436487900313, 0.9995282177995121, 0.028553930901297608]}, "camera_rotation_from_original_to_final": [-0.021589333191514015, 0.04091310873627663, 2.3490519523620605], "point_normal": [0.9891785383224487, 0.13581542670726776, 0.055498190224170685], "skybox_img_path": "./img/high/79c2e897db51429e80749b3cde7e79d4_skybox3.jpg", "room": "0_5", "camera_distance": 2.1160787399507375, "obliqueness_angle": 0.6785537600517273, "camera_rotation_final": [1.5422366857528687, -0.011314606294035912, 1.0289053916931152], "skybox_img": 3, "resolution": 512}