{"model_rotation_degrees": 0.0, "vanishing_points_image": {"y": [425.7161118950772, 259.2012535124292], "x": [243.41240429180945, 365.9985345513715], "z": [257.02376004809975, 66.53839747148895]}, "point_uuid": "22", "field_of_view_rads": 1.3089969389957472, "point_pitch": -0.352598830065455, "camera_rotation_original": [1.5785316228866577, 0.0028458000160753727, 1.9192692041397095], "camera_uuid": "4c0d1c450c3c414c8e903e49190ad5f3", "camera_location": [0.164657, 1.413222, 1.481392], "nonfixated_points_in_view": [32, 34, 39, 8, 11, 12, 14, 15, 91], "point_location": [2.957514524459839, 1.5201700925827026, 0.4322492182254791], "bounding_box_ranges": {"y": [0.164657, 5.923289979547761], "x": [-0.9064864356281903, 5.040245356460619], "z": [-0.01693058464728847, 2.4421070000258513]}, "view_id": 2, "vanishing_points_gaussian_sphere": {"y": [0.9991803664052795, -0.018846941647371013, 0.0358244076120194], "x": [-0.04016222336187947, -0.3509634259429719, 0.935527481940003], "z": [0.00505877503374336, 0.9361994800473415, 0.35143269960868095]}, "camera_rotation_from_original_to_final": [0.1380881518125534, -0.34104496240615845, 2.809067964553833], "point_normal": [-0.970449686050415, 0.025052808225154877, 0.23999957740306854], "skybox_img_path": "./img/high/4c0d1c450c3c414c8e903e49190ad5f3_skybox2.jpg", "room": "0_2", "camera_distance": 2.9853295820510786, "obliqueness_angle": 0.13178834319114685, "camera_rotation_final": [1.2116905450820923, -0.005058796610683203, 4.752562522888184], "skybox_img": 2, "resolution": 512}