{"model_rotation_degrees": 0.0, "vanishing_points_image": {"y": [418.5842015226893, 256.53092349137944], "x": [271.9247630484508, 307.44255257710597], "z": [257.9813509839691, 77.30654919543403]}, "point_uuid": "77", "field_of_view_rads": 1.3089969389957472, "point_pitch": -0.15117637713881926, "camera_rotation_original": [1.5827999114990234, -0.0022284637670964003, 1.2485463619232178], "camera_uuid": "de06f753bd6d4114a5c6e6a781ee950a", "camera_location": [0.724806, 4.289951, 1.483605], "nonfixated_points_in_view": [0, 5, 15, 20, 25, 26, 30, 32, 33, 34, 44, 46, 47, 49, 52, 60, 65, 66, 67, 68, 87, 92, 95, 98, 99, 100, 104], "point_location": [0.4619338810443878, -0.9496098160743713, 0.6554995775222778], "bounding_box_ranges": {"y": [-0.7416991508347447, 3.3849091782188685], "x": [-0.9799297917449188, 4.289951], "z": [-0.01827857949709677, 2.4453124357973124]}, "view_id": 4, "vanishing_points_gaussian_sphere": {"y": [0.9987691818390141, -0.003261510135289214, -0.04949226162001344], "x": [0.048375422695898285, -0.15626952927978202, 0.9865290936904338], "z": [0.010951707064180352, 0.9877090648416227, 0.15591941297371417]}, "camera_rotation_from_original_to_final": [-0.04544176161289215, -0.1626168042421341, 1.8472390174865723], "point_normal": [-0.0525255911052227, 0.9985538125038147, -0.011466664262115955], "skybox_img_path": "./img/high/de06f753bd6d4114a5c6e6a781ee950a_skybox3.jpg", "room": "0_2", "camera_distance": 5.3111068252198725, "obliqueness_angle": 0.1967117190361023, "camera_rotation_final": [1.4142286777496338, -0.010951926000416279, 3.0931954383850098], "skybox_img": 3, "resolution": 512}