{"model_rotation_degrees": 0.0, "vanishing_points_image": {"y": [404.4004090373945, 249.60504390381215], "x": [320.9533631138337, 332.5323104437239], "z": [257.584169700263, 71.7178264360364]}, "point_uuid": "20", "field_of_view_rads": 1.3089969389957472, "point_pitch": -0.2529805143687387, "camera_rotation_original": [1.577962040901184, 0.007169065065681934, 1.18436598777771], "camera_uuid": "57ed0722da4246b593ad7c4c816002a1", "camera_location": [0.693011, 5.590496, 1.490906], "nonfixated_points_in_view": [5, 25, 30, 44, 46, 49, 52, 60, 65, 66, 67, 68, 70, 77, 79, 80, 87, 92, 95, 98, 99, 100, 104], "point_location": [-0.5246977210044861, -0.1719522625207901, 0.0045468444004654884], "bounding_box_ranges": {"y": [-0.7414492281136613, 3.3823023985190304], "x": [-0.9803760612331702, 5.590496], "z": [-0.01732871202971009, 2.4452919621856615]}, "view_id": 4, "vanishing_points_gaussian_sphere": {"y": [0.9787920956111337, 0.04217867403014798, -0.20046693748901295], "x": [0.20468650344678763, -0.24117505660139674, 0.9486506350496169], "z": [0.008334799091370691, 0.9695646195743591, 0.2446936443672677]}, "camera_rotation_from_original_to_final": [-0.08319154381752014, -0.24116644263267517, 1.7610129117965698], "point_normal": [0.030930928885936737, 0.04486192762851715, 0.9985142946243286], "skybox_img_path": "./img/high/57ed0722da4246b593ad7c4c816002a1_skybox3.jpg", "room": "0_2", "camera_distance": 6.074363211235588, "obliqueness_angle": 1.2733399868011475, "camera_rotation_final": [1.3235838413238525, -0.008334895595908165, 2.9354419708251953], "skybox_img": 3, "resolution": 512}