{"model_rotation_degrees": 0.0, "vanishing_points_image": {"y": [387.3269328558307, 262.0489764500245], "x": [369.69989021147654, 225.02303417415737], "z": [256.5283836444726, 98.71193979830419]}, "point_uuid": "99", "field_of_view_rads": 1.3089969389957472, "point_pitch": 0.1171735088017325, "camera_rotation_original": [1.579675316810608, 0.0016688042087480426, -0.18222443759441376], "camera_uuid": "421bc59cb37942a2a1b69459e69c6733", "camera_location": [4.087351, 5.595419, 1.470996], "nonfixated_points_in_view": [65, 66, 67, 68, 37, 70, 98, 104, 44, 77, 92, 48, 17, 49, 20, 84, 60, 29, 95], "point_location": [1.5297740697860718, -0.9080048203468323, 2.2341792583465576], "bounding_box_ranges": {"y": [-0.7412060429313394, 5.923291507360656], "x": [-0.9640119058351484, 5.595419], "z": [-0.019237792508218554, 2.4445537880707784]}, "view_id": 2, "vanishing_points_gaussian_sphere": {"y": [0.9304831651369938, -0.04285846498247857, -0.3638189541186492], "x": [0.3663194335324846, 0.09980189561108672, 0.9251214267591436], "z": [0.003339462993013185, 0.994083866488024, -0.10856387232932918]}, "camera_rotation_from_original_to_final": [0.09735530614852905, -0.02299259416759014, 2.947727918624878], "point_normal": [0.02970127947628498, 0.9994752407073975, -0.012930529192090034], "skybox_img_path": "./img/high/421bc59cb37942a2a1b69459e69c6733_skybox2.jpg", "room": "0_2", "camera_distance": 7.029805704764966, "obliqueness_angle": 0.3572971820831299, "camera_rotation_final": [1.6795752048492432, -0.003339469200000167, 2.766540050506592], "skybox_img": 2, "resolution": 512}