{"model_rotation_degrees": 0.0, "vanishing_points_image": {"y": [390.62314410432447, 261.36675191339305], "x": [361.3246677230418, 221.32565842617566], "z": [255.70902842222654, 99.47406274713643]}, "point_uuid": "42", "field_of_view_rads": 1.3089969389957472, "point_pitch": 0.12876184383896394, "camera_rotation_original": [1.5825356245040894, -0.0012060842709615827, -0.39747294783592224], "camera_uuid": "f9db34b350e54e138bcc5d0815a85293", "camera_location": [5.237017, 3.272563, 1.485191], "nonfixated_points_in_view": [2, 4, 71, 23, 57, 27], "point_location": [3.745420217514038, -0.9040029644966125, 2.0069339275360107], "bounding_box_ranges": {"y": [3.4977968547908347, 5.92333844296497], "x": [-0.9151546138171884, 3.272563], "z": [-0.019222173736353376, 2.445310814765521]}, "view_id": 2, "vanishing_points_gaussian_sphere": {"y": [0.9418157446987928, -0.0375454865770261, -0.33402610597848886], "x": [0.3361245224358036, 0.11065685517209475, 0.9352942669666724], "z": [-0.0018462000869937456, 0.9931492319088389, -0.11683832720525568]}, "camera_rotation_from_original_to_final": [0.09838083386421204, -0.03791177272796631, -3.088819742202759], "point_normal": [-0.04277009516954422, 0.9990238547325134, 0.01105394959449768], "skybox_img_path": "./img/high/f9db34b350e54e138bcc5d0815a85293_skybox2.jpg", "room": "0_2", "camera_distance": 4.465510237669344, "obliqueness_angle": 0.40575817227363586, "camera_rotation_final": [1.6879023313522339, 0.001846201135776937, 2.798793077468872], "skybox_img": 2, "resolution": 512}