{"model_rotation_degrees": 0.0, "vanishing_points_image": {"y": [351.8028887312843, 258.2955487943273], "x": [430.6431471762491, 247.12826479262526], "z": [254.76403095143323, 92.3264370932333]}, "point_uuid": "36", "field_of_view_rads": 1.3089969389957472, "point_pitch": 0.037118271985326245, "camera_rotation_original": [1.5776946544647217, 0.0030656252056360245, -2.669447660446167], "camera_uuid": "c3d17a6983f9472b926dbc4e505ec89c", "camera_location": [5.294113, 2.145316, 1.475611], "nonfixated_points_in_view": [1, 2, 4, 42], "point_location": [3.511457681655884, 0.05753563717007637, 1.577016830444336], "bounding_box_ranges": {"y": [3.4905842293052878, 5.294113], "x": [-0.9152889240022044, 2.145316], "z": [-0.019899157170412796, 2.4504170029790195]}, "view_id": 0, "vanishing_points_gaussian_sphere": {"y": [0.7606510996382398, -0.01822608626735614, -0.6489050118457335], "x": [0.649117063023338, 0.03297463882691084, 0.759973494068175], "z": [-0.0075460659347947445, 0.9992899894292996, -0.03691305887213974]}, "camera_rotation_from_original_to_final": [-0.02470260113477707, -0.017644936218857765, -1.1785337924957275], "point_normal": [0.9997629523277283, 0.0177087914198637, -0.012666529044508934], "skybox_img_path": "./img/high/c3d17a6983f9472b926dbc4e505ec89c_skybox1.jpg", "room": "0_5", "camera_distance": 2.7471748773559086, "obliqueness_angle": 0.8464087247848511, "camera_rotation_final": [1.607718825340271, 0.007546137552708387, -3.8480401039123535], "skybox_img": 1, "resolution": 512}