{"model_rotation_degrees": 0.0, "vanishing_points_image": {"y": [408.08659281921905, 263.5903471316931], "x": [309.89150002250676, 175.44304495308083], "z": [256.8698509188528, 113.20900351424307]}, "point_uuid": "31", "field_of_view_rads": 1.3089969389957472, "point_pitch": 0.2538204948094229, "camera_rotation_original": [1.5785322189331055, -0.004439795855432749, -0.3697104752063751], "camera_uuid": "b20b2b0634e241d794127bb70d0381ec", "camera_location": [4.119016, 3.356542, 1.473925], "nonfixated_points_in_view": [16, 56, 85], "point_location": [4.660554885864258, 6.541022777557373, 2.3350167274475098], "bounding_box_ranges": {"y": [2.3054370923162395, 4.782941585387175], "x": [3.356542, 6.8928983873881355], "z": [0.48968959854752525, 2.44159485980082]}, "view_id": 1, "vanishing_points_gaussian_sphere": {"y": [0.9855654467463094, -0.04918766160209039, -0.16199174091868324], "x": [0.16919250533408123, 0.25290877115651017, 0.952581256172344], "z": [0.005886112343851485, 0.9662389597911182, -0.25758032972890876]}, "camera_rotation_from_original_to_final": [0.2357921600341797, -0.09198161959648132, 0.19010692834854126], "point_normal": [-0.9978588223457336, 0.03995320945978165, 0.05178387463092804], "skybox_img_path": "./img/high/b20b2b0634e241d794127bb70d0381ec_skybox4.jpg", "room": "0_2", "camera_distance": 3.343001642887751, "obliqueness_angle": 1.4603240489959717, "camera_rotation_final": [1.8313181400299072, -0.005886146333068609, -0.17001327872276306], "skybox_img": 4, "resolution": 512}