{"model_rotation_degrees": 0.0, "vanishing_points_image": {"y": [437.437998680426, 261.91986460990995], "x": [190.7483698992601, 299.8180106362028], "z": [256.7344720824078, 78.47467621915115]}, "point_uuid": "33", "field_of_view_rads": 1.3089969389957472, "point_pitch": -0.13145641883346038, "camera_rotation_original": [1.5785322189331055, -0.004439795855432749, -0.3697104752063751], "camera_uuid": "b20b2b0634e241d794127bb70d0381ec", "camera_location": [4.119016, 3.356542, 1.473925], "nonfixated_points_in_view": [0, 65, 66, 97, 98, 100, 70, 44, 46, 79, 18, 19, 20, 52, 54, 89, 26, 93, 63], "point_location": [-0.7357626557350159, 2.3610923290252686, 0.7786898612976074], "bounding_box_ranges": {"y": [-0.7416656086329967, 4.119016], "x": [-0.7427420333587147, 4.5450441403857695], "z": [-0.013339295129992212, 2.445269502595675]}, "view_id": 0, "vanishing_points_gaussian_sphere": {"y": [0.9794948398314672, -0.03195844795511014, 0.19891836603951124], "x": [-0.20142758577808997, -0.13526338089060128, 0.9701189336765128], "z": [0.004097124740429316, 0.9902941357972108, 0.1389270966173148]}, "camera_rotation_from_original_to_final": [-0.13719680905342102, 0.053267329931259155, 2.139033794403076], "point_normal": [0.9999902248382568, 0.004309912212193012, 0.0010702030267566442], "skybox_img_path": "./img/high/b20b2b0634e241d794127bb70d0381ec_skybox3.jpg", "room": "0_2", "camera_distance": 5.00431297966058, "obliqueness_angle": 0.24093477427959442, "camera_rotation_final": [1.4314172267913818, -0.004097136203199625, 1.7736132144927979], "skybox_img": 3, "resolution": 512}