{"model_rotation_degrees": 0.0, "vanishing_points_image": {"y": [438.30941733637246, 307.87756518707937], "x": [86.06218011763009, 322.27303890193724], "z": [254.34950792929484, 67.24160135708985]}, "point_uuid": "0", "field_of_view_rads": 1.3089969389957472, "point_pitch": -0.3409554203364511, "camera_rotation_original": [1.5785316228866577, 0.0028458000160753727, 1.9192692041397095], "camera_uuid": "4c0d1c450c3c414c8e903e49190ad5f3", "camera_location": [0.164657, 1.413222, 1.481392], "nonfixated_points_in_view": [19, 46, 63], "point_location": [-0.735573410987854, 2.436551332473755, 0.9980431199073792], "bounding_box_ranges": {"y": [-0.7411219457993508, 0.33119865410101995], "x": [1.413222, 5.864149078579398], "z": [-0.006426929392376435, 2.271707435095441]}, "view_id": 3, "vanishing_points_gaussian_sphere": {"y": [0.7527240899114582, -0.21419350471741058, 0.6225171379197841], "x": [-0.6582845392497148, -0.2567204693365974, 0.7076411986369844], "z": [-0.008240743398357328, 0.9424519845384537, 0.33423995420621494]}, "camera_rotation_from_original_to_final": [0.11796219646930695, -0.32878533005714417, -1.2183408737182617], "point_normal": [0.9999862313270569, -0.0052603865042328835, 7.381608156720176e-05], "skybox_img_path": "./img/high/4c0d1c450c3c414c8e903e49190ad5f3_skybox1.jpg", "room": "0_2", "camera_distance": 1.4461134212151365, "obliqueness_angle": 0.894055187702179, "camera_rotation_final": [1.2299855947494507, 0.008240836672484875, 0.7185673117637634], "skybox_img": 1, "resolution": 512}