{"model_rotation_degrees": 0.0, "vanishing_points_image": {"y": [446.1524252396492, 232.2807597097274], "x": [93.83731284323565, 221.38839450747525], "z": [254.35921087302395, 103.53573966734685]}, "point_uuid": "58", "field_of_view_rads": 1.3089969389957472, "point_pitch": 0.16576977173355623, "camera_rotation_original": [1.5825356245040894, -0.0012060842709615827, -0.39747294783592224], "camera_uuid": "f9db34b350e54e138bcc5d0815a85293", "camera_location": [5.237017, 3.272563, 1.485191], "nonfixated_points_in_view": [57, 90, 27, 6, 23], "point_location": [7.5393476486206055, 0.03760745748877525, 2.1284918785095215], "bounding_box_ranges": {"y": [5.01657471384362, 5.923288302600944], "x": [-0.8987669764186554, 3.272563], "z": [-0.008374022002870962, 2.4453120707166236]}, "view_id": 3, "vanishing_points_gaussian_sphere": {"y": [0.8136820528497657, 0.10149710216476167, 0.5723808654404401], "x": [-0.5812131072513753, 0.12405269749768039, 0.8042401707218748], "z": [-0.010622656418820101, 0.9870710544310906, -0.15993089968765495]}, "camera_rotation_from_original_to_final": [0.14197219908237457, -0.046540580689907074, -2.127872943878174], "point_normal": [-0.999993622303009, 0.003498116275295615, -0.0008064580033533275], "skybox_img_path": "./img/high/f9db34b350e54e138bcc5d0815a85293_skybox1.jpg", "room": "0_2", "camera_distance": 4.022374818328699, "obliqueness_angle": 0.9578015804290771, "camera_rotation_final": [1.7314261198043823, 0.010622856207191944, -2.521333694458008], "skybox_img": 1, "resolution": 512}