{"model_rotation_degrees": 0.0, "vanishing_points_image": {"y": [443.3370557396946, 247.4705716123322], "x": [158.52462408507705, 210.8541064080101], "z": [256.51252761237987, 102.5626946536178]}, "point_uuid": "38", "field_of_view_rads": 1.3089969389957472, "point_pitch": 0.15726359287766023, "camera_rotation_original": [1.5743488073349, -0.006772358436137438, -1.2924582958221436], "camera_uuid": "b2b91e26cb9a4190a097925afea72a8a", "camera_location": [1.962995, 0.554659, 1.477478], "nonfixated_points_in_view": [89, 97, 72, 73, 10, 74, 13, 48, 17, 18, 19, 80, 83, 54, 84, 56, 85, 86, 93, 63], "point_location": [0.0386459082365036, 6.452366352081299, 2.4173946380615234], "bounding_box_ranges": {"y": [-0.7416985346334124, 4.240493166946141], "x": [0.554659, 6.886832421726017], "z": [-0.01497669414814684, 2.4451074845555056]}, "view_id": 7, "vanishing_points_gaussian_sphere": {"y": [0.9508234869659499, 0.04329085246571556, 0.30669300403938776], "x": [-0.30971565908705156, 0.14344535794476918, 0.9399466153991781], "z": [0.003302597490692004, 0.9887109442991359, -0.14979907033398365]}, "camera_rotation_from_original_to_final": [0.04390397667884827, -0.1401810646057129, 1.6050121784210205], "point_normal": [0.9641845226287842, -0.15859608352184296, -0.21259252727031708], "skybox_img_path": "./img/high/b2b91e26cb9a4190a097925afea72a8a_skybox3.jpg", "room": "0_2", "camera_distance": 6.274513380400109, "obliqueness_angle": 1.0739829540252686, "camera_rotation_final": [1.72116219997406, -0.003302603494375944, 0.31489574909210205], "skybox_img": 3, "resolution": 512}