{"model_rotation_degrees": 0.0, "vanishing_points_image": {"y": [443.1107191305387, 266.3319262319342], "x": [159.35684969744116, 309.93375582260745], "z": [255.42461016251846, 75.69177896919328]}, "point_uuid": "0", "field_of_view_rads": 1.3089969389957472, "point_pitch": -0.18860070308181243, "camera_rotation_original": [1.5759177207946777, 0.006587443873286247, -0.21082322299480438], "camera_uuid": "1eea2dc63a804bb98c4433aaf5355d4d", "camera_location": [0.081101, -0.078128, 1.481538], "nonfixated_points_in_view": [33, 97, 35, 100, 38, 9, 10, 46, 79, 19, 51, 54, 86, 89, 26, 93, 94, 63], "point_location": [-0.735573410987854, 2.436551332473755, 0.9980431199073792], "bounding_box_ranges": {"y": [-0.7412217612468834, 1.846954120410411], "x": [-0.078128, 6.877013022600781], "z": [-0.010124731240625184, 2.445300139643652]}, "view_id": 7, "vanishing_points_gaussian_sphere": {"y": [0.9512727934081895, -0.05252761773141637, 0.3038435812993955], "x": [-0.30833458892490123, -0.17207264434859146, 0.9355857984917233], "z": [-0.003139075324418026, 0.9836828017416719, 0.17988410647903913]}, "camera_rotation_from_original_to_final": [-0.18265104293823242, 0.03544368967413902, 0.5219274759292603], "point_normal": [0.9999862313270569, -0.0052603865042328835, 7.381608156720176e-05], "skybox_img_path": "./img/high/1eea2dc63a804bb98c4433aaf5355d4d_skybox4.jpg", "room": "0_2", "camera_distance": 2.6878127038141977, "obliqueness_angle": 1.256892442703247, "camera_rotation_final": [1.389926791191101, 0.0031390804797410965, 0.3134434223175049], "skybox_img": 4, "resolution": 512}