{"model_rotation_degrees": 0.0, "vanishing_points_image": {"y": [365.88736120162457, 269.3902431947047], "x": [411.73213647295995, 217.86092121400483], "z": [257.8099790444026, 104.32567458753037]}, "point_uuid": "86", "field_of_view_rads": 1.3089969389957472, "point_pitch": 0.16801209847000642, "camera_rotation_original": [1.5825356245040894, -0.0012060842709615827, -0.39747294783592224], "camera_uuid": "f9db34b350e54e138bcc5d0815a85293", "camera_location": [5.237017, 3.272563, 1.485191], "nonfixated_points_in_view": [97, 38, 74, 43, 48, 17, 18, 19, 84, 93, 89, 61, 63], "point_location": [0.5567976832389832, 6.327682971954346, 2.438554525375366], "bounding_box_ranges": {"y": [-0.7416991120979581, 5.237017], "x": [2.760152385104216, 6.873342109858829], "z": [-0.013718089391755006, 2.444549010791364]}, "view_id": 0, "vanishing_points_gaussian_sphere": {"y": [0.8362247670176927, -0.1018975510318892, -0.5388367360526833], "x": [0.5482606868107077, 0.13427002289388146, 0.8254585272743433], "z": [0.011762581521787373, 0.9856918636398396, -0.168146339924969]}, "camera_rotation_from_original_to_final": [0.14108218252658844, -0.07040965557098389, 1.3839854001998901], "point_normal": [-0.0011294455034658313, 0.0041487752459943295, -0.9999907612800598], "skybox_img_path": "./img/high/f9db34b350e54e138bcc5d0815a85293_skybox3.jpg", "room": "0_2", "camera_distance": 5.669842642277488, "obliqueness_angle": 1.4050616025924683, "camera_rotation_final": [1.7397570610046387, -0.011762852780520916, 0.99046790599823], "skybox_img": 3, "resolution": 512}