{"model_rotation_degrees": 0.0, "vanishing_points_image": {"y": [393.3729804071726, 248.1170018585047], "x": [353.5801783608682, 311.9945478224632], "z": [256.7663274915679, 75.2197616607987]}, "point_uuid": "60", "field_of_view_rads": 1.3089969389957472, "point_pitch": -0.18082575400802092, "camera_rotation_original": [1.5784746408462524, 0.0036877563688904047, -0.2543734312057495], "camera_uuid": "cd8bc18ce92741768974d88f6ccbaad1", "camera_location": [3.10099, 5.636439, 1.471228], "nonfixated_points_in_view": [32, 34, 67, 68, 37, 5, 99, 104, 77, 47, 17, 49, 87, 91, 29], "point_location": [1.2836822271347046, 0.11872674524784088, 0.3644964098930359], "bounding_box_ranges": {"y": [-0.01280687862370522, 4.22385250464642], "x": [-0.9786616747525052, 5.636439], "z": [-0.010012061444092835, 2.4453097761015803]}, "view_id": 4, "vanishing_points_gaussian_sphere": {"y": [0.9500493196824628, 0.05451754048858568, -0.30730136340401276], "x": [0.31207202805778733, -0.1790766566803328, 0.9330287242824274], "z": [0.004164069498617904, 0.9823234644511296, 0.1871450552751556]}, "camera_rotation_from_original_to_final": [-0.19171150028705597, 0.041470687836408615, 3.0745551586151123], "point_normal": [-0.16449224948883057, 0.9850834608078003, -0.050525885075330734], "skybox_img_path": "./img/high/cd8bc18ce92741768974d88f6ccbaad1_skybox2.jpg", "room": "0_2", "camera_distance": 5.913764391784637, "obliqueness_angle": 0.5372743606567383, "camera_rotation_final": [1.3825396299362183, -0.004164081532508135, 2.824216604232788], "skybox_img": 2, "resolution": 512}