{"model_rotation_degrees": 0.0, "vanishing_points_image": {"y": [443.8645485015637, 249.71354797552516], "x": [156.00061252535332, 217.66654496065158], "z": [257.35819611265094, 100.28532480316208]}, "point_uuid": "59", "field_of_view_rads": 1.3089969389957472, "point_pitch": 0.1178313056614737, "camera_rotation_original": [1.5825356245040894, -0.0012060842709615827, -0.39747294783592224], "camera_uuid": "f9db34b350e54e138bcc5d0815a85293", "camera_location": [5.237017, 3.272563, 1.485191], "nonfixated_points_in_view": [102, 7, 74, 43, 45, 88, 61], "point_location": [4.782374382019043, 4.624932289123535, 1.665702223777771], "bounding_box_ranges": {"y": [0.3630410816271459, 5.9233351597161805], "x": [3.272563, 6.893054161418937], "z": [-0.007521892313713252, 2.445312401268282]}, "view_id": 0, "vanishing_points_gaussian_sphere": {"y": [0.9481828097383437, 0.03172874175247724, 0.31613706879058723], "x": [-0.31760743765793464, 0.12175065006983045, 0.9403734868401676], "z": [0.008653026121596451, 0.9920534593228222, -0.12551915783879633]}, "camera_rotation_from_original_to_final": [0.10241414606571198, -0.050971586257219315, 0.7186408638954163], "point_normal": [0.9999818801879883, -0.006021793931722641, -2.014445090026129e-05], "skybox_img_path": "./img/high/f9db34b350e54e138bcc5d0815a85293_skybox4.jpg", "room": "0_2", "camera_distance": 1.438119287141712, "obliqueness_angle": 1.2431700229644775, "camera_rotation_final": [1.6966521739959717, -0.008653134107589722, 0.3232177495956421], "skybox_img": 4, "resolution": 512}