{"model_rotation_degrees": 0.0, "vanishing_points_image": {"y": [437.20221968847176, 258.62227774115456], "x": [193.52813229502937, 310.716634939807], "z": [252.50725159409586, 76.44277726324138]}, "point_uuid": "28", "field_of_view_rads": 1.3089969389957472, "point_pitch": -0.171957059702601, "camera_rotation_original": [1.5862772464752197, -0.011492825113236904, -0.8451048135757446], "camera_uuid": "afeb188da5b044978973594d81adbdf2", "camera_location": [5.363377, 5.823519, 1.464672], "nonfixated_points_in_view": [57, 27, 69, 78, 23], "point_location": [5.921271800994873, 3.0443596839904785, 0.9785207509994507], "bounding_box_ranges": {"y": [4.77674796488071, 5.915940696009109], "x": [3.917499050917867, 5.823519], "z": [-0.004563837633754453, 2.441799850832491]}, "view_id": 5, "vanishing_points_gaussian_sphere": {"y": [0.9809019835761129, -0.01419517620815145, 0.19398400859057066], "x": [-0.19355585452927956, -0.16952790786977412, 0.9663314232864094], "z": [-0.01916845830752737, 0.9854231504413304, 0.1690378205621324]}, "camera_rotation_from_original_to_final": [-0.10094494372606277, 0.15872414410114288, -2.108987331390381], "point_normal": [-0.9999451041221619, -0.009625209495425224, -0.004139683675020933], "skybox_img_path": "./img/high/afeb188da5b044978973594d81adbdf2_skybox1.jpg", "room": "0_7", "camera_distance": 2.87598978243576, "obliqueness_angle": 1.3857704401016235, "camera_rotation_final": [1.4009114503860474, 0.019169632345438004, -2.9467711448669434], "skybox_img": 1, "resolution": 512}