{"model_rotation_degrees": 0.0, "vanishing_points_image": {"y": [443.9438634842074, 290.94321823750425], "x": [91.60376909218864, 308.8070368510407], "z": [256.05121778586783, 71.7330012979996]}, "point_uuid": "20", "field_of_view_rads": 1.3089969389957472, "point_pitch": -0.23789136012526946, "camera_rotation_original": [1.5785322189331055, -0.004439795855432749, -0.3697104752063751], "camera_uuid": "b20b2b0634e241d794127bb70d0381ec", "camera_location": [4.119016, 3.356542, 1.473925], "nonfixated_points_in_view": [0, 33, 65, 66, 98, 100, 70, 44, 46, 79, 52, 54, 26, 63], "point_location": [-0.5246977210044861, -0.1719522625207901, 0.0045468444004654884], "bounding_box_ranges": {"y": [-0.7416990285492808, 4.119016], "x": [-0.7312455601466032, 3.5635813473470628], "z": [-0.014640627564476816, 2.4450847645584357]}, "view_id": 1, "vanishing_points_gaussian_sphere": {"y": [0.7961811414832208, -0.14802894261972663, 0.5866711362367857], "x": [-0.6050582759530233, -0.19435564002191646, 0.7720947920381451], "z": [0.0002695315019189584, 0.9696975391010111, 0.2443084321389922]}, "camera_rotation_from_original_to_final": [-0.23658880591392517, 0.09488511085510254, 2.578457832336426], "point_normal": [0.030930928885936737, 0.04486192762851715, 0.9985142946243286], "skybox_img_path": "./img/high/b20b2b0634e241d794127bb70d0381ec_skybox2.jpg", "room": "0_2", "camera_distance": 6.014434617409175, "obliqueness_angle": 1.2722339630126953, "camera_rotation_final": [1.3239898681640625, -0.00026953150518238544, 2.220635414123535], "skybox_img": 2, "resolution": 512}