{"model_rotation_degrees": 0.0, "vanishing_points_image": {"y": [346.81293633863, 234.2719864943779], "x": [433.2742778160488, 300.1671727400487], "z": [254.4249545031848, 71.76639648162205]}, "point_uuid": "11", "field_of_view_rads": 1.3089969389957472, "point_pitch": -0.2472734888407846, "camera_rotation_original": [1.5759177207946777, 0.006587443873286247, -0.21082322299480438], "camera_uuid": "1eea2dc63a804bb98c4433aaf5355d4d", "camera_location": [0.081101, -0.078128, 1.481538], "nonfixated_points_in_view": [8, 9, 13, 14, 16, 17, 18, 22, 31, 35, 39, 48, 51, 53, 56, 72, 73, 75, 83, 84, 89, 91, 94], "point_location": [4.123102188110352, 4.202635288238525, 0.0012368254829198122], "bounding_box_ranges": {"y": [0.04451113332804782, 4.7850947564065835], "x": [-0.078128, 6.891653269643546], "z": [-0.01484442460480695, 2.445290241477487]}, "view_id": 0, "vanishing_points_gaussian_sphere": {"y": [0.7256352648727151, 0.1736163752762968, -0.6658159029409141], "x": [0.6880295958212235, -0.17141980429013381, 0.7051457480345579], "z": [-0.008290817039862631, 0.9697796682407053, 0.24384145959979658]}, "camera_rotation_from_original_to_final": [-0.2457154095172882, 0.053960636258125305, -0.552763819694519], "point_normal": [-0.014100566506385803, 0.014889920130372047, 0.9997897148132324], "skybox_img_path": "./img/high/1eea2dc63a804bb98c4433aaf5355d4d_skybox4.jpg", "room": "0_2", "camera_distance": 6.0707495494010235, "obliqueness_angle": 1.325669765472412, "camera_rotation_final": [1.3244627714157104, 0.0082909120246768, -0.7588028907775879], "skybox_img": 4, "resolution": 512}