{"model_rotation_degrees": 0.0, "vanishing_points_image": {"y": [404.0216518945456, 251.74205226626844], "x": [322.6730793141159, 308.5687950222295], "z": [257.1470813365546, 76.65467430423158]}, "point_uuid": "13", "field_of_view_rads": 1.3089969389957472, "point_pitch": -0.16186861594649748, "camera_rotation_original": [1.5743488073349, -0.006772358436137438, -1.2924582958221436], "camera_uuid": "b2b91e26cb9a4190a097925afea72a8a", "camera_location": [1.962995, 0.554659, 1.477478], "nonfixated_points_in_view": [10, 11, 14, 16, 17, 18, 31, 38, 39, 48, 53, 56, 72, 73, 74, 75, 83, 84, 85, 86, 89, 91], "point_location": [2.7075071334838867, 4.056730270385742, 0.8769252896308899], "bounding_box_ranges": {"y": [-0.06037633846858825, 4.782779210978419], "x": [0.554659, 6.89165194866815], "z": [-0.012785982525257422, 2.4453088948472965]}, "view_id": 0, "vanishing_points_gaussian_sphere": {"y": [0.9783405698560442, 0.028142659934669162, -0.2050797895102106], "x": [0.20690563662538347, -0.16313600800497108, 0.9646640350012262], "z": [0.006307686294950212, 0.9862021261303403, 0.165425450005738]}, "camera_rotation_from_original_to_final": [-0.04669877141714096, 0.16325148940086365, 1.0791091918945312], "point_normal": [-0.013771548867225647, -0.6667020320892334, -0.7451971769332886], "skybox_img_path": "./img/high/b2b91e26cb9a4190a097925afea72a8a_skybox3.jpg", "room": "0_2", "camera_distance": 3.6303533290692624, "obliqueness_angle": 1.020789384841919, "camera_rotation_final": [1.4046036005020142, -0.006307728122919798, -0.20841529965400696], "skybox_img": 3, "resolution": 512}