{"model_rotation_degrees": 0.0, "vanishing_points_image": {"y": [419.83924042535324, 256.78641953938194], "x": [267.29053659516734, 297.9638908159222], "z": [257.6382692177036, 79.35278199314835]}, "point_uuid": "77", "field_of_view_rads": 1.3089969389957472, "point_pitch": -0.13123099406691985, "camera_rotation_original": [1.577962040901184, 0.007169065065681934, 1.18436598777771], "camera_uuid": "57ed0722da4246b593ad7c4c816002a1", "camera_location": [0.693011, 5.590496, 1.490906], "nonfixated_points_in_view": [5, 20, 25, 30, 44, 46, 49, 52, 60, 65, 66, 67, 68, 70, 79, 80, 87, 92, 95, 98, 99, 100, 104], "point_location": [0.4619338810443878, -0.9496098160743713, 0.6554995775222778], "bounding_box_ranges": {"y": [-0.7416944794901219, 3.3800729571648738], "x": [-0.980265859550582, 5.590496], "z": [-0.01779826669507889, 2.445305128045528]}, "view_id": 5, "vanishing_points_gaussian_sphere": {"y": [0.9993748832959687, -0.004796945672789467, -0.03502616092839187], "x": [0.03413528251803123, -0.1268716731470888, 0.991331610027781], "z": [0.009199191517926445, 0.9919075399779309, 0.12662861844917178]}, "camera_rotation_from_original_to_final": [-0.035610564053058624, -0.130385160446167, 1.925271987915039], "point_normal": [-0.0525255911052227, 0.9985538125038147, -0.011466664262115955], "skybox_img_path": "./img/high/57ed0722da4246b593ad7c4c816002a1_skybox3.jpg", "room": "0_2", "camera_distance": 6.59729369134561, "obliqueness_angle": 0.16385290026664734, "camera_rotation_final": [1.4438214302062988, -0.009199321269989014, 3.1074492931365967], "skybox_img": 3, "resolution": 512}