{"model_rotation_degrees": 0.0, "vanishing_points_image": {"y": [439.9564280548138, 275.0276445905817], "x": [173.19658717604398, 363.67523334143704], "z": [255.4236923615125, 65.81397952309224]}, "point_uuid": "39", "field_of_view_rads": 1.3089969389957472, "point_pitch": -0.36871640284987883, "camera_rotation_original": [1.5824408531188965, 0.001023429213091731, 1.5184667110443115], "camera_uuid": "82b91818426544f3b6c43aa394ec0dd3", "camera_location": [0.187142, 2.810302, 1.478821], "nonfixated_points_in_view": [69, 8, 75, 12, 78, 16, 18, 24, 91, 28], "point_location": [3.7579293251037598, 3.8353970050811768, -0.005264381878077984], "bounding_box_ranges": {"y": [0.187142, 5.923338937816399], "x": [1.507443800416174, 5.195036485449286], "z": [-0.012838943862912178, 2.4449510703771287]}, "view_id": 4, "vanishing_points_gaussian_sphere": {"y": [0.9614827031564085, -0.09945154594000166, 0.2562428565661675], "x": [-0.2748510378424686, -0.35740857320390373, 0.8925895018412818], "z": [-0.002813987911075075, 0.9286379821063176, 0.3709765217120119]}, "camera_rotation_from_original_to_final": [-0.02361888810992241, -0.391033798456192, -2.8053879737854004], "point_normal": [-0.012306754477322102, -0.05144136771559715, 0.9986002445220947], "skybox_img_path": "./img/high/82b91818426544f3b6c43aa394ec0dd3_skybox2.jpg", "room": "0_2", "camera_distance": 4.000481472244717, "obliqueness_angle": 1.1651380062103271, "camera_rotation_final": [1.1907343864440918, 0.0028139916248619556, -1.2923604249954224], "skybox_img": 2, "resolution": 512}