{"model_rotation_degrees": 0.0, "vanishing_points_image": {"y": [382.29345672407874, 264.2761189793795], "x": [381.31623751415225, 220.95346992823085], "z": [257.1103830604403, 100.65480030850041]}, "point_uuid": "31", "field_of_view_rads": 1.3089969389957472, "point_pitch": 0.13274224201706453, "camera_rotation_original": [1.5743488073349, -0.006772358436137438, -1.2924582958221436], "camera_uuid": "b2b91e26cb9a4190a097925afea72a8a", "camera_location": [1.962995, 0.554659, 1.477478], "nonfixated_points_in_view": [89, 39, 72, 73, 74, 11, 75, 13, 14, 16, 17, 18, 48, 83, 53, 84, 85, 56, 86, 91], "point_location": [4.660554885864258, 6.541022777557373, 2.3350167274475098], "bounding_box_ranges": {"y": [0.5119301454868037, 4.781409622860619], "x": [0.554659, 6.891724296710361], "z": [-0.014773747752867106, 2.44124224901554]}, "view_id": 2, "vanishing_points_gaussian_sphere": {"y": [0.9113071587679602, -0.0597187429052764, -0.4073732123300221], "x": [0.4116661634502251, 0.11512850100737193, 0.9040334054259102], "z": [0.007087471230298144, 0.9915538815423038, -0.12950161292412785]}, "camera_rotation_from_original_to_final": [0.03452004864811897, -0.1215302050113678, 0.866941511631012], "point_normal": [-0.9978588223457336, 0.03995320945978165, 0.05178387463092804], "skybox_img_path": "./img/high/b2b91e26cb9a4190a097925afea72a8a_skybox3.jpg", "room": "0_2", "camera_distance": 6.621839133647515, "obliqueness_angle": 1.1985855102539062, "camera_rotation_final": [1.7006659507751465, -0.007087530568242073, -0.4242929220199585], "skybox_img": 3, "resolution": 512}