{"model_rotation_degrees": 0.0, "vanishing_points_image": {"y": [359.3751897932038, 235.46075447570377], "x": [418.3602406440934, 318.31183425172196], "z": [258.3448779864333, 69.81943563437156]}, "point_uuid": "33", "field_of_view_rads": 1.3089969389957472, "point_pitch": -0.28521518310042815, "camera_rotation_original": [1.5827999114990234, -0.0022284637670964003, 1.2485463619232178], "camera_uuid": "de06f753bd6d4114a5c6e6a781ee950a", "camera_location": [0.724806, 4.289951, 1.483605], "nonfixated_points_in_view": [0, 65, 98, 100, 104, 44, 77, 46, 20, 52, 95, 25, 26, 92, 30, 63], "point_location": [-0.7357626557350159, 2.3610923290252686, 0.7786898612976074], "bounding_box_ranges": {"y": [-0.7415106297463737, 0.9512129130631274], "x": [-0.9605874923083633, 4.289951], "z": [-0.009959019169904826, 2.445294939760463]}, "view_id": 4, "vanishing_points_gaussian_sphere": {"y": [0.7992923133544426, 0.15880852168214254, -0.5795788568034864], "x": [0.6008207781733844, -0.23058751696850577, 0.7654043307516806], "z": [0.01209091922197705, 0.9600048179355308, 0.27972228944604344]}, "camera_rotation_from_original_to_final": [-0.0863255113363266, -0.2831573784351349, 1.2586441040039062], "point_normal": [0.9999902248382568, 0.004309912212193012, 0.0010702030267566442], "skybox_img_path": "./img/high/de06f753bd6d4114a5c6e6a781ee950a_skybox3.jpg", "room": "0_2", "camera_distance": 2.520051852120436, "obliqueness_angle": 0.9481692314147949, "camera_rotation_final": [1.287270188331604, -0.012091213837265968, 2.4970102310180664], "skybox_img": 3, "resolution": 512}