{"model_rotation_degrees": 0.0, "vanishing_points_image": {"y": [423.89460724682573, 255.85101643052786], "x": [252.23383373009895, 363.4735991132412], "z": [254.93525133233942, 66.9356189545412]}, "point_uuid": "97", "field_of_view_rads": 1.3089969389957472, "point_pitch": -0.35496048530074553, "camera_rotation_original": [1.5759177207946777, 0.006587443873286247, -0.21082322299480438], "camera_uuid": "1eea2dc63a804bb98c4433aaf5355d4d", "camera_location": [0.081101, -0.078128, 1.481538], "nonfixated_points_in_view": [0, 9, 10, 13, 18, 19, 33, 35, 38, 46, 48, 51, 56, 63, 72, 73, 83, 84, 86, 89, 93, 94, 100], "point_location": [0.025510288774967194, 3.923286199569702, 0.027542835101485252], "bounding_box_ranges": {"y": [-0.7416953377374891, 4.793875305400622], "x": [-0.078128, 6.892129728992578], "z": [-0.01215595312193618, 2.4453121099125807]}, "view_id": 0, "vanishing_points_gaussian_sphere": {"y": [0.9999143687845553, 0.0008872876518838585, 0.013056332517486995], "x": [-0.011968244015129716, -0.3415330517006883, 0.9397935601669174], "z": [-0.00529303630997234, 0.9398693458756051, 0.34149318653522726]}, "camera_rotation_from_original_to_final": [-0.34658950567245483, 0.07166308909654617, 0.21236485242843628], "point_normal": [0.5118518471717834, -0.7090684175491333, 0.4850049316883087], "skybox_img_path": "./img/high/1eea2dc63a804bb98c4433aaf5355d4d_skybox4.jpg", "room": "0_2", "camera_distance": 4.257758653534306, "obliqueness_angle": 0.5759291052818298, "camera_rotation_final": [1.2222861051559448, 0.005293061025440693, 0.011968697421252728], "skybox_img": 4, "resolution": 512}