{"model_rotation_degrees": 0.0, "vanishing_points_image": {"y": [356.7380999364402, 241.26985565371632], "x": [423.2418708108756, 300.9804232819922], "z": [258.2361544308832, 74.31293863596017]}, "point_uuid": "0", "field_of_view_rads": 1.3089969389957472, "point_pitch": -0.20489565928908782, "camera_rotation_original": [1.5827999114990234, -0.0022284637670964003, 1.2485463619232178], "camera_uuid": "de06f753bd6d4114a5c6e6a781ee950a", "camera_location": [0.724806, 4.289951, 1.483605], "nonfixated_points_in_view": [33, 65, 98, 100, 104, 44, 77, 46, 20, 52, 54, 95, 25, 26, 92, 30, 63], "point_location": [-0.735573410987854, 2.436551332473755, 0.9980431199073792], "bounding_box_ranges": {"y": [-0.7416224972625726, 0.8579022150039269], "x": [-0.9617188531335348, 4.289951], "z": [-0.012879435145632057, 2.4453083452433737]}, "view_id": 4, "vanishing_points_gaussian_sphere": {"y": [0.7869416213926949, 0.11506831757325811, -0.6062030739040314], "x": [0.6169097019129817, -0.165920528060782, 0.7693456947651475], "z": [0.01205421940537127, 0.9794027060708436, 0.20155653086823092]}, "camera_rotation_from_original_to_final": [-0.05948633700609207, -0.20692016184329987, 1.232816457748413], "point_normal": [0.9999862313270569, -0.0052603865042328835, 7.381608156720176e-05], "skybox_img_path": "./img/high/de06f753bd6d4114a5c6e6a781ee950a_skybox3.jpg", "room": "0_2", "camera_distance": 2.4090595717962207, "obliqueness_angle": 0.9245892763137817, "camera_rotation_final": [1.3678345680236816, -0.012054511345922947, 2.4767255783081055], "skybox_img": 3, "resolution": 512}