{"model_rotation_degrees": 0.0, "vanishing_points_image": {"y": [423.70324872822414, 255.89210622104306], "x": [252.57588507996894, 177.50355835108095], "z": [256.29411774831243, 111.64677524774194]}, "point_uuid": "24", "field_of_view_rads": 1.3089969389957472, "point_pitch": 0.23967893520859285, "camera_rotation_original": [1.5762215852737427, -0.0002412118628853932, -1.888368844985962], "camera_uuid": "029e8bd017804e6aba4c5206f049bf52", "camera_location": [2.031441, 2.853197, 1.471538], "nonfixated_points_in_view": [69, 75, 12, 78, 91, 28], "point_location": [5.881033420562744, 2.8957903385162354, 2.433004140853882], "bounding_box_ranges": {"y": [2.031441, 5.923319449081733], "x": [1.7179897467106713, 5.027521986901988], "z": [-0.0016062754753993769, 2.4407754457684265]}, "view_id": 2, "vanishing_points_gaussian_sphere": {"y": [0.9999421843132142, 0.0006433240967134602, 0.01073378614583958], "x": [-0.010569788101887242, 0.24230809256066163, 0.9701417771950114], "z": [0.001976767664454473, 0.9701991416269757, -0.24230088315125956]}, "camera_rotation_from_original_to_final": [-0.07773476839065552, -0.22657057642936707, 0.33725765347480774], "point_normal": [-0.036969270557165146, 0.010942223481833935, -0.9992564916610718], "skybox_img_path": "./img/high/029e8bd017804e6aba4c5206f049bf52_skybox4.jpg", "room": "0_2", "camera_distance": 3.968071714087815, "obliqueness_angle": 1.2892218828201294, "camera_rotation_final": [1.8155335187911987, -0.0019767689518630505, -1.560226321220398], "skybox_img": 4, "resolution": 512}