{"model_rotation_degrees": 0.0, "vanishing_points_image": {"y": [433.84059748204186, 255.4442044229048], "x": [208.9675005168834, 224.81568400869554], "z": [257.6818556238556, 97.41881691641417]}, "point_uuid": "18", "field_of_view_rads": 1.3089969389957472, "point_pitch": 0.10281093517807527, "camera_rotation_original": [1.5771442651748657, -0.011866987682878971, -1.0165622234344482], "camera_uuid": "22149045c4a4476eb44710bdb469a325", "camera_location": [2.693772, -0.285035, 1.48261], "nonfixated_points_in_view": [89, 97, 38, 10, 74, 13, 79, 48, 17, 80, 19, 83, 53, 84, 85, 56, 86, 91, 93, 63], "point_location": [2.081400156021118, 3.921308755874634, 1.8853280544281006], "bounding_box_ranges": {"y": [-0.7416983937624506, 4.228943415880489], "x": [-0.285035, 6.884776996491136], "z": [-0.014646754859916289, 2.4452704781001966]}, "view_id": 3, "vanishing_points_gaussian_sphere": {"y": [0.9896567845383994, 0.0030929206912062644, 0.14342204383815635], "x": [-0.14306635630511122, 0.0948583747785863, 0.9851567928141918], "z": [0.010557770157333252, 0.9954859730684121, -0.09431972706354567]}, "camera_rotation_from_original_to_final": [0.04753563925623894, -0.07422897219657898, 1.1593525409698486], "point_normal": [-0.015624864026904106, -0.9997193217277527, 0.017810897901654243], "skybox_img_path": "./img/high/22149045c4a4476eb44710bdb469a325_skybox3.jpg", "room": "0_2", "camera_distance": 4.269719916290922, "obliqueness_angle": 0.195454940199852, "camera_rotation_final": [1.6652617454528809, -0.01055796630680561, 0.1435670107603073], "skybox_img": 3, "resolution": 512}