{"model_rotation_degrees": 0.0, "vanishing_points_image": {"y": [438.8689990504071, 212.63392226635875], "x": [81.85843822648887, 204.17872180214187], "z": [256.60305743329155, 114.08105388551968]}, "point_uuid": "79", "field_of_view_rads": 1.3089969389957472, "point_pitch": 0.2821292440083365, "camera_rotation_original": [1.5771442651748657, -0.011866987682878971, -1.0165622234344482], "camera_uuid": "22149045c4a4476eb44710bdb469a325", "camera_location": [2.693772, -0.285035, 1.48261], "nonfixated_points_in_view": [0, 33, 65, 97, 100, 38, 10, 46, 80, 17, 18, 19, 52, 54, 86, 89, 26, 93, 63], "point_location": [0.4133884310722351, 2.225884199142456, 2.4188120365142822], "bounding_box_ranges": {"y": [-0.7416988625047987, 2.745580804028796], "x": [-0.285035, 6.514410780673314], "z": [-0.012012388689385256, 2.4433271858989833]}, "view_id": 4, "vanishing_points_gaussian_sphere": {"y": [0.7410265192058798, 0.1757291492896167, 0.6480732704899698], "x": [-0.6714632676020158, 0.19981493467540393, 0.7135902690913658], "z": [0.004096107279054294, 0.9639467090926821, -0.2660638343227933]}, "camera_rotation_from_original_to_final": [0.14709191024303436, -0.21889638900756836, 1.7386701107025146], "point_normal": [-0.0014863654505461454, 0.008470503613352776, -0.9999630451202393], "skybox_img_path": "./img/high/22149045c4a4476eb44710bdb469a325_skybox3.jpg", "room": "0_2", "camera_distance": 3.5187126164457796, "obliqueness_angle": 1.308761715888977, "camera_rotation_final": [1.8401060104370117, -0.004096118733286858, 0.7361892461776733], "skybox_img": 3, "resolution": 512}