{"model_rotation_degrees": 0.0, "vanishing_points_image": {"y": [421.1786639877886, 258.71871700876625], "x": [262.0099649565723, 277.29808905076146], "z": [259.03973409727274, 84.07912784524409]}, "point_uuid": "27", "field_of_view_rads": 1.3089969389957472, "point_pitch": -0.08591131766768889, "camera_rotation_original": [1.5504374504089355, 0.01973503828048706, 0.0801728218793869], "camera_uuid": "022988e502364c9781dbdc5aff9aa537", "camera_location": [5.314469, 4.374863, 1.477831], "nonfixated_points_in_view": [57, 2, 28, 78, 23], "point_location": [5.213468074798584, -0.8895421624183655, 1.1419445276260376], "bounding_box_ranges": {"y": [3.958098060816174, 5.923333955165066], "x": [-0.9126304864790349, 4.374863], "z": [-0.01230805734782403, 2.4453121053914866]}, "view_id": 5, "vanishing_points_gaussian_sphere": {"y": [0.9996813499332398, -0.016454005764393653, -0.019143257036380926], "x": [0.018053944056644247, -0.06397949256183, 0.9977878931093173], "z": [0.01764238361603124, 0.997815559222162, 0.0636620457926758]}, "camera_rotation_from_original_to_final": [-0.0402495302259922, -0.040713004767894745, 3.044227123260498], "point_normal": [0.04163612797856331, 0.9976025819778442, -0.055278927087783813], "skybox_img_path": "./img/high/022988e502364c9781dbdc5aff9aa537_skybox2.jpg", "room": "0_2", "camera_distance": 5.276076519313372, "obliqueness_angle": 0.12112347036600113, "camera_rotation_final": [1.5070812702178955, -0.01764329895377159, 3.123534917831421], "skybox_img": 2, "resolution": 512}