{"model_rotation_degrees": 0.0, "vanishing_points_image": {"y": [408.0295448877835, 260.3861112664436], "x": [310.22436054979124, 212.86309701131395], "z": [256.95680273262417, 101.18115508684608]}, "point_uuid": "85", "field_of_view_rads": 1.3089969389957472, "point_pitch": 0.14013357559708162, "camera_rotation_original": [1.5743488073349, -0.006772358436137438, -1.2924582958221436], "camera_uuid": "b2b91e26cb9a4190a097925afea72a8a", "camera_location": [1.962995, 0.554659, 1.477478], "nonfixated_points_in_view": [10, 11, 13, 14, 16, 17, 18, 31, 38, 39, 48, 53, 56, 72, 73, 74, 75, 80, 83, 84, 86, 89, 91], "point_location": [2.9746100902557373, 6.585859775543213, 2.311539888381958], "bounding_box_ranges": {"y": [-0.06020274072970211, 4.783897160755048], "x": [0.554659, 6.892328779451534], "z": [-0.015070902630874627, 2.4430363317234582]}, "view_id": 0, "vanishing_points_gaussian_sphere": {"y": [0.9860663128421193, -0.028448395128787187, -0.16390215219009235], "x": [0.16623998138830845, 0.13224827139092993, 0.977176884347008], "z": [0.006123337812228024, 0.9908082980721888, -0.13513482602693508]}, "camera_rotation_from_original_to_final": [0.0370347835123539, -0.12672556936740875, 1.1239421367645264], "point_normal": [0.09299487620592117, -0.7428299784660339, 0.6629899144172668], "skybox_img_path": "./img/high/b2b91e26cb9a4190a097925afea72a8a_skybox3.jpg", "room": "0_2", "camera_distance": 6.1720668714612765, "obliqueness_angle": 0.9007259607315063, "camera_rotation_final": [1.7063484191894531, -0.006123376078903675, -0.16701851785182953], "skybox_img": 3, "resolution": 512}