{"model_rotation_degrees": 0.0, "vanishing_points_image": {"y": [447.6576097223434, 240.11153749220887], "x": [118.91825755554639, 212.348390144374], "z": [256.4632195994894, 103.97313193171495]}, "point_uuid": "85", "field_of_view_rads": 1.3089969389957472, "point_pitch": 0.17225976387527986, "camera_rotation_original": [1.5776946544647217, 0.0030656252056360245, -2.669447660446167], "camera_uuid": "c3d17a6983f9472b926dbc4e505ec89c", "camera_location": [5.294113, 2.145316, 1.475611], "nonfixated_points_in_view": [3, 102, 71, 7, 45, 88, 59], "point_location": [2.9746100902557373, 6.585859775543213, 2.311539888381958], "bounding_box_ranges": {"y": [4.187750983239688, 5.294113], "x": [2.145316, 2.7124780363511594], "z": [1.0772863592074444, 2.4144937966872693]}, "view_id": 1, "vanishing_points_gaussian_sphere": {"y": [0.8865919880582306, 0.0734986916636318, 0.4566755840141759], "x": [-0.46254255405766, 0.14728968826414782, 0.8742769203272308], "z": [0.003005394611534911, 0.9863588039120371, -0.16458213010058056]}, "camera_rotation_from_original_to_final": [-0.14407092332839966, -0.06643152981996536, -3.1280837059020996], "point_normal": [0.09299487620592117, -0.7428299784660339, 0.6629899144172668], "skybox_img_path": "./img/high/c3d17a6983f9472b926dbc4e505ec89c_skybox2.jpg", "room": "0_5", "camera_distance": 5.079104560861434, "obliqueness_angle": 0.9486367106437683, "camera_rotation_final": [1.7361314296722412, -0.0030053991358727217, 0.48086318373680115], "skybox_img": 2, "resolution": 512}