{"model_rotation_degrees": 0.0, "vanishing_points_image": {"y": [435.4374031471076, 254.27493144765046], "x": [201.597128491465, 279.788229104736], "z": [252.29812916602592, 83.60936634789986]}, "point_uuid": "88", "field_of_view_rads": 1.3089969389957472, "point_pitch": -0.05138091643783049, "camera_rotation_original": [1.5504374504089355, 0.01973503828048706, 0.0801728218793869], "camera_uuid": "022988e502364c9781dbdc5aff9aa537", "camera_location": [5.314469, 4.374863, 1.477831], "nonfixated_points_in_view": [45, 102], "point_location": [4.890251636505127, 6.875192165374756, 1.3001559972763062], "bounding_box_ranges": {"y": [4.769962964616919, 6.688222264889436], "x": [4.374863, 6.907077523854611], "z": [-0.006112605040915264, 2.4564701856402147]}, "view_id": 2, "vanishing_points_gaussian_sphere": {"y": [0.9859341857550894, 0.009478536964437068, 0.1668650313770469], "x": [-0.1657562180499368, -0.07247865381311487, 0.9834997310214276], "z": [-0.021416291397692043, 0.9973249230208039, 0.06988805609198678]}, "camera_rotation_from_original_to_final": [-0.04956848546862602, -0.002268286654725671, 0.08746751397848129], "point_normal": [-0.3560677468776703, -0.9324744939804077, 0.06088721379637718], "skybox_img_path": "./img/high/022988e502364c9781dbdc5aff9aa537_skybox4.jpg", "room": "0_7", "camera_distance": 2.5422772758026775, "obliqueness_angle": 0.5317356586456299, "camera_rotation_final": [1.5008351802825928, 0.021417928859591484, 0.16656334698200226], "skybox_img": 4, "resolution": 512}