{"model_rotation_degrees": 0.0, "vanishing_points_image": {"y": [398.0617881757284, 264.5749658358472], "x": [340.9692859618306, 198.37383743195113], "z": [257.1062235422102, 106.53515438233259]}, "point_uuid": "18", "field_of_view_rads": 1.3089969389957472, "point_pitch": 0.19734747807053132, "camera_rotation_original": [1.5785322189331055, -0.004439795855432749, -0.3697104752063751], "camera_uuid": "b20b2b0634e241d794127bb70d0381ec", "camera_location": [4.119016, 3.356542, 1.473925], "nonfixated_points_in_view": [0, 33, 97, 74, 43, 46, 79, 48, 19, 52, 84, 54, 93, 89, 26, 61, 63], "point_location": [2.081400156021118, 3.921308755874634, 1.8853280544281006], "bounding_box_ranges": {"y": [-0.7416986049043803, 4.119016], "x": [1.3295637387746524, 6.864338818096293], "z": [-0.011489180132304266, 2.444268517831004]}, "view_id": 5, "vanishing_points_gaussian_sphere": {"y": [0.9632647592891628, -0.05814344946554323, -0.26218379583002305], "x": [0.26845525940792336, 0.1820663342732819, 0.9459300310385088], "z": [0.007264792345000412, 0.9815656825748023, -0.19098699846755698]}, "camera_rotation_from_original_to_final": [0.17118947207927704, -0.06902563571929932, 1.663867712020874], "point_normal": [-0.015624864026904106, -0.9997193217277527, 0.017810897901654243], "skybox_img_path": "./img/high/b20b2b0634e241d794127bb70d0381ec_skybox3.jpg", "room": "0_2", "camera_distance": 2.154087433443107, "obliqueness_angle": 1.324381709098816, "camera_rotation_final": [1.7629690170288086, -0.007264856249094009, 1.2989999055862427], "skybox_img": 3, "resolution": 512}