{"model_rotation_degrees": 0.0, "vanishing_points_image": {"y": [432.6692875713901, 319.89196977186515], "x": [81.48008356340875, 322.34889649123886], "z": [255.87747731317228, 65.81893191383536]}, "point_uuid": "72", "field_of_view_rads": 1.3089969389957472, "point_pitch": -0.37166182597609954, "camera_rotation_original": [1.5785316228866577, 0.0028458000160753727, 1.9192692041397095], "camera_uuid": "4c0d1c450c3c414c8e903e49190ad5f3", "camera_location": [0.164657, 1.413222, 1.481392], "nonfixated_points_in_view": [35, 39, 8, 9, 73, 11, 12, 13, 14, 75, 16, 48, 18, 51, 83, 53, 89, 94, 31], "point_location": [2.829725742340088, 4.017667293548584, -0.006452821660786867], "bounding_box_ranges": {"y": [0.060864822152483844, 5.923323827114132], "x": [1.3137377112553725, 6.881140729918491], "z": [-0.012475948396850622, 2.4452668446039487]}, "view_id": 0, "vanishing_points_gaussian_sphere": {"y": [0.7153612434488444, -0.25870845788025393, 0.6490980089266519], "x": [-0.6987545587635086, -0.2656521664621926, 0.6642070408096845], "z": [-0.0005983130765803058, 0.928708167442908, 0.37081097845977806]}, "camera_rotation_from_original_to_final": [0.1405448317527771, -0.362453818321228, -2.7415285110473633], "point_normal": [-0.03280169889330864, -0.03782361373305321, 0.9987459778785706], "skybox_img_path": "./img/high/4c0d1c450c3c414c8e903e49190ad5f3_skybox2.jpg", "room": "0_2", "camera_distance": 4.0124068965389785, "obliqueness_angle": 1.1410014629364014, "camera_rotation_final": [1.1909141540527344, 0.0005983131122775376, -0.7971411347389221], "skybox_img": 2, "resolution": 512}