{"model_rotation_degrees": 0.0, "vanishing_points_image": {"y": [381.7260088297326, 266.82166199118217], "x": [382.2672864959174, 210.15054456314007], "z": [257.18658789556815, 104.55052865277707]}, "point_uuid": "6", "field_of_view_rads": 1.3089969389957472, "point_pitch": 0.16721172729996248, "camera_rotation_original": [1.5717558860778809, 0.008724818006157875, 1.7450741529464722], "camera_uuid": "fe33a7c2947347d5a33b56488f8bfdae", "camera_location": [4.698266, 1.058042, 1.474498], "nonfixated_points_in_view": [64, 101, 76, 81, 50, 82, 58], "point_location": [7.5388593673706055, -0.24421626329421997, 2.015354871749878], "bounding_box_ranges": {"y": [4.698266, 7.548047880364244], "x": [-0.8956626417516018, 1.7910132202502365], "z": [0.005633793361941475, 2.455027069649921]}, "view_id": 4, "vanishing_points_gaussian_sphere": {"y": [0.9084413602031387, -0.0781926144831476, -0.41063391252131276], "x": [0.4179410232023804, 0.1517603557527368, 0.8957087113265954], "z": [0.007719857305584796, 0.9853195976240869, -0.17054528530888444]}, "camera_rotation_from_original_to_final": [-0.013534731231629848, 0.17068764567375183, 2.534879684448242], "point_normal": [-0.9994006752967834, -0.03062376379966736, -0.01614181324839592], "skybox_img_path": "./img/high/fe33a7c2947347d5a33b56488f8bfdae_skybox2.jpg", "room": "0_5", "camera_distance": 3.171336217511929, "obliqueness_angle": 0.4835509657859802, "camera_rotation_final": [1.7421845197677612, -0.007719933986663818, 4.281197547912598], "skybox_img": 2, "resolution": 512}