{"model_rotation_degrees": 0.0, "vanishing_points_image": {"y": [443.2359757199107, 273.5727463419274], "x": [154.25619622129696, 323.98780216440883], "z": [258.1130556278035, 72.14338777272805]}, "point_uuid": "68", "field_of_view_rads": 1.3089969389957472, "point_pitch": -0.2362287481639047, "camera_rotation_original": [1.5824408531188965, 0.001023429213091731, 1.5184667110443115], "camera_uuid": "82b91818426544f3b6c43aa394ec0dd3", "camera_location": [0.187142, 2.810302, 1.478821], "nonfixated_points_in_view": [32, 34, 67, 99, 5, 104, 44, 77, 15, 92, 87, 60, 95], "point_location": [1.3165596723556519, -0.44857537746429443, 0.635956346988678], "bounding_box_ranges": {"y": [-0.7354014848152125, 3.384413297921004], "x": [-0.979484750238218, 2.810302], "z": [-0.017297408561536054, 2.4453122858025074]}, "view_id": 0, "vanishing_points_gaussian_sphere": {"y": [0.9439096810296863, -0.08858920050299093, 0.3180982043531162], "x": [-0.33001497885440373, -0.22052441780578735, 0.9178557048268241], "z": [0.011163681747680274, 0.9713500577575828, 0.23739089600104105]}, "camera_rotation_from_original_to_final": [-0.0008976960089057684, -0.25162777304649353, 1.9582995176315308], "point_normal": [0.06437861919403076, 0.9894701242446899, 0.12963153421878815], "skybox_img_path": "./img/high/82b91818426544f3b6c43aa394ec0dd3_skybox3.jpg", "room": "0_2", "camera_distance": 3.550533248247703, "obliqueness_angle": 0.4065628945827484, "camera_rotation_final": [1.3311020135879517, -0.011163913644850254, 3.477933883666992], "skybox_img": 3, "resolution": 512}