{"model_rotation_degrees": 0.0, "vanishing_points_image": {"y": [447.6981249743428, 263.1191258251676], "x": [125.36935290793649, 259.2505272151535], "z": [260.3368743761253, 87.26158101696375]}, "point_uuid": "78", "field_of_view_rads": 1.3089969389957472, "point_pitch": -0.03605870803328948, "camera_rotation_original": [1.5504374504089355, 0.01973503828048706, 0.0801728218793869], "camera_uuid": "022988e502364c9781dbdc5aff9aa537", "camera_location": [5.314469, 4.374863, 1.477831], "nonfixated_points_in_view": [57, 27, 28, 23], "point_location": [5.919722557067871, 3.100865364074707, 1.4439032077789307], "bounding_box_ranges": {"y": [5.314469, 5.789128226364604], "x": [3.9174887135218404, 4.374863], "z": [0.9773235807377665, 1.9192216944021605]}, "view_id": 5, "vanishing_points_gaussian_sphere": {"y": [0.9026855230861242, -0.03352318558289226, 0.42899305639964075], "x": [-0.42953356534902976, -0.010688231093312628, 0.9029876399788908], "z": [0.025685845309844392, 0.9993807871599649, 0.024047444900609186]}, "camera_rotation_from_original_to_final": [-4.918811464449391e-05, -0.04557400196790695, -2.777642250061035], "point_normal": [-0.999958336353302, -0.006988245528191328, -0.005890997592359781], "skybox_img_path": "./img/high/022988e502364c9781dbdc5aff9aa537_skybox2.jpg", "room": "0_7", "camera_distance": 1.4108697597792645, "obliqueness_angle": 1.134568691253662, "camera_rotation_final": [1.546738624572754, -0.025688670575618744, -2.6974594593048096], "skybox_img": 2, "resolution": 512}