{"model_rotation_degrees": 0.0, "vanishing_points_image": {"y": [444.7792077726934, 273.6723278421385], "x": [85.73110180186987, 282.4771600575298], "z": [255.29775141055276, 79.7085018456822]}, "point_uuid": "90", "field_of_view_rads": 1.3089969389957472, "point_pitch": -0.11434809764358, "camera_rotation_original": [1.5784746408462524, 0.0036877563688904047, -0.2543734312057495], "camera_uuid": "cd8bc18ce92741768974d88f6ccbaad1", "camera_location": [3.10099, 5.636439, 1.471228], "nonfixated_points_in_view": [32, 64, 34, 6, 8, 16, 50, 58, 91, 29], "point_location": [7.387649059295654, 0.2979590594768524, 0.6325351595878601], "bounding_box_ranges": {"y": [3.0802961016220385, 5.917365978485132], "x": [-0.9038396200835255, 5.636439], "z": [-0.005501703087723797, 2.4429134522787748]}, "view_id": 3, "vanishing_points_gaussian_sphere": {"y": [0.780033627635138, -0.07302186590410487, 0.6214622650316348], "x": [-0.6257251047510098, -0.09730152673701283, 0.7739512298452559], "z": [-0.003953864274942843, 0.9925725263145909, 0.12159007756706972]}, "camera_rotation_from_original_to_final": [-0.12537065148353577, 0.032807063311338425, -2.2127158641815186], "point_normal": [0.26993680000305176, 0.21104004979133606, 0.9394658803939819], "skybox_img_path": "./img/high/cd8bc18ce92741768974d88f6ccbaad1_skybox1.jpg", "room": "0_2", "camera_distance": 6.897696903518122, "obliqueness_angle": 1.4607653617858887, "camera_rotation_final": [1.4489036798477173, 0.003953874576836824, -2.4655256271362305], "skybox_img": 1, "resolution": 512}