{"model_rotation_degrees": 0.0, "vanishing_points_image": {"y": [384.36467750427255, 247.80087195759882], "x": [376.4350303837018, 296.709057142998], "z": [255.70827701397945, 78.01942903584121]}, "point_uuid": "100", "field_of_view_rads": 1.3089969389957472, "point_pitch": -0.1325806816432138, "camera_rotation_original": [1.5771442651748657, -0.011866987682878971, -1.0165622234344482], "camera_uuid": "22149045c4a4476eb44710bdb469a325", "camera_location": [2.693772, -0.285035, 1.48261], "nonfixated_points_in_view": [0, 33, 65, 97, 44, 46, 79, 80, 19, 52, 54, 26, 93, 95, 63], "point_location": [-0.7310943007469177, 1.1805037260055542, 0.9350513815879822], "bounding_box_ranges": {"y": [-0.7399236730269889, 2.693772], "x": [-0.9423078262580757, 4.718720744954786], "z": [-0.01427747056375539, 2.445309858369405]}, "view_id": 2, "vanishing_points_gaussian_sphere": {"y": [0.9192697106172485, 0.05871716588545953, -0.3892242201765707], "x": [0.3936249095349216, -0.13305181128872837, 0.9095914720941558], "z": [-0.001621645863016336, 0.9893682377877148, 0.14542303917030108]}, "camera_rotation_from_original_to_final": [-0.06918412446975708, 0.1364409327507019, 2.1772758960723877], "point_normal": [0.9999203085899353, -0.007213909178972244, 0.010363196954131126], "skybox_img_path": "./img/high/22149045c4a4476eb44710bdb469a325_skybox3.jpg", "room": "0_2", "camera_distance": 3.7652801735676227, "obliqueness_angle": 0.4181695580482483, "camera_rotation_final": [1.4248555898666382, 0.001621646573767066, 1.1662242412567139], "skybox_img": 3, "resolution": 512}