{"model_rotation_degrees": 0.0, "vanishing_points_image": {"y": [444.8546776717924, 277.0806833906215], "x": [140.99238566474162, 325.3418839441499], "z": [257.59377462357986, 71.33275960716095]}, "point_uuid": "41", "field_of_view_rads": 1.3089969389957472, "point_pitch": -0.2525772293421884, "camera_rotation_original": [1.5784746408462524, 0.0036877563688904047, -0.2543734312057495], "camera_uuid": "cd8bc18ce92741768974d88f6ccbaad1", "camera_location": [3.10099, 5.636439, 1.471228], "nonfixated_points_in_view": [40], "point_location": [1.680829405784607, 5.055434703826904, 1.0724961757659912], "bounding_box_ranges": {"y": [-0.05638089783808864, 3.10099], "x": [4.15930171803322, 6.513166137594156], "z": [-0.004310643996169317, 2.4452999413482477]}, "view_id": 2, "vanishing_points_gaussian_sphere": {"y": [0.9246839165181908, -0.1032167649794538, 0.36647776734715576], "x": [-0.38064404036712696, -0.2295028466048074, 0.8957893490845263], "z": [0.008352787892008872, 0.9678195817545059, 0.2515064375060103]}, "camera_rotation_from_original_to_final": [-0.25677409768104553, 0.05365149304270744, 2.208134412765503], "point_normal": [-0.007431156933307648, 0.9999606013298035, 0.004874333273619413], "skybox_img_path": "./img/high/cd8bc18ce92741768974d88f6ccbaad1_skybox3.jpg", "room": "0_2", "camera_distance": 1.5853734822183652, "obliqueness_angle": 1.2014214992523193, "camera_rotation_final": [1.316550850868225, -0.008352885022759438, 1.9613033533096313], "skybox_img": 3, "resolution": 512}