{"model_rotation_degrees": 0.0, "vanishing_points_image": {"y": [439.5246329715193, 264.05487564520183], "x": [180.08249137781314, 316.17031069174743], "z": [255.31793018017441, 74.80402468824191]}, "point_uuid": "63", "field_of_view_rads": 1.3089969389957472, "point_pitch": -0.20232312282058196, "camera_rotation_original": [1.5759177207946777, 0.006587443873286247, -0.21082322299480438], "camera_uuid": "1eea2dc63a804bb98c4433aaf5355d4d", "camera_location": [0.081101, -0.078128, 1.481538], "nonfixated_points_in_view": [0, 33, 97, 35, 100, 38, 9, 10, 46, 79, 19, 51, 54, 86, 89, 26, 93, 94], "point_location": [-0.73255854845047, 3.2270584106445312, 0.8098087310791016], "bounding_box_ranges": {"y": [-0.7415232851046449, 1.978823409168069], "x": [-0.078128, 6.876313905297326], "z": [-0.011760586162818942, 2.445306948201439]}, "view_id": 0, "vanishing_points_gaussian_sphere": {"y": [0.9711770810716867, -0.04262485362777706, 0.23451694833058254], "x": [-0.2383305243580375, -0.18889478801678186, 0.9526370348770397], "z": [-0.0036930150692146032, 0.9810718021191445, 0.1936090925715859]}, "camera_rotation_from_original_to_final": [-0.19621524214744568, 0.038874316960573196, 0.4486759901046753], "point_normal": [0.9999049305915833, 0.009478474967181683, -0.010022217407822609], "skybox_img_path": "./img/high/1eea2dc63a804bb98c4433aaf5355d4d_skybox4.jpg", "room": "0_2", "camera_distance": 3.4695129844152084, "obliqueness_angle": 1.345367193222046, "camera_rotation_final": [1.3759554624557495, 0.0036930234637111425, 0.24064815044403076], "skybox_img": 4, "resolution": 512}