{"model_rotation_degrees": 0.0, "vanishing_points_image": {"y": [376.1032954913707, 234.34056898888733], "x": [390.3797876087028, 344.19898022358336], "z": [257.59509546109354, 66.63688119215863]}, "point_uuid": "41", "field_of_view_rads": 1.3089969389957472, "point_pitch": -0.35017935832473235, "camera_rotation_original": [1.577962040901184, 0.007169065065681934, 1.18436598777771], "camera_uuid": "57ed0722da4246b593ad7c4c816002a1", "camera_location": [0.693011, 5.590496, 1.490906], "nonfixated_points_in_view": [16, 40, 75], "point_location": [1.680829405784607, 5.055434703826904, 1.0724961757659912], "bounding_box_ranges": {"y": [0.693011, 5.083327924567852], "x": [1.0940905233528948, 6.405225367325732], "z": [-0.012856255122747351, 2.439315452736819]}, "view_id": 0, "vanishing_points_gaussian_sphere": {"y": [0.8806635675930483, 0.15881888759374194, -0.4463275049308199], "x": [0.47367644403983766, -0.31089332751364834, 0.8239999789255252], "z": [0.007893483138588179, 0.9370815865499534, 0.3490211928708099]}, "camera_rotation_from_original_to_final": [-0.12829522788524628, -0.3416007161140442, 3.056570291519165], "point_normal": [-0.007431156933307648, 0.9999606013298035, 0.004874333273619413], "skybox_img_path": "./img/high/57ed0722da4246b593ad7c4c816002a1_skybox2.jpg", "room": "0_2", "camera_distance": 1.198808860934775, "obliqueness_angle": 1.0993958711624146, "camera_rotation_final": [1.2142583131790161, -0.007893565110862255, 4.218911647796631], "skybox_img": 2, "resolution": 512}