{"model_rotation_degrees": 0.0, "vanishing_points_image": {"y": [411.23763951569856, 249.96982699822132], "x": [298.25287309314825, 358.7956794186732], "z": [257.29745141931187, 67.40486644007858]}, "point_uuid": "97", "field_of_view_rads": 1.3089969389957472, "point_pitch": -0.3305646618220468, "camera_rotation_original": [1.5785322189331055, -0.004439795855432749, -0.3697104752063751], "camera_uuid": "b20b2b0634e241d794127bb70d0381ec", "camera_location": [4.119016, 3.356542, 1.473925], "nonfixated_points_in_view": [0, 33, 100, 46, 79, 48, 18, 19, 52, 84, 54, 89, 26, 93, 63], "point_location": [0.025510288774967194, 3.923286199569702, 0.027542835101485252], "bounding_box_ranges": {"y": [-0.7416810821352806, 4.119016], "x": [0.4403825138574602, 6.513912637556937], "z": [-0.01254678167205281, 2.445306488532627]}, "view_id": 2, "vanishing_points_gaussian_sphere": {"y": [0.9908397001313014, 0.038488956850043, -0.12944222203094438], "x": [0.13488709070256838, -0.32816253945645174, 0.9349410786029727], "z": [0.006493181462878099, 0.943836822707235, 0.330348135603036]}, "camera_rotation_from_original_to_final": [-0.3235706090927124, 0.12013550847768784, 1.7836723327636719], "point_normal": [0.5118518471717834, -0.7090684175491333, 0.4850049316883087], "skybox_img_path": "./img/high/b20b2b0634e241d794127bb70d0381ec_skybox3.jpg", "room": "0_2", "camera_distance": 4.378357052286217, "obliqueness_angle": 0.7516617774963379, "camera_rotation_final": [1.234116554260254, -0.00649322709068656, 1.4354939460754395], "skybox_img": 3, "resolution": 512}