{"model_rotation_degrees": 0.0, "vanishing_points_image": {"y": [440.77670839712357, 273.5090726064246], "x": [168.66851765420438, 341.8980094710166], "z": [257.6743093633118, 69.14004611354636]}, "point_uuid": "49", "field_of_view_rads": 1.3089969389957472, "point_pitch": -0.2886640270564218, "camera_rotation_original": [1.5827999114990234, -0.0022284637670964003, 1.2485463619232178], "camera_uuid": "de06f753bd6d4114a5c6e6a781ee950a", "camera_location": [0.724806, 4.289951, 1.483605], "nonfixated_points_in_view": [5, 15, 20, 25, 30, 32, 34, 37, 44, 47, 60, 65, 66, 67, 68, 77, 87, 91, 92, 95, 98, 99, 104], "point_location": [1.6688381433486938, 1.0634551048278809, 0.4534361958503723], "bounding_box_ranges": {"y": [-0.7396229478562762, 3.382894786613437], "x": [-0.9806395731906195, 4.289951], "z": [-0.017222473452119358, 2.445307670152467]}, "view_id": 1, "vanishing_points_gaussian_sphere": {"y": [0.9589863259032839, -0.09087163287226492, 0.2684912904912351], "x": [-0.2833228524602864, -0.27867234598887775, 0.9176436589737991], "z": [0.00856667988705519, 0.9560774392904497, 0.2929889794438167]}, "camera_rotation_from_original_to_final": [-0.0945255383849144, -0.2950770854949951, 2.1926894187927246], "point_normal": [0.004281765781342983, 0.008432299830019474, 0.9999552965164185], "skybox_img_path": "./img/high/de06f753bd6d4114a5c6e6a781ee950a_skybox3.jpg", "room": "0_2", "camera_distance": 3.5160658242098575, "obliqueness_angle": 1.2665605545043945, "camera_rotation_final": [1.2734335660934448, -0.008566784672439098, 3.428860664367676], "skybox_img": 3, "resolution": 512}