{"model_rotation_degrees": 0.0, "vanishing_points_image": {"y": [433.3616517127095, 251.74828436214094], "x": [210.89250751386487, 191.3399696606917], "z": [256.6649669174817, 107.51569927478191]}, "point_uuid": "91", "field_of_view_rads": 1.3089969389957472, "point_pitch": 0.20935626427200837, "camera_rotation_original": [1.5785316228866577, 0.0028458000160753727, 1.9192692041397095], "camera_uuid": "4c0d1c450c3c414c8e903e49190ad5f3", "camera_location": [0.164657, 1.413222, 1.481392], "nonfixated_points_in_view": [39, 8, 11, 12, 75, 14, 15, 16, 17, 53, 22], "point_location": [3.363640546798706, 1.8660714626312256, 2.1443212032318115], "bounding_box_ranges": {"y": [0.164657, 5.92316416732989], "x": [-0.4780731093682491, 6.066055162507623], "z": [-0.015333871560883283, 2.4386586543673983]}, "view_id": 0, "vanishing_points_gaussian_sphere": {"y": [0.9902446408163257, 0.023738156382782497, 0.1373027722447468], "x": [-0.1392706222548929, 0.19963962002861713, 0.9699214998604601], "z": [0.004386925037106454, 0.9795818097772008, -0.20099809163855975]}, "camera_rotation_from_original_to_final": [-0.060365960001945496, 0.1852995753288269, 2.9273858070373535], "point_normal": [-0.9979714751243591, 0.05230462923645973, -0.03629530966281891], "skybox_img_path": "./img/high/4c0d1c450c3c414c8e903e49190ad5f3_skybox2.jpg", "room": "0_2", "camera_distance": 3.2981880520129825, "obliqueness_angle": 0.2533918023109436, "camera_rotation_final": [1.7731750011444092, -0.004386939108371735, 4.852115154266357], "skybox_img": 2, "resolution": 512}