{"model_rotation_degrees": 0.0, "vanishing_points_image": {"y": [422.05764631296233, 257.8646508651358], "x": [258.751650395248, 274.2855275454971], "z": [258.0064225891769, 84.75761349422254]}, "point_uuid": "84", "field_of_view_rads": 1.3089969389957472, "point_pitch": -0.04817299445601897, "camera_rotation_original": [1.5771442651748657, -0.011866987682878971, -1.0165622234344482], "camera_uuid": "22149045c4a4476eb44710bdb469a325", "camera_location": [2.693772, -0.285035, 1.48261], "nonfixated_points_in_view": [97, 38, 10, 74, 13, 48, 17, 18, 80, 83, 53, 85, 86, 56, 89, 91, 93], "point_location": [2.7368404865264893, 4.552290439605713, 1.2171409130096436], "bounding_box_ranges": {"y": [-0.5220402033783555, 4.224957020104692], "x": [-0.285035, 6.885824283289879], "z": [-0.013647648723657868, 2.4450765841426603]}, "view_id": 4, "vanishing_points_gaussian_sphere": {"y": [0.999897450469965, -0.011227785576052546, -0.008889621742356923], "x": [0.008260434612336354, -0.05489302162167974, 0.9984580719275383], "z": [0.011698451336793, 0.9984291126606335, 0.054794645979517914]}, "camera_rotation_from_original_to_final": [-0.03209782764315605, 0.05208073928952217, 1.0067440271377563], "point_normal": [0.301931232213974, -0.1624569296836853, 0.9393856525421143], "skybox_img_path": "./img/high/22149045c4a4476eb44710bdb469a325_skybox3.jpg", "room": "0_2", "camera_distance": 4.8447959661390465, "obliqueness_angle": 1.3582028150558472, "camera_rotation_final": [1.5159704685211182, -0.011698718182742596, -0.008261093869805336], "skybox_img": 3, "resolution": 512}