{"model_rotation_degrees": 0.0, "vanishing_points_image": {"y": [392.4868860411171, 256.61928910639244], "x": [356.6865749332651, 263.91202544252957], "z": [258.0251733951149, 87.36103853744781]}, "point_uuid": "44", "field_of_view_rads": 1.3089969389957472, "point_pitch": -0.02007715304824309, "camera_rotation_original": [1.5827999114990234, -0.0022284637670964003, 1.2485463619232178], "camera_uuid": "de06f753bd6d4114a5c6e6a781ee950a", "camera_location": [0.724806, 4.289951, 1.483605], "nonfixated_points_in_view": [0, 20, 25, 26, 30, 33, 46, 47, 49, 52, 54, 60, 63, 65, 66, 68, 77, 92, 95, 98, 99, 100, 104], "point_location": [-0.7255545258522034, -0.037398211658000946, 1.381843090057373], "bounding_box_ranges": {"y": [-0.7416050051283892, 2.5246996560251866], "x": [-0.970498994291237, 4.289951], "z": [-0.019449576787764267, 2.445306268196222]}, "view_id": 4, "vanishing_points_gaussian_sphere": {"y": [0.9481787372205366, -0.0043022211137317395, -0.3177083146163431], "x": [0.3175105672892656, -0.024950214945038247, 0.9479264351382154], "z": [0.012005079863019684, 0.9996794374536695, 0.0222912626335425]}, "camera_rotation_from_original_to_final": [-0.0015856819227337837, -0.03562834486365318, 1.569703221321106], "point_normal": [0.9999316930770874, 0.0004343015607446432, -0.011684787459671497], "skybox_img_path": "./img/high/de06f753bd6d4114a5c6e6a781ee950a_skybox3.jpg", "room": "0_2", "camera_distance": 4.565068608351062, "obliqueness_angle": 1.2473480701446533, "camera_rotation_final": [1.5485016107559204, -0.012005368247628212, 2.8184654712677], "skybox_img": 3, "resolution": 512}