{"model_rotation_degrees": 0.0, "vanishing_points_image": {"y": [416.0479922651523, 257.4780148369931], "x": [281.6086734994729, 193.79254584608336], "z": [255.10714953941124, 106.4947689428637]}, "point_uuid": "86", "field_of_view_rads": 1.3089969389957472, "point_pitch": 0.1975587169316153, "camera_rotation_original": [1.5785316228866577, 0.0028458000160753727, 1.9192692041397095], "camera_uuid": "4c0d1c450c3c414c8e903e49190ad5f3", "camera_location": [0.164657, 1.413222, 1.481392], "nonfixated_points_in_view": [35, 38, 9, 10, 18, 19, 51, 89, 63, 94, 31], "point_location": [0.5567976832389832, 6.327682971954346, 2.438554525375366], "bounding_box_ranges": {"y": [-0.7416989584586828, 4.790567818395671], "x": [1.413222, 6.875087854644727], "z": [-0.010154995365886155, 2.4452921212611645]}, "view_id": 6, "vanishing_points_gaussian_sphere": {"y": [0.9969043972529507, -0.009206235388210547, -0.07808244340252206], "x": [0.07840442760633964, 0.19045655902035843, 0.9785596787410807], "z": [-0.005862462746444156, 0.9816524559924972, -0.1905887907890833]}, "camera_rotation_from_original_to_final": [-0.0663900151848793, 0.17178843915462494, -2.0042777061462402], "point_normal": [-0.0011294455034658313, 0.0041487752459943295, -0.9999907612800598], "skybox_img_path": "./img/high/4c0d1c450c3c414c8e903e49190ad5f3_skybox1.jpg", "room": "0_2", "camera_distance": 5.022137225935945, "obliqueness_angle": 1.3830804824829102, "camera_rotation_final": [1.762561559677124, 0.005862496327608824, -0.07848633080720901], "skybox_img": 1, "resolution": 512}