{"model_rotation_degrees": 0.0, "vanishing_points_image": {"y": [441.058626785792, 206.00406579558384], "x": [95.12813407252776, 178.64144696265575], "z": [257.259021471729, 124.41948084352799]}, "point_uuid": "74", "field_of_view_rads": 1.3089969389957472, "point_pitch": 0.3709865371373038, "camera_rotation_original": [1.5785322189331055, -0.004439795855432749, -0.3697104752063751], "camera_uuid": "b20b2b0634e241d794127bb70d0381ec", "camera_location": [4.119016, 3.356542, 1.473925], "nonfixated_points_in_view": [43, 18, 84, 85, 61, 94], "point_location": [2.624454975128174, 5.289552211761475, 2.424999952316284], "bounding_box_ranges": {"y": [0.716376847969876, 4.2978863834380014], "x": [3.356542, 6.887816325724483], "z": [0.4424069284363523, 2.4423270627691522]}, "view_id": 1, "vanishing_points_gaussian_sphere": {"y": [0.7931990468457049, 0.2142927787041601, 0.5700121727457365], "x": [-0.6088971755968492, 0.2928007590459238, 0.7372326261447677], "z": [0.008916368837440344, 0.9318510184022878, -0.3627315506946893]}, "camera_rotation_from_original_to_final": [0.3391866087913513, -0.1333017498254776, 1.0040056705474854], "point_normal": [0.009722517803311348, -0.0022673839703202248, -0.9999501705169678], "skybox_img_path": "./img/high/b20b2b0634e241d794127bb70d0381ec_skybox3.jpg", "room": "0_2", "camera_distance": 2.6219810996338255, "obliqueness_angle": 1.1918659210205078, "camera_rotation_final": [1.9420092105865479, -0.008916486985981464, 0.6547001004219055], "skybox_img": 3, "resolution": 512}