{"model_rotation_degrees": 0.0, "vanishing_points_image": {"y": [442.416751178887, 304.14467069827884], "x": [103.66906350638597, 340.0588556337851], "z": [256.1483359487588, 65.59821870126366]}, "point_uuid": "70", "field_of_view_rads": 1.3089969389957472, "point_pitch": -0.3779352148387094, "camera_rotation_original": [1.5785322189331055, -0.004439795855432749, -0.3697104752063751], "camera_uuid": "b20b2b0634e241d794127bb70d0381ec", "camera_location": [4.119016, 3.356542, 1.473925], "nonfixated_points_in_view": [0, 33, 65, 66, 98, 100, 44, 46, 79, 20, 52, 54, 26, 63], "point_location": [1.1233402490615845, 1.3123148679733276, -0.0034054070711135864], "bounding_box_ranges": {"y": [-0.7416989735266242, 4.119016], "x": [-0.7375234691184991, 3.7944819881513223], "z": [-0.012051868454464376, 2.4452785110701614]}, "view_id": 2, "vanishing_points_gaussian_sphere": {"y": [0.8258403994171228, -0.2132845563922452, 0.5220127706245609], "x": [-0.5639034617051785, -0.3111717210565063, 0.7649738857579704], "z": [0.0007215036268209338, 0.9261111477675319, 0.37725007808245903]}, "camera_rotation_from_original_to_final": [-0.369199275970459, 0.14253336191177368, 2.5119218826293945], "point_normal": [0.02043328620493412, -0.03306230530142784, 0.9992443919181824], "skybox_img_path": "./img/high/b20b2b0634e241d794127bb70d0381ec_skybox2.jpg", "room": "0_2", "camera_distance": 3.9160496584205333, "obliqueness_angle": 1.1860358715057373, "camera_rotation_final": [1.1839710474014282, -0.0007215036894194782, 2.1699013710021973], "skybox_img": 2, "resolution": 512}