{"model_rotation_degrees": 0.0, "vanishing_points_image": {"y": [420.019705283881, 257.10294907056846], "x": [266.3499806997461, 308.2011612335356], "z": [258.1464522793197, 77.15134411436256]}, "point_uuid": "83", "field_of_view_rads": 1.3089969389957472, "point_pitch": -0.15252141555282073, "camera_rotation_original": [1.5771442651748657, -0.011866987682878971, -1.0165622234344482], "camera_uuid": "22149045c4a4476eb44710bdb469a325", "camera_location": [2.693772, -0.285035, 1.48261], "nonfixated_points_in_view": [97, 38, 10, 74, 13, 48, 17, 18, 80, 84, 53, 85, 86, 56, 89, 91, 93], "point_location": [2.846083164215088, 4.282127380371094, 0.7503566145896912], "bounding_box_ranges": {"y": [-0.4464874193065458, 4.232734472822742], "x": [-0.285035, 6.885820785723536], "z": [-0.012794099752163612, 2.4452679798544485]}, "view_id": 0, "vanishing_points_gaussian_sphere": {"y": [0.999435696705147, -0.006720696582560226, -0.03291079441372772], "x": [0.03143052969124673, -0.15852301522730816, 0.9868548907750169], "z": [0.01184947065590467, 0.9873324090095938, 0.15822232511402137]}, "camera_rotation_from_original_to_final": [-0.08766266703605652, 0.1402468979358673, 0.9769991040229797], "point_normal": [-0.04785194620490074, -0.9660888314247131, 0.253737211227417], "skybox_img_path": "./img/high/22149045c4a4476eb44710bdb469a325_skybox3.jpg", "room": "0_2", "camera_distance": 4.62799807665222, "obliqueness_angle": 0.09892180562019348, "camera_rotation_final": [1.4118950366973877, -0.011849747970700264, -0.031437914818525314], "skybox_img": 3, "resolution": 512}