{"model_rotation_degrees": 0.0, "vanishing_points_image": {"y": [447.87977435901047, 265.0112912356071], "x": [122.15891299718247, 280.0134179693839], "z": [256.3959993611981, 82.02706751244565]}, "point_uuid": "80", "field_of_view_rads": 1.3089969389957472, "point_pitch": -0.08293978770705657, "camera_rotation_original": [1.5743488073349, -0.006772358436137438, -1.2924582958221436], "camera_uuid": "b2b91e26cb9a4190a097925afea72a8a", "camera_location": [1.962995, 0.554659, 1.477478], "nonfixated_points_in_view": [0, 33, 97, 38, 10, 74, 18, 19, 84, 85, 54, 86, 89, 26, 93, 63], "point_location": [-0.005057885777205229, 4.5240864753723145, 1.0765630006790161], "bounding_box_ranges": {"y": [-0.7416988534910323, 3.2142819787851336], "x": [0.554659, 6.877872244458023], "z": [-0.013829952303275217, 2.4452874416378636]}, "view_id": 0, "vanishing_points_gaussian_sphere": {"y": [0.8958328765604426, -0.04207119263134951, 0.4423951537076538], "x": [-0.44438532630696914, -0.07973045362255353, 0.8922806377638094], "z": [0.0022669443070540787, 0.9959282451641372, 0.0901209822837667]}, "camera_rotation_from_original_to_final": [-0.021521534770727158, 0.091410793364048, 1.7515389919281006], "point_normal": [0.9999657273292542, 0.006691290531307459, 0.00488837668672204], "skybox_img_path": "./img/high/b2b91e26cb9a4190a097925afea72a8a_skybox3.jpg", "room": "0_2", "camera_distance": 4.448631334922148, "obliqueness_angle": 1.1187024116516113, "camera_rotation_final": [1.4805526733398438, -0.0022669462487101555, 0.46048927307128906], "skybox_img": 3, "resolution": 512}