{"model_rotation_degrees": 0.0, "vanishing_points_image": {"y": [393.08618215576894, 248.748792116186], "x": [355.07803447205504, 292.9383159817107], "z": [254.0476887969135, 79.33195559286095]}, "point_uuid": "35", "field_of_view_rads": 1.3089969389957472, "point_pitch": -0.12325338920089202, "camera_rotation_original": [1.5824408531188965, 0.001023429213091731, 1.5184667110443115], "camera_uuid": "82b91818426544f3b6c43aa394ec0dd3", "camera_location": [0.187142, 2.810302, 1.478821], "nonfixated_points_in_view": [38, 9, 10, 80, 51, 86, 94], "point_location": [1.384885311126709, 6.4466094970703125, 0.9887735843658447], "bounding_box_ranges": {"y": [-0.2828758588246, 2.3368821808371267], "x": [2.810302, 6.878037238855354], "z": [-0.009137236011883099, 2.4452988639946476]}, "view_id": 1, "vanishing_points_gaussian_sphere": {"y": [0.9493055686115758, 0.05021375542753861, -0.3103184109409498], "x": [0.3141636547121753, -0.1171266306357791, 0.9421159962837904], "z": [-0.010960632324003588, 0.9918467276559283, 0.12696429961719513]}, "camera_rotation_from_original_to_final": [-0.01734442636370659, -0.1382349580526352, -1.8360273838043213], "point_normal": [-0.9622288942337036, -0.05457223951816559, 0.2667161822319031], "skybox_img_path": "./img/high/82b91818426544f3b6c43aa394ec0dd3_skybox1.jpg", "room": "0_2", "camera_distance": 3.859723834052925, "obliqueness_angle": 1.1768081188201904, "camera_rotation_final": [1.4434807300567627, 0.010960851795971394, -0.31959545612335205], "skybox_img": 1, "resolution": 512}