{"model_rotation_degrees": 0.0, "vanishing_points_image": {"y": [425.43376025497304, 257.7998557446633], "x": [245.14264627242616, 274.9103107518378], "z": [257.50643299530526, 84.57014262071885]}, "point_uuid": "76", "field_of_view_rads": 1.3089969389957472, "point_pitch": -0.0574320991847177, "camera_rotation_original": [1.5717558860778809, 0.008724818006157875, 1.7450741529464722], "camera_uuid": "fe33a7c2947347d5a33b56488f8bfdae", "camera_location": [4.698266, 1.058042, 1.474498], "nonfixated_points_in_view": [64, 101, 6, 81, 50, 58], "point_location": [7.533676624298096, 1.149141788482666, 1.3121997117996216], "bounding_box_ranges": {"y": [4.698266, 7.5461739093420475], "x": [-0.8961757277846742, 2.58339587908549], "z": [-0.003029503145181245, 2.453627943207538]}, "view_id": 4, "vanishing_points_gaussian_sphere": {"y": [0.9994295394969076, -0.010616709416958806, 0.03206058424538406], "x": [-0.03261340196464278, -0.05680293571533162, 0.9978525905695753], "z": [0.008772775689150228, 0.9983289597999628, 0.05711677889580341]}, "camera_rotation_from_original_to_final": [0.02733076550066471, -0.054190170019865036, 2.9991931915283203], "point_normal": [-0.9999690055847168, -0.007791904266923666, -0.0011926405131816864], "skybox_img_path": "./img/high/fe33a7c2947347d5a33b56488f8bfdae_skybox2.jpg", "room": "0_5", "camera_distance": 2.8415125462108692, "obliqueness_angle": 0.06320381164550781, "camera_rotation_final": [1.5136462450027466, -0.008772888220846653, 4.745009422302246], "skybox_img": 2, "resolution": 512}