{"model_rotation_degrees": 0.0, "vanishing_points_image": {"y": [410.9046915753137, 263.3040324940275], "x": [299.25493279549926, 141.70849091169097], "z": [255.12674321073496, 125.61233069535496]}, "point_uuid": "79", "field_of_view_rads": 1.3089969389957472, "point_pitch": 0.3772135535862784, "camera_rotation_original": [1.5759177207946777, 0.006587443873286247, -0.21082322299480438], "camera_uuid": "1eea2dc63a804bb98c4433aaf5355d4d", "camera_location": [0.081101, -0.078128, 1.481538], "nonfixated_points_in_view": [0, 9, 10, 13, 16, 17, 18, 19, 26, 31, 35, 38, 46, 48, 51, 53, 54, 56, 63, 75, 83, 84, 86, 89, 94], "point_location": [0.4133884310722351, 2.225884199142456, 2.4188120365142822], "bounding_box_ranges": {"y": [-0.7416965471343776, 4.673872372217481], "x": [-0.078128, 6.8928238747572355], "z": [-0.008013832329321735, 2.443812088822841]}, "view_id": 3, "vanishing_points_gaussian_sphere": {"y": [0.9900944584284094, -0.04668471963614936, -0.13241412440464512], "x": [0.14026534635569377, 0.3706198824438965, 0.9181320903600907], "z": [-0.0062125679933484656, 0.9276106077928209, -0.3734969401603733]}, "camera_rotation_from_original_to_final": [0.37006035447120667, -0.077153779566288, 0.05319701135158539], "point_normal": [-0.0014863654505461454, 0.008470503613352776, -0.9999630451202393], "skybox_img_path": "./img/high/1eea2dc63a804bb98c4433aaf5355d4d_skybox4.jpg", "room": "0_2", "camera_distance": 2.5094561345201205, "obliqueness_angle": 1.1961936950683594, "camera_rotation_final": [1.9535800218582153, 0.006212607957422733, -0.14073213934898376], "skybox_img": 4, "resolution": 512}