{"model_rotation_degrees": 0.0, "vanishing_points_image": {"y": [345.7368299830201, 253.62938387492542], "x": [436.3987558952865, 259.34291281593835], "z": [255.15609368289552, 87.33816637520705]}, "point_uuid": "44", "field_of_view_rads": 1.3089969389957472, "point_pitch": -0.02033667167159514, "camera_rotation_original": [1.5762215852737427, -0.0002412118628853932, -1.888368844985962], "camera_uuid": "029e8bd017804e6aba4c5206f049bf52", "camera_location": [2.031441, 2.853197, 1.471538], "nonfixated_points_in_view": [33, 65, 98, 68, 99, 100, 104, 77, 46, 92, 20, 52, 25, 26, 60, 30, 95], "point_location": [-0.7255545258522034, -0.037398211658000946, 1.381843090057373], "bounding_box_ranges": {"y": [-0.7416989762808068, 2.031441], "x": [-0.958854277694074, 2.853197], "z": [-0.016841643660153283, 2.4453002279297076]}, "view_id": 1, "vanishing_points_gaussian_sphere": {"y": [0.7235449825195372, 0.019114196513317545, -0.6900125402936189], "x": [0.6902591079413127, -0.012790975230419896, 0.7234492068256887], "z": [-0.005002216995095135, 0.9997354842378584, 0.022448594183799516]}, "camera_rotation_from_original_to_final": [0.013689166866242886, 0.024843616411089897, -2.0148463249206543], "point_normal": [0.9999316930770874, 0.0004343015607446432, -0.011684787459671497], "skybox_img_path": "./img/high/029e8bd017804e6aba4c5206f049bf52_skybox1.jpg", "room": "0_2", "camera_distance": 3.9955736906290644, "obliqueness_angle": 0.8092836737632751, "camera_rotation_final": [1.5483455657958984, 0.005002237856388092, -3.903451681137085], "skybox_img": 1, "resolution": 512}