{"model_rotation_degrees": 0.0, "vanishing_points_image": {"y": [385.5132709914995, 249.3465875243836], "x": [373.67124315622334, 295.5405842908711], "z": [256.9720272644362, 78.61292620712715]}, "point_uuid": "84", "field_of_view_rads": 1.3089969389957472, "point_pitch": -0.13757912715407805, "camera_rotation_original": [1.5762215852737427, -0.0002412118628853932, -1.888368844985962], "camera_uuid": "029e8bd017804e6aba4c5206f049bf52", "camera_location": [2.031441, 2.853197, 1.471538], "nonfixated_points_in_view": [74, 75, 16, 48, 18, 85, 56, 31], "point_location": [2.7368404865264893, 4.552290439605713, 1.2171409130096436], "bounding_box_ranges": {"y": [1.6780860863722116, 4.669447968132801], "x": [2.853197, 6.891626433524712], "z": [-0.012163506931941459, 2.4447791548935296]}, "view_id": 5, "vanishing_points_gaussian_sphere": {"y": [0.9238433695257378, 0.04746008616152901, -0.37981702016217167], "x": [0.382732237727719, -0.1286079410805155, 0.9148639416301002], "z": [0.0054279634545529205, 0.9905592045468918, 0.1369780986149433]}, "camera_rotation_from_original_to_final": [0.03990666940808296, 0.13728328049182892, 1.497949242591858], "point_normal": [0.301931232213974, -0.1624569296836853, 0.9393856525421143], "skybox_img_path": "./img/high/029e8bd017804e6aba4c5206f049bf52_skybox3.jpg", "room": "0_2", "camera_distance": 1.8572087672070345, "obliqueness_angle": 1.407448172569275, "camera_rotation_final": [1.4333841800689697, -0.005427990108728409, -0.39275801181793213], "skybox_img": 3, "resolution": 512}