{"model_rotation_degrees": 0.0, "vanishing_points_image": {"y": [440.8933726036801, 272.49500443157797], "x": [170.21106769925098, 354.46311255512296], "z": [254.044756583252, 67.2251306399443]}, "point_uuid": "77", "field_of_view_rads": 1.3089969389957472, "point_pitch": -0.33203594287368254, "camera_rotation_original": [1.5771442651748657, -0.011866987682878971, -1.0165622234344482], "camera_uuid": "22149045c4a4476eb44710bdb469a325", "camera_location": [2.693772, -0.285035, 1.48261], "nonfixated_points_in_view": [104, 44, 95], "point_location": [0.4619338810443878, -0.9496098160743713, 0.6554995775222778], "bounding_box_ranges": {"y": [-0.7378165521657118, 2.693772], "x": [-0.9649688200267283, 1.2334096621187325], "z": [-0.0067685228158216315, 2.4453115221699786]}, "view_id": 8, "vanishing_points_gaussian_sphere": {"y": [0.9593503806908744, -0.08558710654736056, 0.26892693108189286], "x": [-0.2820489254228015, -0.3237179242725498, 0.9031362627934473], "z": [-0.009759648360329656, 0.942274669455527, 0.3346986653190603]}, "camera_rotation_from_original_to_final": [-0.17016617953777313, 0.30540916323661804, 2.8466806411743164], "point_normal": [-0.0525255911052227, 0.9985538125038147, -0.011466664262115955], "skybox_img_path": "./img/high/22149045c4a4476eb44710bdb469a325_skybox2.jpg", "room": "0_2", "camera_distance": 2.47120887495408, "obliqueness_angle": 1.3517873287200928, "camera_rotation_final": [1.2294939756393433, 0.009759803302586079, 1.8567394018173218], "skybox_img": 2, "resolution": 512}