{"model_rotation_degrees": 0.0, "vanishing_points_image": {"y": [404.16638439129986, 264.3367235113019], "x": [322.654845375816, 187.05655584315187], "z": [257.3249367737293, 109.6993693194194]}, "point_uuid": "38", "field_of_view_rads": 1.3089969389957472, "point_pitch": 0.22291000286606355, "camera_rotation_original": [1.579675316810608, 0.0016688042087480426, -0.18222443759441376], "camera_uuid": "421bc59cb37942a2a1b69459e69c6733", "camera_location": [4.087351, 5.595419, 1.470996], "nonfixated_points_in_view": [40, 41, 10, 43, 86], "point_location": [0.0386459082365036, 6.452366352081299, 2.4173946380615234], "bounding_box_ranges": {"y": [-0.05653834089575227, 4.087351], "x": [4.606940463633545, 6.875999783016827], "z": [0.0007383782876213552, 2.4439570740036443]}, "view_id": 0, "vanishing_points_gaussian_sphere": {"y": [0.9778675615150806, -0.055020654816632444, -0.20186074328630377], "x": [0.20903851016636865, 0.2162158620431625, 0.9537051967292395], "z": [0.008827989803746323, 0.9747940441675264, -0.22293191348827526]}, "camera_rotation_from_original_to_final": [0.2106315791606903, -0.04913371801376343, 1.5380020141601562], "point_normal": [0.9641845226287842, -0.15859608352184296, -0.21259252727031708], "skybox_img_path": "./img/high/421bc59cb37942a2a1b69459e69c6733_skybox3.jpg", "room": "0_2", "camera_distance": 4.245237662477438, "obliqueness_angle": 0.04570459946990013, "camera_rotation_final": [1.7956262826919556, -0.008828104473650455, 1.3601963520050049], "skybox_img": 3, "resolution": 512}