{"model_rotation_degrees": 0.0, "vanishing_points_image": {"y": [402.02118863401796, 245.93551579738377], "x": [327.9921281467678, 350.05464183428086], "z": [257.0801587529473, 68.29040605436528]}, "point_uuid": "82", "field_of_view_rads": 1.3089969389957472, "point_pitch": -0.32727949222060637, "camera_rotation_original": [1.5834180116653442, 0.001621261122636497, -2.377124547958374], "camera_uuid": "c2e7d52588e94b929f2f91a2249562c5", "camera_location": [4.816021, -0.326724, 1.48248], "nonfixated_points_in_view": [50, 58, 6], "point_location": [7.157175540924072, -0.8899115324020386, 0.6957626938819885], "bounding_box_ranges": {"y": [4.816021, 7.549569170757801], "x": [-0.8940408164344985, 1.1061944910145671], "z": [0.007897049415194868, 2.4487178218024184]}, "view_id": 0, "vanishing_points_gaussian_sphere": {"y": [0.9726654895095163, 0.06704079418319377, -0.2223226876243173], "x": [0.2321463481649098, -0.3032892927581437, 0.9241881182594599], "z": [0.005469785270883301, 0.9505372884919095, 0.3105623039512985]}, "camera_rotation_from_original_to_final": [0.23631788790225983, 0.2303299754858017, 0.5988658666610718], "point_normal": [0.021471038460731506, 0.9981982707977295, -0.0560295470058918], "skybox_img_path": "./img/high/c2e7d52588e94b929f2f91a2249562c5_skybox4.jpg", "room": "0_5", "camera_distance": 2.533201360297489, "obliqueness_angle": 1.38505220413208, "camera_rotation_final": [1.2550069093704224, -0.005469812545925379, -1.8050836324691772], "skybox_img": 4, "resolution": 512}