{"model_rotation_degrees": 0.0, "vanishing_points_image": {"y": [351.6440970620237, 245.17480706880372], "x": [430.41038783004166, 279.176725813747], "z": [254.44170253590437, 79.71207547171765]}, "point_uuid": "64", "field_of_view_rads": 1.3089969389957472, "point_pitch": -0.12352912028762297, "camera_rotation_original": [1.5785322189331055, -0.004439795855432749, -0.3697104752063751], "camera_uuid": "b20b2b0634e241d794127bb70d0381ec", "camera_location": [4.119016, 3.356542, 1.473925], "nonfixated_points_in_view": [81, 28, 101, 78, 76], "point_location": [7.368668079376221, 0.5712490081787109, 0.9495174288749695], "bounding_box_ranges": {"y": [4.119016, 5.92333947043369], "x": [1.8101093139755373, 3.359550882650151], "z": [-0.005049379069290927, 2.4415823376035144]}, "view_id": 3, "vanishing_points_gaussian_sphere": {"y": [0.7585415353778525, 0.08585326976808785, -0.6459442353460073], "x": [0.6515656252565328, -0.08658405060683061, 0.7536348175108268], "z": [-0.008773544931991482, 0.9925383711729445, 0.1216166380833009]}, "camera_rotation_from_original_to_final": [-0.11625795066356659, 0.05903857946395874, -1.9139206409454346], "point_normal": [-0.1480383723974228, 0.9002692699432373, 0.4093896448612213], "skybox_img_path": "./img/high/b20b2b0634e241d794127bb70d0381ec_skybox1.jpg", "room": "0_2", "camera_distance": 4.311971587135917, "obliqueness_angle": 0.7334351539611816, "camera_rotation_final": [1.4488731622695923, 0.008773657493293285, -2.2804758548736572], "skybox_img": 1, "resolution": 512}