{"model_rotation_degrees": 0.0, "vanishing_points_image": {"y": [444.06441490349073, 219.84088299174212], "x": [93.11469716720337, 202.30469530505638], "z": [255.00253149245046, 112.42137824280381]}, "point_uuid": "4", "field_of_view_rads": 1.3089969389957472, "point_pitch": 0.2675534049656729, "camera_rotation_original": [1.5872206687927246, -0.0005325089441612363, -1.320854663848877], "camera_uuid": "79c2e897db51429e80749b3cde7e79d4", "camera_location": [6.713179, 1.533762, 1.484844], "nonfixated_points_in_view": [1, 2, 36, 42, 57, 27], "point_location": [3.742464303970337, -0.6665377616882324, 2.438861846923828], "bounding_box_ranges": {"y": [3.4782514489117062, 6.713179], "x": [-0.915291361330097, 1.6867619928171051], "z": [-0.010374336459620936, 2.4542117730274664]}, "view_id": 2, "vanishing_points_gaussian_sphere": {"y": [0.8025345004200456, 0.15430318871724835, 0.5763062567656515], "x": [-0.5965677898156422, 0.19665917481960948, 0.7780951362871703], "z": [-0.0067266477555813185, 0.9682539413351022, -0.2498780848714285]}, "camera_rotation_from_original_to_final": [0.06663918495178223, -0.22682085633277893, -2.760627508163452], "point_normal": [0.006900846026837826, -0.03225775435566902, -0.9994557499885559], "skybox_img_path": "./img/high/79c2e897db51429e80749b3cde7e79d4_skybox2.jpg", "room": "0_5", "camera_distance": 3.8179334554178563, "obliqueness_angle": 1.332012414932251, "camera_rotation_final": [1.8233565092086792, 0.006726698484271765, -4.073154449462891], "skybox_img": 2, "resolution": 512}