{"model_rotation_degrees": 0.0, "vanishing_points_image": {"y": [446.0595532666956, 286.7660969511603], "x": [103.79904894207908, 312.89502810559406], "z": [257.17042817854906, 71.7932028272578]}, "point_uuid": "93", "field_of_view_rads": 1.3089969389957472, "point_pitch": -0.23382811149093108, "camera_rotation_original": [1.5771442651748657, -0.011866987682878971, -1.0165622234344482], "camera_uuid": "22149045c4a4476eb44710bdb469a325", "camera_location": [2.693772, -0.285035, 1.48261], "nonfixated_points_in_view": [0, 10, 13, 17, 18, 19, 26, 33, 38, 46, 48, 52, 54, 63, 74, 79, 80, 83, 84, 85, 86, 89, 97, 100], "point_location": [0.015087843872606754, 3.9101712703704834, 0.23396697640419006], "bounding_box_ranges": {"y": [-0.7416985301656318, 3.2726204438511206], "x": [-0.285035, 6.880070441331431], "z": [-0.01305200683957386, 2.4452965506775373]}, "view_id": 3, "vanishing_points_gaussian_sphere": {"y": [0.8419918233252125, -0.1362983424051174, 0.5219890145502123], "x": [-0.539455085593429, -0.2016565076841318, 0.817510161120965], "z": [0.006162798136450692, 0.9699264996721437, 0.24331996455875182]}, "camera_rotation_from_original_to_final": [-0.1301647275686264, 0.21662181615829468, 1.5699056386947632], "point_normal": [0.7220650911331177, -0.6892310976982117, 0.059853971004486084], "skybox_img_path": "./img/high/22149045c4a4476eb44710bdb469a325_skybox3.jpg", "room": "0_2", "camera_distance": 5.131687151261012, "obliqueness_angle": 0.30138227343559265, "camera_rotation_final": [1.3250043392181396, -0.0061628371477127075, 0.5698019862174988], "skybox_img": 3, "resolution": 512}