{"model_rotation_degrees": 0.0, "vanishing_points_image": {"y": [362.62850775482303, 245.11156612287888], "x": [416.64446003213453, 288.9612583898931], "z": [255.72661187619755, 78.10424469553112]}, "point_uuid": "0", "field_of_view_rads": 1.3089969389957472, "point_pitch": -0.13721363147231536, "camera_rotation_original": [1.5743488073349, -0.006772358436137438, -1.2924582958221436], "camera_uuid": "b2b91e26cb9a4190a097925afea72a8a", "camera_location": [1.962995, 0.554659, 1.477478], "nonfixated_points_in_view": [33, 97, 100, 46, 80, 19, 52, 54, 26, 93, 63], "point_location": [-0.735573410987854, 2.436551332473755, 0.9980431199073792], "bounding_box_ranges": {"y": [-0.7413296743970161, 1.962995], "x": [0.31490294318002165, 6.510477494002546], "z": [-0.011389436773494799, 2.4452998279285967]}, "view_id": 5, "vanishing_points_gaussian_sphere": {"y": [0.8201175744141659, 0.08374679687918343, -0.5660332482721329], "x": [0.5721930194745865, -0.11740337612652356, 0.8116720986572408], "z": [-0.0015207240317373616, 0.9895468262222717, 0.14420390463454336]}, "camera_rotation_from_original_to_final": [-0.03303607553243637, 0.14479675889015198, 2.2512903213500977], "point_normal": [0.9999862313270569, -0.0052603865042328835, 7.381608156720176e-05], "skybox_img_path": "./img/high/b2b91e26cb9a4190a097925afea72a8a_skybox3.jpg", "room": "0_2", "camera_distance": 3.324702607565223, "obliqueness_angle": 0.6186725497245789, "camera_rotation_final": [1.426087737083435, 0.0015207246178761125, 0.9616181254386902], "skybox_img": 3, "resolution": 512}