{"model_rotation_degrees": 0.0, "vanishing_points_image": {"y": [445.4860420876036, 284.8767468329622], "x": [95.09896582024638, 308.2914155201295], "z": [253.99883306081932, 72.79663640198771]}, "point_uuid": "90", "field_of_view_rads": 1.3089969389957472, "point_pitch": -0.223151489100184, "camera_rotation_original": [1.5825356245040894, -0.0012060842709615827, -0.39747294783592224], "camera_uuid": "f9db34b350e54e138bcc5d0815a85293", "camera_location": [5.237017, 3.272563, 1.485191], "nonfixated_points_in_view": [57, 58, 27, 6, 23], "point_location": [7.387649059295654, 0.2979590594768524, 0.6325351595878601], "bounding_box_ranges": {"y": [4.972222867767181, 5.923338580149947], "x": [-0.8997935477816643, 3.272563], "z": [-0.00918251293914052, 2.445310859023381]}, "view_id": 1, "vanishing_points_gaussian_sphere": {"y": [0.8117805278354129, -0.12371138542961435, 0.5707082159408116], "x": [-0.5838657212546404, -0.18975120448248986, 0.7893638577622129], "z": [-0.010639274930993477, 0.9740071732346378, 0.22626717021347353]}, "camera_rotation_from_original_to_final": [-0.21743863821029663, 0.10307799279689789, -2.1307201385498047], "point_normal": [0.26993680000305176, 0.21104004979133606, 0.9394658803939819], "skybox_img_path": "./img/high/f9db34b350e54e138bcc5d0815a85293_skybox1.jpg", "room": "0_2", "camera_distance": 3.768356124261241, "obliqueness_angle": 1.3437479734420776, "camera_rotation_final": [1.3425394296646118, 0.010639475658535957, -2.5180697441101074], "skybox_img": 1, "resolution": 512}