{"model_rotation_degrees": 0.0, "vanishing_points_image": {"y": [362.59862316484373, 241.9562828530041], "x": [416.3761999291885, 295.7885739500713], "z": [254.74562487172412, 75.7878468017979]}, "point_uuid": "96", "field_of_view_rads": 1.3089969389957472, "point_pitch": -0.17394857009383635, "camera_rotation_original": [1.5717558860778809, 0.008724818006157875, 1.7450741529464722], "camera_uuid": "fe33a7c2947347d5a33b56488f8bfdae", "camera_location": [4.698266, 1.058042, 1.474498], "nonfixated_points_in_view": [1, 62, 103], "point_location": [3.5076286792755127, 1.8897404670715332, 1.2110623121261597], "bounding_box_ranges": {"y": [3.486577669331755, 4.698266], "x": [0.9021268236975006, 2.577014359770871], "z": [-0.010318245590702713, 2.407677122092761]}, "view_id": 0, "vanishing_points_gaussian_sphere": {"y": [0.8190656428498134, 0.1079068928987702, -0.563460358115773], "x": [0.5736589308945548, -0.14232205778722062, 0.8066349006038157], "z": [-0.0068486281793050385, 0.983921000046317, 0.17847286056965989]}, "camera_rotation_from_original_to_final": [0.033347636461257935, -0.17732620239257812, -0.786816418170929], "point_normal": [0.999417245388031, 0.018546832725405693, 0.02865726500749588], "skybox_img_path": "./img/high/fe33a7c2947347d5a33b56488f8bfdae_skybox4.jpg", "room": "0_5", "camera_distance": 1.476054868782657, "obliqueness_angle": 0.6421182751655579, "camera_rotation_final": [1.3913578987121582, 0.006848681718111038, 0.9598139524459839], "skybox_img": 4, "resolution": 512}