{"model_rotation_degrees": 0.0, "vanishing_points_image": {"y": [448.19019332845494, 268.7641752739075], "x": [107.58177877454847, 281.6804909070761], "z": [256.7860257419069, 80.92869369517203]}, "point_uuid": "96", "field_of_view_rads": 1.3089969389957472, "point_pitch": -0.09314922889205413, "camera_rotation_original": [1.5834180116653442, 0.001621261122636497, -2.377124547958374], "camera_uuid": "c2e7d52588e94b929f2f91a2249562c5", "camera_location": [4.816021, -0.326724, 1.48248], "nonfixated_points_in_view": [1, 3, 103, 21, 55, 62], "point_location": [3.5076286792755127, 1.8897404670715332, 1.2110623121261597], "bounding_box_ranges": {"y": [3.490363537956931, 5.28048568173354], "x": [-0.326724, 2.744116999016437], "z": [-0.010473804155533006, 2.4401648370461557]}, "view_id": 3, "vanishing_points_gaussian_sphere": {"y": [0.860905896606897, -0.05717645405481756, 0.5055411855518721], "x": [-0.5087446328590783, -0.08802700780462452, 0.8564053622170089], "z": [0.0044649439589664434, 0.9944757910571187, 0.10487118420596467]}, "camera_rotation_from_original_to_final": [0.08092451095581055, 0.08575848489999771, 2.9141628742218018], "point_normal": [0.999417245388031, 0.018546832725405693, 0.02865726500749588], "skybox_img_path": "./img/high/c2e7d52588e94b929f2f91a2249562c5_skybox2.jpg", "room": "0_5", "camera_distance": 2.5881021780239006, "obliqueness_angle": 1.0559875965118408, "camera_rotation_final": [1.465730905532837, -0.004464958794414997, 0.5337318778038025], "skybox_img": 2, "resolution": 512}