{"model_rotation_degrees": 0.0, "vanishing_points_image": {"y": [350.52677466653427, 263.3306313035453], "x": [431.84288736107544, 241.48550822990384], "z": [257.30737302172776, 96.06271108814654]}, "point_uuid": "5", "field_of_view_rads": 1.3089969389957472, "point_pitch": 0.08065922657517, "camera_rotation_original": [1.5785316228866577, 0.0028458000160753727, 1.9192692041397095], "camera_uuid": "4c0d1c450c3c414c8e903e49190ad5f3", "camera_location": [0.164657, 1.413222, 1.481392], "nonfixated_points_in_view": [32, 34, 99, 68, 15, 87], "point_location": [2.8425519466400146, -0.9270831942558289, 1.7644292116165161], "bounding_box_ranges": {"y": [0.164657, 3.3857018766997884], "x": [-0.9782174704410702, 1.413222], "z": [-0.0157655574347626, 2.445307998414875]}, "view_id": 5, "vanishing_points_gaussian_sphere": {"y": [0.7525224453610533, -0.05835875194139295, -0.6559757810313301], "x": [0.6585161921126719, 0.05435549878834737, 0.7506010288274969], "z": [0.008148248477264562, 0.9968147951466777, -0.07933391597192102]}, "camera_rotation_from_original_to_final": [-0.01416593138128519, 0.07112767547369003, 2.0739314556121826], "point_normal": [-0.7061556577682495, 0.5578699111938477, 0.43603378534317017], "skybox_img_path": "./img/high/4c0d1c450c3c414c8e903e49190ad5f3_skybox3.jpg", "room": "0_2", "camera_distance": 3.567668709105634, "obliqueness_angle": 0.5327807664871216, "camera_rotation_final": [1.6502163410186768, -0.00814833864569664, 3.9935145378112793], "skybox_img": 3, "resolution": 512}