{"model_rotation_degrees": 0.0, "vanishing_points_image": {"y": [381.68526704949926, 249.30158029162206], "x": [382.4847088116717, 290.90055217687853], "z": [256.67429766620694, 79.49096755436389]}, "point_uuid": "68", "field_of_view_rads": 1.3089969389957472, "point_pitch": -0.11673752864333586, "camera_rotation_original": [1.579675316810608, 0.0016688042087480426, -0.18222443759441376], "camera_uuid": "421bc59cb37942a2a1b69459e69c6733", "camera_location": [4.087351, 5.595419, 1.470996], "nonfixated_points_in_view": [65, 66, 67, 98, 37, 70, 99, 104, 44, 77, 92, 48, 17, 49, 20, 84, 60, 29, 95], "point_location": [1.3165596723556519, -0.44857537746429443, 0.635956346988678], "bounding_box_ranges": {"y": [-0.7403516430728594, 4.814638236402303], "x": [-0.9697373388474917, 5.595419], "z": [-0.015864134317291834, 2.4453036037185454]}, "view_id": 3, "vanishing_points_gaussian_sphere": {"y": [0.9092208401476332, 0.04845709396085602, -0.41348443004072244], "x": [0.4162968854467459, -0.11486757022336185, 0.9019436481722791], "z": [0.00379038369708805, 0.9921982419636964, 0.12461252599790701]}, "camera_rotation_from_original_to_final": [-0.13260655105113983, 0.01882455125451088, 2.893052816390991], "point_normal": [0.06437861919403076, 0.9894701242446899, 0.12963153421878815], "skybox_img_path": "./img/high/421bc59cb37942a2a1b69459e69c6733_skybox2.jpg", "room": "0_2", "camera_distance": 6.70107779552181, "obliqueness_angle": 0.36191776394844055, "camera_rotation_final": [1.445858120918274, -0.0037903927732259035, 2.7122206687927246], "skybox_img": 2, "resolution": 512}