{"model_rotation_degrees": 0.0, "vanishing_points_image": {"y": [427.5239247214721, 255.15661613987984], "x": [237.59275889929177, 168.17066394881027], "z": [257.6488759019575, 114.86749978540578]}, "point_uuid": "17", "field_of_view_rads": 1.3089969389957472, "point_pitch": 0.2845357219364981, "camera_rotation_original": [1.5771442651748657, -0.011866987682878971, -1.0165622234344482], "camera_uuid": "22149045c4a4476eb44710bdb469a325", "camera_location": [2.693772, -0.285035, 1.48261], "nonfixated_points_in_view": [97, 38, 10, 74, 13, 79, 48, 80, 18, 83, 84, 53, 85, 86, 56, 89, 91, 93], "point_location": [2.4947097301483154, 2.995417356491089, 2.417383909225464], "bounding_box_ranges": {"y": [-0.7416824434004496, 4.233885080435262], "x": [-0.285035, 6.886517401258348], "z": [-0.0160799855470819, 2.444402973425244]}, "view_id": 3, "vanishing_points_gaussian_sphere": {"y": [0.9982894226543719, 0.0049085932948569715, 0.05825919951618391], "x": [-0.0573756513771461, 0.27376538061238204, 0.9600836166747174], "z": [0.011236691926409238, 0.9617839789110771, -0.2735787174919271]}, "camera_rotation_from_original_to_final": [0.1452333927154541, -0.22932979464530945, 1.0603647232055664], "point_normal": [-0.07032286375761032, -0.015370506793260574, -0.9974059462547302], "skybox_img_path": "./img/high/22149045c4a4476eb44710bdb469a325_skybox3.jpg", "room": "0_2", "camera_distance": 3.41683990965594, "obliqueness_angle": 1.2833243608474731, "camera_rotation_final": [1.8479260206222534, -0.011236928403377533, 0.05741080641746521], "skybox_img": 3, "resolution": 512}