{"model_rotation_degrees": 0.0, "vanishing_points_image": {"y": [438.03682413388543, 250.31630227566725], "x": [188.49170678324114, 197.10570249209857], "z": [257.36380657320217, 106.03597738543984]}, "point_uuid": "79", "field_of_view_rads": 1.3089969389957472, "point_pitch": 0.1946574012425284, "camera_rotation_original": [1.5825356245040894, -0.0012060842709615827, -0.39747294783592224], "camera_uuid": "f9db34b350e54e138bcc5d0815a85293", "camera_location": [5.237017, 3.272563, 1.485191], "nonfixated_points_in_view": [0, 33, 97, 46, 17, 18, 19, 93, 54, 89, 26, 29, 63], "point_location": [0.4133884310722351, 2.225884199142456, 2.4188120365142822], "bounding_box_ranges": {"y": [-0.741697014124254, 5.237017], "x": [1.5292203093345529, 4.7537894807300995], "z": [-0.015148222840667636, 2.444382524406868]}, "view_id": 0, "vanishing_points_gaussian_sphere": {"y": [0.9775757334353052, 0.030522642865943573, 0.20836039371939905], "x": [-0.2103944957653113, 0.1835483529088999, 0.9602313045803551], "z": [0.008935409900240304, 0.9825367018167352, -0.1858542117709649]}, "camera_rotation_from_original_to_final": [0.15882746875286102, -0.07468580454587936, 2.175200939178467], "point_normal": [-0.0014863654505461454, 0.008470503613352776, -0.9999630451202393], "skybox_img_path": "./img/high/f9db34b350e54e138bcc5d0815a85293_skybox3.jpg", "room": "0_2", "camera_distance": 5.023403203203462, "obliqueness_angle": 1.3835184574127197, "camera_rotation_final": [1.7577450275421143, -0.008935528807342052, 1.7827833890914917], "skybox_img": 3, "resolution": 512}