{"model_rotation_degrees": 0.0, "vanishing_points_image": {"y": [399.2226572618803, 270.5784075308073], "x": [336.77528605918326, 155.28670243865133], "z": [257.0853507617474, 122.40883890795442]}, "point_uuid": "86", "field_of_view_rads": 1.3089969389957472, "point_pitch": 0.34787614742783113, "camera_rotation_original": [1.5784746408462524, 0.0036877563688904047, -0.2543734312057495], "camera_uuid": "cd8bc18ce92741768974d88f6ccbaad1", "camera_location": [3.10099, 5.636439, 1.471228], "nonfixated_points_in_view": [38], "point_location": [0.5567976832389832, 6.327682971954346, 2.438554525375366], "bounding_box_ranges": {"y": [-0.05470571813366343, 3.10099], "x": [4.591715901336167, 6.876486555175072], "z": [0.47696247699541583, 2.443402206186742]}, "view_id": 7, "vanishing_points_gaussian_sphere": {"y": [0.9642507151961321, -0.09814955368617519, -0.2461447203475067], "x": [0.2648818367739335, 0.3302634326304172, 0.9059600861044824], "z": [0.007626977842822153, 0.9387719266032505, -0.3444547851759453]}, "camera_rotation_from_original_to_final": [0.33109721541404724, -0.09574950486421585, 1.541755199432373], "point_normal": [-0.0011294455034658313, 0.0041487752459943295, -0.9999907612800598], "skybox_img_path": "./img/high/cd8bc18ce92741768974d88f6ccbaad1_skybox3.jpg", "room": "0_2", "camera_distance": 2.808283060474732, "obliqueness_angle": 1.2213186025619507, "camera_rotation_final": [1.9224649667739868, -0.007627051789313555, 1.3027069568634033], "skybox_img": 3, "resolution": 512}