{"model_rotation_degrees": 0.0, "vanishing_points_image": {"y": [444.03253902892516, 288.9288978489193], "x": [132.16748068410354, 338.79843108632735], "z": [261.09234326604184, 67.7847042635755]}, "point_uuid": "28", "field_of_view_rads": 1.3089969389957472, "point_pitch": -0.3413385589930673, "camera_rotation_original": [1.5504374504089355, 0.01973503828048706, 0.0801728218793869], "camera_uuid": "022988e502364c9781dbdc5aff9aa537", "camera_location": [5.314469, 4.374863, 1.477831], "nonfixated_points_in_view": [57, 2, 27, 78, 23], "point_location": [5.921271800994873, 3.0443596839904785, 0.9785207509994507], "bounding_box_ranges": {"y": [5.314469, 5.789622568486195], "x": [3.9174862874387495, 4.374863], "z": [0.5492479331609129, 1.6781733522023572]}, "view_id": 2, "vanishing_points_gaussian_sphere": {"y": [0.905883887605337, -0.1586414678650342, 0.3926923310311376], "x": [-0.4227520188654484, -0.2826656850236853, 0.8610347502019174], "z": [0.025595169900370966, 0.9460089826125956, 0.32312829045760305]}, "camera_rotation_from_original_to_final": [-0.3046702444553375, -0.06862638145685196, -2.775505542755127], "point_normal": [-0.9999451041221619, -0.009625209495425224, -0.004139683675020933], "skybox_img_path": "./img/high/022988e502364c9781dbdc5aff9aa537_skybox2.jpg", "room": "0_7", "camera_distance": 1.5452378500871327, "obliqueness_angle": 1.1777054071426392, "camera_rotation_final": [1.241651177406311, -0.025597965344786644, -2.7049598693847656], "skybox_img": 2, "resolution": 512}