{"model_rotation_degrees": 0.0, "vanishing_points_image": {"y": [444.4387505002483, 245.37457214928241], "x": [151.3376480709939, 200.08535462882315], "z": [257.698162636095, 106.21711903075598]}, "point_uuid": "99", "field_of_view_rads": 1.3089969389957472, "point_pitch": 0.1923627416279654, "camera_rotation_original": [1.5824408531188965, 0.001023429213091731, 1.5184667110443115], "camera_uuid": "82b91818426544f3b6c43aa394ec0dd3", "camera_location": [0.187142, 2.810302, 1.478821], "nonfixated_points_in_view": [32, 34, 67, 68, 5, 104, 77, 15, 92, 87, 60, 95], "point_location": [1.5297740697860718, -0.9080048203468323, 2.2341792583465576], "bounding_box_ranges": {"y": [-0.7309022750868579, 3.384968614751198], "x": [-0.9791862698643121, 2.810302], "z": [-0.012755380881053657, 2.445239571081502]}, "view_id": 3, "vanishing_points_gaussian_sphere": {"y": [0.9412232173951046, 0.0530724140406501, 0.33358982883820876], "x": [-0.3376016285814786, 0.18035974723432152, 0.9238482028757242], "z": [0.011135322875468947, 0.9821678473893704, -0.18767611499332992]}, "camera_rotation_from_original_to_final": [0.02168131433427334, 0.17626167833805084, 1.9703298807144165], "point_normal": [0.02970127947628498, 0.9994752407073975, -0.012930529192090034], "skybox_img_path": "./img/high/82b91818426544f3b6c43aa394ec0dd3_skybox3.jpg", "room": "0_2", "camera_distance": 4.024802174652777, "obliqueness_angle": 0.41309624910354614, "camera_rotation_final": [1.7596038579940796, -0.011135553009808064, 3.485982656478882], "skybox_img": 3, "resolution": 512}