{"model_rotation_degrees": 0.0, "vanishing_points_image": {"y": [410.4644249784834, 253.30665611682394], "x": [301.47780388301436, 310.7766052494141], "z": [257.1794058298794, 76.42088001270923]}, "point_uuid": "45", "field_of_view_rads": 1.3089969389957472, "point_pitch": -0.16584901412459807, "camera_rotation_original": [1.5776946544647217, 0.0030656252056360245, -2.669447660446167], "camera_uuid": "c3d17a6983f9472b926dbc4e505ec89c", "camera_location": [5.294113, 2.145316, 1.475611], "nonfixated_points_in_view": [3, 102, 7, 78, 85, 88, 59], "point_location": [5.888344764709473, 6.326374053955078, 0.751869261264801], "bounding_box_ranges": {"y": [2.6382624576037004, 5.923331269175688], "x": [2.145316, 6.893028474042481], "z": [-0.006634776243450435, 2.4453093064114304]}, "view_id": 2, "vanishing_points_gaussian_sphere": {"y": [0.9901855043228195, 0.017265529403608246, -0.13868874692410002], "x": [0.13960933357160463, -0.16815511527023808, 0.9758243136897878], "z": [0.0064730988449400485, 0.9856093337133462, 0.16891518667212121]}, "camera_rotation_from_original_to_final": [0.1533682495355606, 0.08848054707050323, 2.535878896713257], "point_normal": [0.006352371536195278, -0.9999582767486572, -0.00656272005289793], "skybox_img_path": "./img/high/c3d17a6983f9472b926dbc4e505ec89c_skybox2.jpg", "room": "0_2", "camera_distance": 4.2846421426282735, "obliqueness_angle": 0.2294394075870514, "camera_rotation_final": [1.4010637998580933, -0.0064731440506875515, -0.14006982743740082], "skybox_img": 2, "resolution": 512}