{"model_rotation_degrees": 0.0, "vanishing_points_image": {"y": [441.97058319835486, 266.6179181112225], "x": [165.93764128526445, 316.25490620579745], "z": [255.52618644780154, 74.44123913833579]}, "point_uuid": "23", "field_of_view_rads": 1.3089969389957472, "point_pitch": -0.19199101527663665, "camera_rotation_original": [1.579675316810608, 0.0016688042087480426, -0.18222443759441376], "camera_uuid": "421bc59cb37942a2a1b69459e69c6733", "camera_location": [4.087351, 5.595419, 1.470996], "nonfixated_points_in_view": [16, 37, 29], "point_location": [5.56543493270874, 0.6618595123291016, 0.42348137497901917], "bounding_box_ranges": {"y": [1.640070832496105, 5.920650189955344], "x": [-0.9685710082843739, 5.595419], "z": [-0.009734072402227456, 2.445293519475061]}, "view_id": 0, "vanishing_points_gaussian_sphere": {"y": [0.9580783646792385, -0.05470111157014498, 0.28123590724967334], "x": [-0.2864948641815575, -0.19167520611336145, 0.9387125801644459], "z": [-0.002557328908685309, 0.9799328567582531, 0.1993114555525142]}, "camera_rotation_from_original_to_final": [-0.20599904656410217, 0.038613349199295044, -2.6723482608795166], "point_normal": [-0.578569769859314, 0.8149556517601013, 0.033234305679798126], "skybox_img_path": "./img/high/421bc59cb37942a2a1b69459e69c6733_skybox2.jpg", "room": "0_2", "camera_distance": 5.255666218202576, "obliqueness_angle": 0.3643721342086792, "camera_rotation_final": [1.3701404333114624, 0.002557331696152687, -2.851025342941284], "skybox_img": 2, "resolution": 512}