{"model_rotation_degrees": 0.0, "vanishing_points_image": {"y": [352.49547831513166, 275.82618137435264], "x": [428.16206213880514, 211.7847889921001], "z": [257.64679771524874, 110.23449950750309]}, "point_uuid": "54", "field_of_view_rads": 1.3089969389957472, "point_pitch": 0.23268027702835603, "camera_rotation_original": [1.5761680603027344, 0.00989445485174656, -0.4241592288017273], "camera_uuid": "4941e1733c7d43ffb521d1025e32e0eb", "camera_location": [1.857551, 5.637887, 1.476438], "nonfixated_points_in_view": [80], "point_location": [-0.7286279797554016, 2.590883255004883, 2.4133124351501465], "bounding_box_ranges": {"y": [-0.739512497982787, 1.8960777895642895], "x": [2.4501812897608786, 5.637887], "z": [-0.005173767339405222, 2.440538883782552]}, "view_id": 7, "vanishing_points_gaussian_sphere": {"y": [0.7606881399846709, -0.15629272268491437, -0.6300207445175104], "x": [0.6490243310631815, 0.16668450290798095, 0.7422827589122013], "z": [0.010998698770840544, 0.9735444834860171, -0.22823270427196138]}, "camera_rotation_from_original_to_final": [0.1972210705280304, -0.11081671714782715, 2.8485493659973145], "point_normal": [0.9274620413780212, 0.0078078461810946465, -0.37383586168289185], "skybox_img_path": "./img/high/4941e1733c7d43ffb521d1025e32e0eb_skybox2.jpg", "room": "0_2", "camera_distance": 4.104910212741745, "obliqueness_angle": 0.8292384147644043, "camera_rotation_final": [1.801072597503662, -0.010998920537531376, 2.435239791870117], "skybox_img": 2, "resolution": 512}