{"model_rotation_degrees": 0.0, "vanishing_points_image": {"y": [441.5339393556707, 224.74731484228357], "x": [82.39308365994057, 214.08173559686585], "z": [257.3497688777299, 107.7221677143214]}, "point_uuid": "43", "field_of_view_rads": 1.3089969389957472, "point_pitch": 0.20480723778275056, "camera_rotation_original": [1.5785322189331055, -0.004439795855432749, -0.3697104752063751], "camera_uuid": "b20b2b0634e241d794127bb70d0381ec", "camera_location": [4.119016, 3.356542, 1.473925], "nonfixated_points_in_view": [74, 48, 18, 84, 85, 61, 94], "point_location": [1.5116807222366333, 6.33368444442749, 2.294560670852661], "bounding_box_ranges": {"y": [-0.005218136631443215, 4.1492107720081846], "x": [3.356542, 6.8855563683015095], "z": [0.4285925189438822, 2.4440976315944076]}, "view_id": 3, "vanishing_points_gaussian_sphere": {"y": [0.7534706006169245, 0.1269200639972101, 0.6451149908046744], "x": [-0.6574211836631524, 0.15873765620623784, 0.7366137005059641], "z": [0.008912983614403958, 0.9791290281965367, -0.20304409586588584]}, "camera_rotation_from_original_to_final": [0.1821228414773941, -0.07495096325874329, 1.0816069841384888], "point_normal": [0.9993919134140015, -0.03484946861863136, 0.0011621324811130762], "skybox_img_path": "./img/high/b20b2b0634e241d794127bb70d0381ec_skybox3.jpg", "room": "0_2", "camera_distance": 4.041660329315618, "obliqueness_angle": 0.8363755941390991, "camera_rotation_final": [1.7752703428268433, -0.008913101628422737, 0.7174259424209595], "skybox_img": 3, "resolution": 512}