{"model_rotation_degrees": 0.0, "vanishing_points_image": {"y": [353.08360003743996, 272.8662910834053], "x": [427.73844152691214, 214.77623957246604], "z": [256.3526946438021, 107.79359334205574]}, "point_uuid": "54", "field_of_view_rads": 1.3089969389957472, "point_pitch": 0.21851928631332918, "camera_rotation_original": [1.5771442651748657, -0.011866987682878971, -1.0165622234344482], "camera_uuid": "22149045c4a4476eb44710bdb469a325", "camera_location": [2.693772, -0.285035, 1.48261], "nonfixated_points_in_view": [0, 33, 65, 97, 100, 38, 10, 44, 46, 79, 80, 19, 52, 86, 89, 26, 93, 63], "point_location": [-0.7286279797554016, 2.590883255004883, 2.4133124351501465], "bounding_box_ranges": {"y": [-0.7416977947628931, 2.693772], "x": [-0.3441995605328024, 6.516482473356226], "z": [-0.01308636332153612, 2.444484079014342]}, "view_id": 5, "vanishing_points_gaussian_sphere": {"y": [0.7652692316963127, -0.132949886633647, -0.6298311921960008], "x": [0.6437061247982784, 0.15451396227013156, 0.7495117479804887], "z": [0.0023297888570677247, 0.9790044755299563, -0.203825437510132]}, "camera_rotation_from_original_to_final": [0.1136733666062355, -0.1638619303703308, 1.8800972700119019], "point_normal": [0.9274620413780212, 0.0078078461810946465, -0.37383586168289185], "skybox_img_path": "./img/high/22149045c4a4476eb44710bdb469a325_skybox3.jpg", "room": "0_2", "camera_distance": 4.566172956865691, "obliqueness_angle": 0.697542130947113, "camera_rotation_final": [1.776060700416565, -0.0023297909647226334, 0.8714627027511597], "skybox_img": 3, "resolution": 512}