{"model_rotation_degrees": 0.0, "vanishing_points_image": {"y": [400.14226937975496, 256.48427093481826], "x": [335.0793216501169, 262.5383764988319], "z": [257.36293450749133, 87.64053074741398]}, "point_uuid": "44", "field_of_view_rads": 1.3089969389957472, "point_pitch": -0.02489118178817229, "camera_rotation_original": [1.577962040901184, 0.007169065065681934, 1.18436598777771], "camera_uuid": "57ed0722da4246b593ad7c4c816002a1", "camera_location": [0.693011, 5.590496, 1.490906], "nonfixated_points_in_view": [5, 20, 25, 30, 46, 49, 52, 60, 65, 66, 67, 68, 70, 77, 79, 80, 87, 92, 95, 98, 99, 100, 104], "point_location": [-0.7255545258522034, -0.037398211658000946, 1.381843090057373], "bounding_box_ranges": {"y": [-0.7412402866927812, 3.3821775217457057], "x": [-0.9801183067426873, 5.590496], "z": [-0.01860475323171462, 2.445310578964585]}, "view_id": 8, "vanishing_points_gaussian_sphere": {"y": [0.9696761026159362, -0.003257794918210718, -0.24437193535232188], "x": [0.24425959183421575, -0.02019568632529792, 0.9694995544356029], "z": [0.00809368967472934, 0.9997907386178976, 0.01878752674856711]}, "camera_rotation_from_original_to_final": [0.004355925135314465, -0.029793165624141693, 1.7103854417800903], "point_normal": [0.9999316930770874, 0.0004343015607446432, -0.011684787459671497], "skybox_img_path": "./img/high/57ed0722da4246b593ad7c4c816002a1_skybox3.jpg", "room": "0_2", "camera_distance": 5.804947695878573, "obliqueness_angle": 1.323733925819397, "camera_rotation_final": [1.5520070791244507, -0.008093778043985367, 2.8948283195495605], "skybox_img": 3, "resolution": 512}