{"model_rotation_degrees": 0.0, "vanishing_points_image": {"y": [399.08570483030184, 260.1647260619368], "x": [337.8074523540543, 213.4711182575259], "z": [254.93399648582508, 101.23060164193645]}, "point_uuid": "9", "field_of_view_rads": 1.3089969389957472, "point_pitch": 0.13127489487198396, "camera_rotation_original": [1.5759177207946777, 0.006587443873286247, -0.21082322299480438], "camera_uuid": "1eea2dc63a804bb98c4433aaf5355d4d", "camera_location": [0.081101, -0.078128, 1.481538], "nonfixated_points_in_view": [0, 8, 10, 11, 13, 14, 16, 17, 18, 19, 26, 31, 33, 35, 38, 39, 48, 51, 53, 54, 56, 63, 72, 73, 75, 79, 83, 84, 86, 89, 93, 94, 97], "point_location": [1.387424349784851, 4.844126224517822, 2.178821325302124], "bounding_box_ranges": {"y": [-0.7416991699661252, 4.790112737803093], "x": [-0.078128, 6.891260469367679], "z": [-0.015376230475443453, 2.445257332318844]}, "view_id": 2, "vanishing_points_gaussian_sphere": {"y": [0.96675789615183, -0.028138952178778803, -0.2541404525028786], "x": [0.2556024357714565, 0.1328789181328646, 0.9576066979420821], "z": [-0.00682385930290864, 0.9907327553311841, -0.13565412805401184]}, "camera_rotation_from_original_to_final": [0.1281457394361496, -0.02704239822924137, -0.050268325954675674], "point_normal": [-0.9991857409477234, -0.039748404175043106, -0.006924840155988932], "skybox_img_path": "./img/high/1eea2dc63a804bb98c4433aaf5355d4d_skybox4.jpg", "room": "0_2", "camera_distance": 5.140162513822556, "obliqueness_angle": 1.2734999656677246, "camera_rotation_final": [1.7068731784820557, 0.006823912262916565, -0.25847694277763367], "skybox_img": 4, "resolution": 512}