{"model_rotation_degrees": 0.0, "vanishing_points_image": {"y": [413.507777111753, 253.9265056521943], "x": [291.19085889872974, 256.9168981333816], "z": [253.87339144396083, 88.85639222364007]}, "point_uuid": "102", "field_of_view_rads": 1.3089969389957472, "point_pitch": 0.006965474286351636, "camera_rotation_original": [1.5873322486877441, -0.0034176630433648825, -2.326549768447876], "camera_uuid": "97361dcaf0dd4a85b572c7c5868aa0c0", "camera_location": [7.139169, 5.882577, 1.474251], "nonfixated_points_in_view": [88, 7], "point_location": [4.779278755187988, 6.134219169616699, 1.4644339084625244], "bounding_box_ranges": {"y": [4.770274072679618, 7.139169], "x": [5.012094683980446, 6.9084033272263135], "z": [-0.007212864811474207, 2.4552105109005025]}, "view_id": 4, "vanishing_points_gaussian_sphere": {"y": [0.9942766817517578, 0.013089049427092906, -0.10603092430894348], "x": [0.1060755778226968, -0.0027638000988522587, 0.9943542292355348], "z": [-0.01272210337541633, 0.9999105150932801, 0.004136410472440721]}, "camera_rotation_from_original_to_final": [0.02592404931783676, 0.0039738621562719345, -2.491975784301758], "point_normal": [0.999971330165863, 0.007203713059425354, 0.0023304445203393698], "skybox_img_path": "./img/high/97361dcaf0dd4a85b572c7c5868aa0c0_skybox2.jpg", "room": "0_7", "camera_distance": 2.3732895736532496, "obliqueness_angle": 0.11344936490058899, "camera_rotation_final": [1.5666595697402954, 0.012722446583211422, -4.818673133850098], "skybox_img": 2, "resolution": 512}