{"model_rotation_degrees": 0.0, "vanishing_points_image": {"y": [438.4211116349352, 264.16130478339664], "x": [185.1008983601541, 305.4517980396563], "z": [257.59868510821383, 77.05834690125147]}, "point_uuid": "41", "field_of_view_rads": 1.3089969389957472, "point_pitch": -0.15823678573104338, "camera_rotation_original": [1.579675316810608, 0.0016688042087480426, -0.18222443759441376], "camera_uuid": "421bc59cb37942a2a1b69459e69c6733", "camera_location": [4.087351, 5.595419, 1.470996], "nonfixated_points_in_view": [38, 40, 10, 43, 44, 48, 84, 86], "point_location": [1.680829405784607, 5.055434703826904, 1.0724961757659912], "bounding_box_ranges": {"y": [-0.73473451775049, 4.087351], "x": [-0.3039505523119974, 6.812731163389924], "z": [-0.008457004452236072, 2.4452914531538177]}, "view_id": 1, "vanishing_points_gaussian_sphere": {"y": [0.9753874317455218, -0.04363768009648059, 0.21613678740249734], "x": [-0.2203215299162308, -0.1536732560667917, 0.963246050511084], "z": [0.00881937913044338, 0.9871576790187206, 0.1595052830038115]}, "camera_rotation_from_original_to_final": [-0.16820035874843597, 0.020202692598104477, 1.9728645086288452], "point_normal": [-0.007431156933307648, 0.9999606013298035, 0.004874333273619413], "skybox_img_path": "./img/high/421bc59cb37942a2a1b69459e69c6733_skybox3.jpg", "room": "0_2", "camera_distance": 2.498345399725211, "obliqueness_angle": 1.3594794273376465, "camera_rotation_final": [1.4106005430221558, -0.00881949346512556, 1.7929491996765137], "skybox_img": 3, "resolution": 512}