{"model_rotation_degrees": 0.0, "vanishing_points_image": {"y": [443.8096379851541, 241.8290876858597], "x": [153.83368579934657, 186.24531612240557], "z": [257.25310838268837, 111.16388342351053]}, "point_uuid": "85", "field_of_view_rads": 1.3089969389957472, "point_pitch": 0.23679836193588777, "camera_rotation_original": [1.5785322189331055, -0.004439795855432749, -0.3697104752063751], "camera_uuid": "b20b2b0634e241d794127bb70d0381ec", "camera_location": [4.119016, 3.356542, 1.473925], "nonfixated_points_in_view": [74, 43, 16, 48, 84, 56, 61, 94, 31], "point_location": [2.9746100902557373, 6.585859775543213, 2.311539888381958], "bounding_box_ranges": {"y": [0.7138513700953961, 4.671784103257906], "x": [3.356542, 6.892792206461769], "z": [0.443691152118763, 2.4432264812655538]}, "view_id": 3, "vanishing_points_gaussian_sphere": {"y": [0.9432149056886103, 0.07116895525329733, 0.32446975436083425], "x": [-0.3320768184263459, 0.22672750479099632, 0.9155979604799721], "z": [0.008404067506970037, 0.9713545276465246, -0.23748632227969554]}, "camera_rotation_from_original_to_final": [0.21542224287986755, -0.08701401203870773, 0.700309693813324], "point_normal": [0.09299487620592117, -0.7428299784660339, 0.6629899144172668], "skybox_img_path": "./img/high/b20b2b0634e241d794127bb70d0381ec_skybox4.jpg", "room": "0_2", "camera_distance": 3.5270039087370675, "obliqueness_angle": 0.9850077033042908, "camera_rotation_final": [1.8105822801589966, -0.00840416643768549, 0.3385169208049774], "skybox_img": 4, "resolution": 512}