{"model_rotation_degrees": 0.0, "vanishing_points_image": {"y": [361.8421178288513, 240.48054818892084], "x": [417.21018582997505, 299.1733724318198], "z": [254.64257291982233, 74.66783674609775]}, "point_uuid": "16", "field_of_view_rads": 1.3089969389957472, "point_pitch": -0.19181804259749846, "camera_rotation_original": [1.579675316810608, 0.0016688042087480426, -0.18222443759441376], "camera_uuid": "421bc59cb37942a2a1b69459e69c6733", "camera_location": [4.087351, 5.595419, 1.470996], "nonfixated_points_in_view": [23], "point_location": [4.663140296936035, 5.186703205108643, 1.3300076723098755], "bounding_box_ranges": {"y": [4.087351, 5.922342314550834], "x": [-0.5054487323409127, 5.67169929094654], "z": [-0.009704477800106526, 2.1350108318625978]}, "view_id": 1, "vanishing_points_gaussian_sphere": {"y": [0.8145751021455829, 0.11943977788402943, -0.5676279965113832], "x": [0.5800116519427068, -0.1553317424404423, 0.7996615117667654], "z": [-0.007340747591739191, 0.9806152095748004, 0.19580583284306052]}, "camera_rotation_from_original_to_final": [-0.20163051784038544, 0.042685601860284805, -2.0107216835021973], "point_normal": [-0.9998881220817566, 0.013060194440186024, 0.007297165226191282], "skybox_img_path": "./img/high/421bc59cb37942a2a1b69459e69c6733_skybox1.jpg", "room": "0_2", "camera_distance": 0.7200414920956909, "obliqueness_angle": 0.6293433904647827, "camera_rotation_final": [1.3737118244171143, 0.007340813521295786, -2.189558506011963], "skybox_img": 1, "resolution": 512}