{"model_rotation_degrees": 0.0, "vanishing_points_image": {"y": [357.881232869814, 265.69836342713853], "x": [423.11158628810955, 227.93671030160402], "z": [255.72103381559836, 100.41101125519171]}, "point_uuid": "18", "field_of_view_rads": 1.3089969389957472, "point_pitch": 0.13532026211288972, "camera_rotation_original": [1.5785316228866577, 0.0028458000160753727, 1.9192692041397095], "camera_uuid": "4c0d1c450c3c414c8e903e49190ad5f3", "camera_location": [0.164657, 1.413222, 1.481392], "nonfixated_points_in_view": [35, 39, 8, 9, 72, 11, 12, 13, 14, 73, 16, 17, 48, 51, 75, 53, 83, 86, 89, 94, 31], "point_location": [2.081400156021118, 3.921308755874634, 1.8853280544281006], "bounding_box_ranges": {"y": [0.09522548303913053, 5.923336989923946], "x": [1.413222, 6.877026031571708], "z": [-0.014899524001771525, 2.4441984171417435]}, "view_id": 1, "vanishing_points_gaussian_sphere": {"y": [0.7946789566529894, -0.07564774308697501, -0.6022979120159418], "x": [0.6070273411625862, 0.10193897687335164, 0.788115633695396], "z": [-0.001778463943243254, 0.9919102096257812, -0.12692900813502517]}, "camera_rotation_from_original_to_final": [-0.04000050574541092, 0.11268074810504913, -2.574118137359619], "point_normal": [-0.015624864026904106, -0.9997193217277527, 0.017810897901654243], "skybox_img_path": "./img/high/4c0d1c450c3c414c8e903e49190ad5f3_skybox2.jpg", "room": "0_2", "camera_distance": 3.1823839287668765, "obliqueness_angle": 0.6517153382301331, "camera_rotation_final": [1.6980688571929932, 0.001778464880771935, -0.6523157358169556], "skybox_img": 2, "resolution": 512}