{"model_rotation_degrees": 0.0, "vanishing_points_image": {"y": [440.938261071443, 271.9932785845645], "x": [168.65225457643336, 334.75319296815286], "z": [257.6524093970303, 70.49720628356042]}, "point_uuid": "47", "field_of_view_rads": 1.3089969389957472, "point_pitch": -0.2613317211482187, "camera_rotation_original": [1.5827999114990234, -0.0022284637670964003, 1.2485463619232178], "camera_uuid": "de06f753bd6d4114a5c6e6a781ee950a", "camera_location": [0.724806, 4.289951, 1.483605], "nonfixated_points_in_view": [5, 15, 20, 25, 30, 32, 34, 37, 44, 49, 60, 65, 66, 67, 68, 77, 87, 91, 92, 95, 98, 99, 104], "point_location": [2.2111260890960693, -0.8247860074043274, 0.009488865733146667], "bounding_box_ranges": {"y": [-0.7396759555523337, 3.382631517291038], "x": [-0.9807507495714232, 4.289951], "z": [-0.01689479244142844, 2.4453056330130503]}, "view_id": 0, "vanishing_points_gaussian_sphere": {"y": [0.9595748798845539, -0.08298309007466624, 0.2689421065140301], "x": [-0.28132250773564577, -0.25364187284463646, 0.9254855195956297], "z": [0.008584668652403113, 0.9637321241411044, 0.2667333806680435]}, "camera_rotation_from_original_to_final": [-0.0851881131529808, -0.2692396342754364, 2.1882388591766357], "point_normal": [-0.06307537853717804, 0.07131332159042358, 0.9954577088356018], "skybox_img_path": "./img/high/de06f753bd6d4114a5c6e6a781ee950a_skybox3.jpg", "room": "0_2", "camera_distance": 5.526545188559613, "obliqueness_angle": 1.2148418426513672, "camera_rotation_final": [1.3007841110229492, -0.008584774099290371, 3.4267754554748535], "skybox_img": 3, "resolution": 512}