{"model_rotation_degrees": 0.0, "vanishing_points_image": {"y": [447.0948510813778, 236.541951047489], "x": [122.40621462981174, 201.55313375085507], "z": [256.28783284557363, 107.91901648285882]}, "point_uuid": "8", "field_of_view_rads": 1.3089969389957472, "point_pitch": 0.21458180347946687, "camera_rotation_original": [1.5785316228866577, 0.0028458000160753727, 1.9192692041397095], "camera_uuid": "4c0d1c450c3c414c8e903e49190ad5f3", "camera_location": [0.164657, 1.413222, 1.481392], "nonfixated_points_in_view": [39, 72, 73, 11, 12, 13, 14, 75, 16, 17, 18, 48, 83, 53, 22, 89, 91, 31], "point_location": [4.191406726837158, 3.4509470462799072, 2.427091360092163], "bounding_box_ranges": {"y": [0.164657, 5.923014862231528], "x": [0.727452574862183, 6.794570896981598], "z": [-0.01560827804200926, 2.4388200769103654]}, "view_id": 0, "vanishing_points_gaussian_sphere": {"y": [0.8924368299010306, 0.09087151969282037, 0.4419263191357993], "x": [-0.45116835593957727, 0.18387609171803918, 0.8732907290778245], "z": [0.0019024287050766842, 0.978739980691101, -0.20509615052897875]}, "camera_rotation_from_original_to_final": [-0.06421450525522232, 0.18836146593093872, -3.0281524658203125], "point_normal": [-0.007653122767806053, 0.007843519560992718, -0.9999399781227112], "skybox_img_path": "./img/high/4c0d1c450c3c414c8e903e49190ad5f3_skybox2.jpg", "room": "0_2", "camera_distance": 4.611006683947456, "obliqueness_angle": 1.3609589338302612, "camera_rotation_final": [1.7773586511611938, -0.0019024298526346684, -1.1027213335037231], "skybox_img": 2, "resolution": 512}