{"model_rotation_degrees": 0.0, "vanishing_points_image": {"y": [434.70186342068024, 311.4362325737829], "x": [80.10239411762359, 314.3045066817261], "z": [255.8876264073924, 67.82482678193435]}, "point_uuid": "73", "field_of_view_rads": 1.3089969389957472, "point_pitch": -0.31822864612075286, "camera_rotation_original": [1.5785316228866577, 0.0028458000160753727, 1.9192692041397095], "camera_uuid": "4c0d1c450c3c414c8e903e49190ad5f3", "camera_location": [0.164657, 1.413222, 1.481392], "nonfixated_points_in_view": [35, 39, 8, 9, 72, 11, 12, 13, 14, 75, 16, 17, 18, 48, 51, 53, 83, 89, 94, 31], "point_location": [2.961655378341675, 4.124636650085449, 0.16251146793365479], "bounding_box_ranges": {"y": [0.12085008799475311, 5.923325355457429], "x": [1.3517311564114463, 6.880830216964416], "z": [-0.012875691777577192, 2.4452150159546413]}, "view_id": 2, "vanishing_points_gaussian_sphere": {"y": [0.7181396418100148, -0.2227786293985896, 0.6592762221893564], "x": [-0.6958987964614569, -0.23066849502900125, 0.680085958158637], "z": [-0.0005656363490166365, 0.9471862159492934, 0.3206835704727936]}, "camera_rotation_from_original_to_final": [0.12009067088365555, -0.31262919306755066, -2.7387678623199463], "point_normal": [-0.8323155641555786, -0.32859867811203003, -0.44640088081359863], "skybox_img_path": "./img/high/4c0d1c450c3c414c8e903e49190ad5f3_skybox2.jpg", "room": "0_2", "camera_distance": 4.112714070832924, "obliqueness_angle": 0.8769097924232483, "camera_rotation_final": [1.2443451881408691, 0.0005656363791786134, -0.8011254668235779], "skybox_img": 2, "resolution": 512}