{"model_rotation_degrees": 0.0, "vanishing_points_image": {"y": [350.01747792228457, 243.83945094821652], "x": [431.72141843046677, 284.08541542359836], "z": [255.60490969655282, 78.15126261592283]}, "point_uuid": "81", "field_of_view_rads": 1.3089969389957472, "point_pitch": -0.13298861583205657, "camera_rotation_original": [1.5761680603027344, 0.00989445485174656, -0.4241592288017273], "camera_uuid": "4941e1733c7d43ffb521d1025e32e0eb", "camera_location": [1.857551, 5.637887, 1.476438], "nonfixated_points_in_view": [64, 101, 8, 40, 75, 16, 48, 50, 24, 90], "point_location": [7.541360378265381, 0.6053747534751892, 0.3754005432128906], "bounding_box_ranges": {"y": [1.857551, 5.923027440161644], "x": [2.4954227688208075, 5.637887], "z": [-0.011796155370084715, 2.4434834862478567]}, "view_id": 3, "vanishing_points_gaussian_sphere": {"y": [0.748487291473113, 0.09681196117725197, -0.6560443724903503], "x": [0.6631454901839933, -0.10599001956880436, 0.740948159185537], "z": [-0.0021984885431703518, 0.9896431477683352, 0.14353259812079908]}, "camera_rotation_from_original_to_final": [-0.13943526148796082, 0.05437183007597923, -1.8745453357696533], "point_normal": [-0.9968967437744141, -0.041175149381160736, 0.06709296256303787], "skybox_img_path": "./img/high/4941e1733c7d43ffb521d1025e32e0eb_skybox1.jpg", "room": "0_2", "camera_distance": 7.6709940728940555, "obliqueness_angle": 0.765167772769928, "camera_rotation_final": [1.4267659187316895, 0.0021984903141856194, -2.295811891555786], "skybox_img": 1, "resolution": 512}