{"model_rotation_degrees": 0.0, "vanishing_points_image": {"y": [422.7739493215143, 257.52125049166216], "x": [256.8356148647458, 177.59603236547028], "z": [257.30316289969227, 111.6222941121311]}, "point_uuid": "101", "field_of_view_rads": 1.3089969389957472, "point_pitch": 0.2438505450871329, "camera_rotation_original": [1.5717558860778809, 0.008724818006157875, 1.7450741529464722], "camera_uuid": "fe33a7c2947347d5a33b56488f8bfdae", "camera_location": [4.698266, 1.058042, 1.474498], "nonfixated_points_in_view": [64, 6, 76, 81, 50, 58], "point_location": [7.536747455596924, 1.056921124458313, 2.1824684143066406], "bounding_box_ranges": {"y": [4.698266, 7.546801181574015], "x": [-0.8959065594870641, 2.5815738954893566], "z": [0.22711850977764403, 2.453167232233392]}, "view_id": 1, "vanishing_points_gaussian_sphere": {"y": [0.9999583271306395, -0.009121251268425196, -0.0003831153759820598], "x": [0.0025790985001236445, 0.24199133340151038, 0.9702749830895805], "z": [0.008757411319546549, 0.970235537039258, -0.24200477353375283]}, "camera_rotation_from_original_to_final": [-0.025591488927602768, 0.24278666079044342, 2.9616174697875977], "point_normal": [-0.9986716508865356, -0.025304408743977547, -0.04488521069288254], "skybox_img_path": "./img/high/fe33a7c2947347d5a33b56488f8bfdae_skybox2.jpg", "room": "0_5", "camera_distance": 2.9254402408079114, "obliqueness_angle": 0.2011430561542511, "camera_rotation_final": [1.8152374029159546, -0.008757523261010647, 4.70980978012085], "skybox_img": 2, "resolution": 512}