{"model_rotation_degrees": 0.0, "vanishing_points_image": {"y": [365.12579793922674, 227.0975067285275], "x": [408.66291987092586, 339.69957753289987], "z": [254.91393519662307, 65.53608758070168]}, "point_uuid": "30", "field_of_view_rads": 1.3089969389957472, "point_pitch": -0.38765518268081145, "camera_rotation_original": [1.5762215852737427, -0.0002412118628853932, -1.888368844985962], "camera_uuid": "029e8bd017804e6aba4c5206f049bf52", "camera_location": [2.031441, 2.853197, 1.471538], "nonfixated_points_in_view": [98, 99, 68, 100, 104, 44, 77, 46, 47, 92, 20, 52, 25, 60, 95], "point_location": [0.0009009966161102057, -0.12246140092611313, -0.0047828727401793], "bounding_box_ranges": {"y": [-0.7416991991484467, 2.449225898204703], "x": [-0.967389744540593, 2.853197], "z": [-0.012565188644404701, 2.445309739459389]}, "view_id": 1, "vanishing_points_gaussian_sphere": {"y": [0.82477772913821, 0.21844635473046606, -0.5215581344611442], "x": [0.5654324528742213, -0.31000623772280417, 0.764318175768177], "z": [-0.00527624433277419, 0.9252985046340039, 0.3792028989443741]}, "camera_rotation_from_original_to_final": [0.1347893327474594, 0.3717944324016571, -1.8277981281280518], "point_normal": [0.4630836844444275, -0.27109798789024353, 0.8438361883163452], "skybox_img_path": "./img/high/029e8bd017804e6aba4c5206f049bf52_skybox1.jpg", "room": "0_2", "camera_distance": 3.893219569097658, "obliqueness_angle": 1.208625316619873, "camera_rotation_final": [1.1818559169769287, 0.0052762688137590885, -3.7425596714019775], "skybox_img": 1, "resolution": 512}