{"model_rotation_degrees": 0.0, "vanishing_points_image": {"y": [385.364734975433, 240.02818483597628], "x": [373.00638707200534, 330.83238952869897], "z": [254.59699868484472, 70.08670613207534]}, "point_uuid": "2", "field_of_view_rads": 1.3089969389957472, "point_pitch": -0.2800690372798105, "camera_rotation_original": [1.5776946544647217, 0.0030656252056360245, -2.669447660446167], "camera_uuid": "c3d17a6983f9472b926dbc4e505ec89c", "camera_location": [5.294113, 2.145316, 1.475611], "nonfixated_points_in_view": [57, 42, 27, 4, 36], "point_location": [4.3135247230529785, -0.17824366688728333, 0.7559052109718323], "bounding_box_ranges": {"y": [3.4890758738549206, 6.18380107921012], "x": [-0.9152014251834375, 2.145316], "z": [-0.015357915410241896, 2.45482710528898]}, "view_id": 3, "vanishing_points_gaussian_sphere": {"y": [0.920484824618009, 0.1136462226964681, -0.37388798284349556], "x": [0.3907109276988567, -0.24988236169267672, 0.8859479534891365], "z": [-0.007256626258262944, 0.9615837672203682, 0.27441574297702526]}, "camera_rotation_from_original_to_final": [0.25703954696655273, 0.12429467588663101, -0.855996310710907], "point_normal": [0.7254225611686707, -0.22401155531406403, 0.6508310437202454], "skybox_img_path": "./img/high/c3d17a6983f9472b926dbc4e505ec89c_skybox1.jpg", "room": "0_5", "camera_distance": 2.6226815930125844, "obliqueness_angle": 1.3167086839675903, "camera_rotation_final": [1.2928067445755005, 0.007256689947098494, -3.5430076122283936], "skybox_img": 1, "resolution": 512}