{"model_rotation_degrees": 0.0, "vanishing_points_image": {"y": [404.1448645350398, 268.3759021464401], "x": [322.1355401935661, 150.69169840494519], "z": [256.8998301842051, 123.25115733782509]}, "point_uuid": "17", "field_of_view_rads": 1.3089969389957472, "point_pitch": 0.3641553680088858, "camera_rotation_original": [1.5743488073349, -0.006772358436137438, -1.2924582958221436], "camera_uuid": "b2b91e26cb9a4190a097925afea72a8a", "camera_location": [1.962995, 0.554659, 1.477478], "nonfixated_points_in_view": [38, 10, 74, 75, 13, 16, 48, 18, 83, 84, 53, 85, 86, 56, 89, 91, 31], "point_location": [2.4947097301483154, 2.995417356491089, 2.417383909225464], "bounding_box_ranges": {"y": [-0.054684993770970136, 4.783485161931358], "x": [0.554659, 6.893047645035526], "z": [-0.0017008345763451782, 2.440824885333343]}, "view_id": 0, "vanishing_points_gaussian_sphere": {"y": [0.9765530676294739, -0.08158045331993063, -0.19922031959511274], "x": [0.2151833146477319, 0.34263860748432245, 0.9144916214807108], "z": [0.006344068149023726, 0.9359184869940967, -0.35215953558295354]}, "camera_rotation_from_original_to_final": [0.10191706568002701, -0.34203654527664185, 1.0603199005126953], "point_normal": [-0.07032286375761032, -0.015370506793260574, -0.9974059462547302], "skybox_img_path": "./img/high/b2b91e26cb9a4190a097925afea72a8a_skybox3.jpg", "room": "0_2", "camera_distance": 2.668978130140207, "obliqueness_angle": 1.181743860244751, "camera_rotation_final": [1.9306813478469849, -0.006344110704958439, -0.21688397228717804], "skybox_img": 3, "resolution": 512}