{"model_rotation_degrees": 0.0, "vanishing_points_image": {"y": [358.89427025300364, 275.69728179737433], "x": [420.57088032867864, 206.22295687957345], "z": [257.7400770679385, 111.19003984206432]}, "point_uuid": "61", "field_of_view_rads": 1.3089969389957472, "point_pitch": 0.23826284805801912, "camera_rotation_original": [1.5825356245040894, -0.0012060842709615827, -0.39747294783592224], "camera_uuid": "f9db34b350e54e138bcc5d0815a85293", "camera_location": [5.237017, 3.272563, 1.485191], "nonfixated_points_in_view": [97, 38, 74, 43, 48, 18, 19, 84, 86, 89, 59, 93], "point_location": [2.1533546447753906, 5.594818592071533, 2.429835796356201], "bounding_box_ranges": {"y": [-0.7416985996040557, 5.237017], "x": [3.132620544314955, 6.872312853786065], "z": [-0.01150898024760183, 2.444004737813324]}, "view_id": 2, "vanishing_points_gaussian_sphere": {"y": [0.7970403982450323, -0.15257923778963378, -0.5843339625256563], "x": [0.6038132080202334, 0.18263277216649004, 0.7759219550644879], "z": [0.011671049040891555, 0.9712697085394548, -0.23769505650721423]}, "camera_rotation_from_original_to_final": [0.20702409744262695, -0.09742150455713272, 1.3112893104553223], "point_normal": [0.028091732412576675, -0.026584232226014137, -0.9992519021034241], "skybox_img_path": "./img/high/f9db34b350e54e138bcc5d0815a85293_skybox3.jpg", "room": "0_2", "camera_distance": 3.97419159214226, "obliqueness_angle": 1.2923645973205566, "camera_rotation_final": [1.8108052015304565, -0.011671314015984535, 0.9224685430526733], "skybox_img": 3, "resolution": 512}