{"model_rotation_degrees": 0.0, "vanishing_points_image": {"y": [440.64252123667706, 248.36663714004655], "x": [174.60320810709317, 196.13508992339354], "z": [257.527138286529, 106.70764799005552]}, "point_uuid": "67", "field_of_view_rads": 1.3089969389957472, "point_pitch": 0.1925235549595694, "camera_rotation_original": [1.577962040901184, 0.007169065065681934, 1.18436598777771], "camera_uuid": "57ed0722da4246b593ad7c4c816002a1", "camera_location": [0.693011, 5.590496, 1.490906], "nonfixated_points_in_view": [5, 20, 25, 30, 44, 46, 49, 51, 52, 60, 65, 66, 68, 70, 77, 79, 87, 92, 95, 98, 99, 100, 104], "point_location": [1.9129235744476318, 1.0338019132614136, 2.4173190593719482], "bounding_box_ranges": {"y": [-0.7416968714831471, 3.376994789832957], "x": [-0.9781055893727171, 5.590496], "z": [-0.019271886677676875, 2.4439965426800185]}, "view_id": 0, "vanishing_points_gaussian_sphere": {"y": [0.9664406808407491, 0.039953919335956926, 0.25376385626358494], "x": [-0.256693729491665, 0.1887905736317649, 0.9478747008689752], "z": [0.010036914651897601, 0.9812042619340201, -0.19271081107915436]}, "camera_rotation_from_original_to_final": [0.08710962533950806, 0.16631148755550385, 2.2243733406066895], "point_normal": [-2.1528958313865587e-05, -0.026295719668269157, -0.999654233455658], "skybox_img_path": "./img/high/57ed0722da4246b593ad7c4c816002a1_skybox3.jpg", "room": "0_2", "camera_distance": 4.807274477078284, "obliqueness_angle": 1.4022753238677979, "camera_rotation_final": [1.7647302150726318, -0.010037083178758621, 3.4012057781219482], "skybox_img": 3, "resolution": 512}