{"model_rotation_degrees": 0.0, "vanishing_points_image": {"y": [436.2540375365728, 202.18932134806994], "x": [82.49919575418072, 193.5858602942553], "z": [257.0957444847786, 120.65285931875617]}, "point_uuid": "91", "field_of_view_rads": 1.3089969389957472, "point_pitch": 0.3344032327320914, "camera_rotation_original": [1.5743488073349, -0.006772358436137438, -1.2924582958221436], "camera_uuid": "b2b91e26cb9a4190a097925afea72a8a", "camera_location": [1.962995, 0.554659, 1.477478], "nonfixated_points_in_view": [75, 16, 17, 48, 53, 85, 56, 31], "point_location": [3.363640546798706, 1.8660714626312256, 2.1443212032318115], "bounding_box_ranges": {"y": [1.943687043639392, 4.779039294711597], "x": [0.4796056322507708, 6.893038606704323], "z": [0.044266670469714775, 2.4389511974570577]}, "view_id": 5, "vanishing_points_gaussian_sphere": {"y": [0.7317697165471835, 0.21845294342627417, 0.6455938300919951], "x": [-0.6815090659588923, 0.24516198779819104, 0.6895222931527871], "z": [0.007646892198340576, 0.9445495811481983, -0.3282797797496372]}, "camera_rotation_from_original_to_final": [0.09286628663539886, -0.31809568405151367, 0.45901352167129517], "point_normal": [-0.9979714751243591, 0.05230462923645973, -0.03629530966281891], "skybox_img_path": "./img/high/b2b91e26cb9a4190a097925afea72a8a_skybox4.jpg", "room": "0_2", "camera_distance": 2.031327224143805, "obliqueness_angle": 0.8415993452072144, "camera_rotation_final": [1.9052883386611938, -0.007646966725587845, -0.8209463357925415], "skybox_img": 4, "resolution": 512}