{"model_rotation_degrees": 0.0, "vanishing_points_image": {"y": [376.45346516331506, 250.78130067721278], "x": [393.7110645137782, 278.02013698384064], "z": [255.95598378514086, 82.56092171452603]}, "point_uuid": "71", "field_of_view_rads": 1.3089969389957472, "point_pitch": -0.07135371764632659, "camera_rotation_original": [1.5825356245040894, -0.0012060842709615827, -0.39747294783592224], "camera_uuid": "f9db34b350e54e138bcc5d0815a85293", "camera_location": [5.237017, 3.272563, 1.485191], "nonfixated_points_in_view": [2, 4, 42, 23, 57, 27], "point_location": [4.901352405548096, 2.6252849102020264, 1.4244216680526733], "bounding_box_ranges": {"y": [3.49905513741101, 5.923272778140493], "x": [-0.9150872513285222, 3.272563], "z": [-0.01680839552857538, 2.4453066129072614]}, "view_id": 1, "vanishing_points_gaussian_sphere": {"y": [0.8877229904168857, 0.038460988753042435, -0.45876861774694244], "x": [0.4603779190217994, -0.07361488982013674, 0.884665484617732], "z": [-0.0002529080057098207, 0.9965448310743013, 0.08305622009598787]}, "camera_rotation_from_original_to_final": [-0.08697227388620377, 0.038025740534067154, 3.0589447021484375], "point_normal": [0.9891785383224487, 0.13581542670726776, 0.055498190224170685], "skybox_img_path": "./img/high/f9db34b350e54e138bcc5d0815a85293_skybox2.jpg", "room": "0_2", "camera_distance": 0.7316642811950854, "obliqueness_angle": 0.9538281559944153, "camera_rotation_final": [1.4876443147659302, 0.00025290800840593874, 2.6631717681884766], "skybox_img": 2, "resolution": 512}