{"model_rotation_degrees": 0.0, "vanishing_points_image": {"y": [444.59236815681345, 294.2970175262105], "x": [115.80327993914305, 340.83930790599163], "z": [256.3656827129761, 66.6088442479445]}, "point_uuid": "97", "field_of_view_rads": 1.3089969389957472, "point_pitch": -0.34968404372664885, "camera_rotation_original": [1.5743488073349, -0.006772358436137438, -1.2924582958221436], "camera_uuid": "b2b91e26cb9a4190a097925afea72a8a", "camera_location": [1.962995, 0.554659, 1.477478], "nonfixated_points_in_view": [0, 33, 38, 10, 80, 18, 19, 54, 86, 89, 93, 63], "point_location": [0.025510288774967194, 3.923286199569702, 0.027542835101485252], "bounding_box_ranges": {"y": [-0.7416990844747253, 2.712955188255152], "x": [0.554659, 6.877577048863258], "z": [-0.012588140683346127, 2.445307804713914]}, "view_id": 3, "vanishing_points_gaussian_sphere": {"y": [0.8665098237523962, -0.17596015274216278, 0.4671174905605079], "x": [-0.49915674172839075, -0.3020620773899981, 0.8121582657277678], "z": [0.0018090129043582405, 0.9369079602873452, 0.34957145395829775]}, "camera_rotation_from_original_to_final": [-0.09865585714578629, 0.3475121855735779, 1.796189785003662], "point_normal": [0.5118518471717834, -0.7090684175491333, 0.4850049316883087], "skybox_img_path": "./img/high/b2b91e26cb9a4190a097925afea72a8a_skybox3.jpg", "room": "0_2", "camera_distance": 4.147747320029337, "obliqueness_angle": 0.17621316015720367, "camera_rotation_final": [1.2136820554733276, -0.0018090138910338283, 0.5226262807846069], "skybox_img": 3, "resolution": 512}