{"model_rotation_degrees": 0.0, "vanishing_points_image": {"y": [409.53966558942767, 248.69274800608338], "x": [303.6875649095677, 365.5140885385186], "z": [257.73925033591047, 66.34241319709248]}, "point_uuid": "81", "field_of_view_rads": 1.3089969389957472, "point_pitch": -0.3666221340510507, "camera_rotation_original": [1.5717558860778809, 0.008724818006157875, 1.7450741529464722], "camera_uuid": "fe33a7c2947347d5a33b56488f8bfdae", "camera_location": [4.698266, 1.058042, 1.474498], "nonfixated_points_in_view": [64, 101, 6, 76, 50, 82, 58], "point_location": [7.541360378265381, 0.6053747534751892, 0.3754005432128906], "bounding_box_ranges": {"y": [4.698266, 7.546264941179627], "x": [-0.8968643770719109, 2.5842734860138563], "z": [-0.008785324051984844, 2.410558067678692]}, "view_id": 1, "vanishing_points_gaussian_sphere": {"y": [0.9880338399273924, 0.04702245650431905, -0.14689458717948575], "x": [0.1539991489860826, -0.3536577401026966, 0.9226106789849204], "z": [0.008566987212226793, 0.9341922133317923, 0.35666723325861127]}, "camera_rotation_from_original_to_final": [0.08383235335350037, -0.3567693829536438, 2.797600269317627], "point_normal": [-0.9968967437744141, -0.041175149381160736, 0.06709296256303787], "skybox_img_path": "./img/high/fe33a7c2947347d5a33b56488f8bfdae_skybox2.jpg", "room": "0_5", "camera_distance": 3.081575604155504, "obliqueness_angle": 0.35505035519599915, "camera_rotation_final": [1.2060842514038086, -0.008567092008888721, 4.557768821716309], "skybox_img": 2, "resolution": 512}