{"model_rotation_degrees": 0.0, "vanishing_points_image": {"y": [362.991237722902, 262.93530284410156], "x": [416.35789299779964, 230.23008132659893], "z": [254.7247906434326, 98.4300847599747]}, "point_uuid": "31", "field_of_view_rads": 1.3089969389957472, "point_pitch": 0.103441790738378, "camera_rotation_original": [1.5759177207946777, 0.006587443873286247, -0.21082322299480438], "camera_uuid": "1eea2dc63a804bb98c4433aaf5355d4d", "camera_location": [0.081101, -0.078128, 1.481538], "nonfixated_points_in_view": [8, 9, 10, 11, 13, 14, 16, 17, 18, 22, 35, 38, 39, 48, 51, 53, 56, 72, 73, 75, 79, 83, 84, 86, 89, 91, 93, 94, 97], "point_location": [4.660554885864258, 6.541022777557373, 2.3350167274475098], "bounding_box_ranges": {"y": [-0.16232916917360093, 4.786169976626523], "x": [-0.078128, 6.8930203601066395], "z": [-0.014529455906119537, 2.4440766643012646]}, "view_id": 5, "vanishing_points_gaussian_sphere": {"y": [0.8228272420464472, -0.0533366678750688, -0.5657831118071854], "x": [0.5682346047057103, 0.09131673706188755, 0.8177840103274919], "z": [-0.008047593502573993, 0.9943925046943761, -0.10544563929562298]}, "camera_rotation_from_original_to_final": [0.09862081706523895, -0.01954089291393757, -0.3952586352825165], "point_normal": [-0.9978588223457336, 0.03995320945978165, 0.05178387463092804], "skybox_img_path": "./img/high/1eea2dc63a804bb98c4433aaf5355d4d_skybox4.jpg", "room": "0_2", "camera_distance": 8.094008975506862, "obliqueness_angle": 1.0163904428482056, "camera_rotation_final": [1.6764417886734009, 0.008047680370509624, -0.6043812036514282], "skybox_img": 4, "resolution": 512}