{"model_rotation_degrees": 0.0, "vanishing_points_image": {"y": [368.7899709967874, 247.89335492228665], "x": [407.5962809400196, 280.4956050007765], "z": [254.60650120500057, 80.98697059320402]}, "point_uuid": "48", "field_of_view_rads": 1.3089969389957472, "point_pitch": -0.1069555719706674, "camera_rotation_original": [1.5759177207946777, 0.006587443873286247, -0.21082322299480438], "camera_uuid": "1eea2dc63a804bb98c4433aaf5355d4d", "camera_location": [0.081101, -0.078128, 1.481538], "nonfixated_points_in_view": [8, 9, 10, 11, 13, 14, 16, 17, 18, 22, 31, 35, 38, 39, 51, 53, 56, 72, 73, 75, 79, 83, 84, 86, 89, 91, 93, 94, 97], "point_location": [2.8807075023651123, 4.485979080200195, 0.9209252595901489], "bounding_box_ranges": {"y": [-0.42851200149532087, 4.786239136006456], "x": [-0.078128, 6.892286362429264], "z": [-0.017289042932433274, 2.4452065861511953]}, "view_id": 0, "vanishing_points_gaussian_sphere": {"y": [0.8519533825767767, 0.061233136548142136, -0.5200249387331968], "x": [0.5235577597695663, -0.08459880413214761, 0.8477796379510913], "z": [-0.00791871839767191, 0.9945318221796059, 0.1041333211371426]}, "camera_rotation_from_original_to_final": [-0.10675397515296936, 0.02419981174170971, -0.3407159149646759], "point_normal": [0.022127626463770866, -0.008345723152160645, 0.9997203350067139], "skybox_img_path": "./img/high/1eea2dc63a804bb98c4433aaf5355d4d_skybox4.jpg", "room": "0_2", "camera_distance": 5.383600584232575, "obliqueness_angle": 1.47095787525177, "camera_rotation_final": [1.4664705991744995, 0.00791880115866661, -0.5510407090187073], "skybox_img": 4, "resolution": 512}