{"model_rotation_degrees": 0.0, "vanishing_points_image": {"y": [444.352087435555, 221.27566834352075], "x": [128.1105158553427, 163.06193311684376], "z": [255.67903287343452, 124.60351860689764]}, "point_uuid": "8", "field_of_view_rads": 1.3089969389957472, "point_pitch": 0.38124580780533357, "camera_rotation_original": [1.5784746408462524, 0.0036877563688904047, -0.2543734312057495], "camera_uuid": "cd8bc18ce92741768974d88f6ccbaad1", "camera_location": [3.10099, 5.636439, 1.471228], "nonfixated_points_in_view": [32, 64, 34, 5, 6, 90, 17, 50, 87, 58, 91, 29], "point_location": [4.191406726837158, 3.4509470462799072, 2.427091360092163], "bounding_box_ranges": {"y": [1.8463903444485013, 5.923305745681102], "x": [-0.980472608133697, 5.636439], "z": [-0.00932663337218087, 2.442944577345331]}, "view_id": 2, "vanishing_points_gaussian_sphere": {"y": [0.8944080710862216, 0.16489184122929504, 0.4157461762564239], "x": [-0.4472460485808488, 0.3250164269113657, 0.8332678406530436], "z": [-0.002274731773513352, 0.9312223165999524, -0.36444453989815345]}, "camera_rotation_from_original_to_final": [0.35429903864860535, -0.0911647230386734, -2.440967559814453], "point_normal": [-0.007653122767806053, 0.007843519560992718, -0.9999399781227112], "skybox_img_path": "./img/high/cd8bc18ce92741768974d88f6ccbaad1_skybox2.jpg", "room": "0_2", "camera_distance": 2.6227957576206893, "obliqueness_angle": 1.1873270273208618, "camera_rotation_final": [1.943833589553833, 0.0022747337352484465, -2.6779074668884277], "skybox_img": 2, "resolution": 512}