{"model_rotation_degrees": 0.0, "vanishing_points_image": {"y": [362.89385594850893, 269.2228232745595], "x": [416.0253122817491, 217.60947801674618], "z": [256.7971584052762, 104.53919031818623]}, "point_uuid": "66", "field_of_view_rads": 1.3089969389957472, "point_pitch": 0.17869050900009675, "camera_rotation_original": [1.579675316810608, 0.0016688042087480426, -0.18222443759441376], "camera_uuid": "421bc59cb37942a2a1b69459e69c6733", "camera_location": [4.087351, 5.595419, 1.470996], "nonfixated_points_in_view": [65, 98, 67, 68, 37, 70, 99, 104, 44, 77, 92, 48, 17, 49, 20, 84, 60, 29, 95], "point_location": [0.9620901942253113, 1.094639778137207, 2.4188599586486816], "bounding_box_ranges": {"y": [-0.7389333968906868, 4.3064620935742886], "x": [-0.9700849757777341, 5.595419], "z": [-0.019380820764137496, 2.4440019053926605]}, "view_id": 1, "vanishing_points_gaussian_sphere": {"y": [0.8208708407027235, -0.10154213225388442, -0.5620144644591799], "x": [0.5710903325111604, 0.13700617516116503, 0.8093733008198384], "z": [0.005186038593808246, 0.9853519692703937, -0.17045410425877316]}, "camera_rotation_from_original_to_final": [0.1585489809513092, -0.03603014722466469, 2.713397979736328], "point_normal": [0.0004684966115746647, -0.0036102260928601027, -0.9999933838844299], "skybox_img_path": "./img/high/421bc59cb37942a2a1b69459e69c6733_skybox2.jpg", "room": "0_2", "camera_distance": 5.560819473793361, "obliqueness_angle": 1.4022046327590942, "camera_rotation_final": [1.7420891523361206, -0.005186061840504408, 2.53374981880188], "skybox_img": 2, "resolution": 512}