{"model_rotation_degrees": 0.0, "vanishing_points_image": {"y": [431.32701910304615, 258.3669807262514], "x": [220.85343249655327, 329.3897115541376], "z": [253.80622194782856, 72.74575135087908]}, "point_uuid": "80", "field_of_view_rads": 1.3089969389957472, "point_pitch": -0.23003511031600432, "camera_rotation_original": [1.5824408531188965, 0.001023429213091731, 1.5184667110443115], "camera_uuid": "82b91818426544f3b6c43aa394ec0dd3", "camera_location": [0.187142, 2.810302, 1.478821], "nonfixated_points_in_view": [86, 10, 35, 38, 94], "point_location": [-0.005057885777205229, 4.5240864753723145, 1.0765630006790161], "bounding_box_ranges": {"y": [-0.7416991153876238, 2.345535791697932], "x": [2.810302, 6.878217455537983], "z": [-0.009042086998359622, 2.4453072699923597]}, "view_id": 2, "vanishing_points_gaussian_sphere": {"y": [0.9940018169115203, -0.013419398530386581, 0.10853712599695646], "x": [-0.10874048080168607, -0.22706150520990015, 0.9677905665415595], "z": [-0.01165743589365572, 0.973787960797882, 0.22715878057756905]}, "camera_rotation_from_original_to_final": [-0.02380693517625332, -0.23989249765872955, -1.4050995111465454], "point_normal": [0.9999657273292542, 0.006691290531307459, 0.00488837668672204], "skybox_img_path": "./img/high/82b91818426544f3b6c43aa394ec0dd3_skybox1.jpg", "room": "0_2", "camera_distance": 1.7708217249985356, "obliqueness_angle": 1.4674444198608398, "camera_rotation_final": [1.3416212797164917, 0.011657699942588806, 0.10896336287260056], "skybox_img": 1, "resolution": 512}