{"model_rotation_degrees": 0.0, "vanishing_points_image": {"y": [380.866627626241, 243.7571330535844], "x": [384.0241140796096, 305.60145496133913], "z": [254.150976069741, 75.22702420391977]}, "point_uuid": "76", "field_of_view_rads": 1.3089969389957472, "point_pitch": -0.2012776573512216, "camera_rotation_original": [1.5872206687927246, -0.0005325089441612363, -1.320854663848877], "camera_uuid": "79c2e897db51429e80749b3cde7e79d4", "camera_location": [6.713179, 1.533762, 1.484844], "nonfixated_points_in_view": [50], "point_location": [7.533676624298096, 1.149141788482666, 1.3121997117996216], "bounding_box_ranges": {"y": [6.713179, 7.550226043508141], "x": [-0.18142326349427607, 1.796056575589327], "z": [0.10917761202457266, 2.1539550928086224]}, "view_id": 1, "vanishing_points_gaussian_sphere": {"y": [0.9045939670920107, 0.08869322244200932, -0.41694516065496035], "x": [0.42615585055972555, -0.1651091310415562, 0.8894549824923234], "z": [-0.010047175446622557, 0.9822792307381617, 0.1871538595006534]}, "camera_rotation_from_original_to_final": [-0.04086918756365776, 0.20090818405151367, -0.6933472752571106], "point_normal": [-0.9999690055847168, -0.007791904266923666, -0.0011926405131816864], "skybox_img_path": "./img/high/79c2e897db51429e80749b3cde7e79d4_skybox4.jpg", "room": "0_5", "camera_distance": 0.9224721663561131, "obliqueness_angle": 0.4822463095188141, "camera_rotation_final": [1.382522702217102, 0.010047344490885735, -2.011059284210205], "skybox_img": 4, "resolution": 512}