{"model_rotation_degrees": 0.0, "vanishing_points_image": {"y": [419.34009055119844, 256.8600521072815], "x": [269.30358246656346, 288.0734093759852], "z": [257.60804250005054, 81.56542024016127]}, "point_uuid": "104", "field_of_view_rads": 1.3089969389957472, "point_pitch": -0.1008358438822885, "camera_rotation_original": [1.577962040901184, 0.007169065065681934, 1.18436598777771], "camera_uuid": "57ed0722da4246b593ad7c4c816002a1", "camera_location": [0.693011, 5.590496, 1.490906], "nonfixated_points_in_view": [5, 20, 25, 30, 44, 46, 49, 52, 60, 65, 66, 67, 68, 70, 77, 79, 80, 87, 92, 95, 98, 99, 100], "point_location": [0.4250602126121521, -0.9414658546447754, 0.857938289642334], "bounding_box_ranges": {"y": [-0.7416906067094617, 3.379960746145392], "x": [-0.9794076295259933, 5.590496], "z": [-0.017424647151328188, 2.4453088476474036]}, "view_id": 2, "vanishing_points_gaussian_sphere": {"y": [0.999153755443303, -0.005260951490643963, -0.040793325102980456], "x": [0.04009472321201134, -0.09666377268136286, 0.9945091896114174], "z": [0.009175301308216742, 0.9953031887020252, 0.09637103509605228]}, "camera_rotation_from_original_to_final": [-0.024032507091760635, -0.10219142585992813, 1.918244481086731], "point_normal": [0.531001091003418, 0.8473368883132935, 0.007627560757100582], "skybox_img_path": "./img/high/57ed0722da4246b593ad7c4c816002a1_skybox3.jpg", "room": "0_2", "camera_distance": 6.568026532245346, "obliqueness_angle": 0.5254823565483093, "camera_rotation_final": [1.4742714166641235, -0.009175430051982403, 3.10148549079895], "skybox_img": 3, "resolution": 512}