{"model_rotation_degrees": 0.0, "vanishing_points_image": {"y": [375.83468942226074, 232.80992234313834], "x": [390.4739543815956, 348.13103084363706], "z": [257.4885836493397, 65.90335870120525]}, "point_uuid": "39", "field_of_view_rads": 1.3089969389957472, "point_pitch": -0.3751440485331674, "camera_rotation_original": [1.5743488073349, -0.006772358436137438, -1.2924582958221436], "camera_uuid": "b2b91e26cb9a4190a097925afea72a8a", "camera_location": [1.962995, 0.554659, 1.477478], "nonfixated_points_in_view": [72, 73, 74, 11, 75, 13, 14, 16, 48, 18, 83, 84, 53, 85, 56, 89, 31], "point_location": [3.7579293251037598, 3.8353970050811768, -0.005264381878077984], "bounding_box_ranges": {"y": [0.9098071151115625, 4.780706046724353], "x": [0.554659, 6.892587775983904], "z": [-0.013167008602594121, 2.4452952945982287]}, "view_id": 0, "vanishing_points_gaussian_sphere": {"y": [0.878641581246864, 0.1700322886461077, -0.4461815690072567], "x": [0.4774264192368744, -0.327095223447223, 0.8155199133146093], "z": [0.007279142715102854, 0.9295685749936785, 0.3685773710709262]}, "camera_rotation_from_original_to_final": [-0.11064472794532776, 0.36536723375320435, 0.7715494632720947], "point_normal": [-0.012306754477322102, -0.05144136771559715, 0.9986002445220947], "skybox_img_path": "./img/high/b2b91e26cb9a4190a097925afea72a8a_skybox3.jpg", "room": "0_2", "camera_distance": 4.022878959922879, "obliqueness_angle": 1.1422995328903198, "camera_rotation_final": [1.193307638168335, -0.007279206998646259, -0.4977378249168396], "skybox_img": 3, "resolution": 512}