{"model_rotation_degrees": 0.0, "vanishing_points_image": {"y": [429.8378003686179, 250.24526149857212], "x": [225.89199246177444, 155.0491351913506], "z": [255.65523682497542, 119.93328676933508]}, "point_uuid": "54", "field_of_view_rads": 1.3089969389957472, "point_pitch": 0.33232767979172273, "camera_rotation_original": [1.5762215852737427, -0.0002412118628853932, -1.888368844985962], "camera_uuid": "029e8bd017804e6aba4c5206f049bf52", "camera_location": [2.031441, 2.853197, 1.471538], "nonfixated_points_in_view": [0, 33, 100, 46, 52, 26, 63], "point_location": [-0.7286279797554016, 2.590883255004883, 2.4133124351501465], "bounding_box_ranges": {"y": [-0.7416984875644959, 2.031441], "x": [0.17229840947670638, 4.256365338637254], "z": [0.4717186332280201, 2.4449420574369056]}, "view_id": 1, "vanishing_points_gaussian_sphere": {"y": [0.9954338814505014, 0.032952911685847186, 0.08958511746832883], "x": [-0.09542343422091282, 0.31995070399069475, 0.9426165260684464], "z": [-0.002399137736072691, 0.9468609468276129, -0.32163425114691957]}, "camera_rotation_from_original_to_final": [-0.10120560228824615, -0.30625221133232117, -2.7131690979003906], "point_normal": [0.9274620413780212, 0.0078078461810946465, -0.37383586168289185], "skybox_img_path": "./img/high/029e8bd017804e6aba4c5206f049bf52_skybox2.jpg", "room": "0_2", "camera_distance": 2.928092929497542, "obliqueness_angle": 0.09823442250490189, "camera_rotation_final": [1.898252248764038, 0.0023991400375962257, -4.616819858551025], "skybox_img": 2, "resolution": 512}