{"model_rotation_degrees": 0.0, "vanishing_points_image": {"y": [412.53102298092404, 252.65551973092386], "x": [293.8800893979833, 336.520872530067], "z": [257.6808680387993, 71.33116265646778]}, "point_uuid": "30", "field_of_view_rads": 1.3089969389957472, "point_pitch": -0.259304209551539, "camera_rotation_original": [1.577962040901184, 0.007169065065681934, 1.18436598777771], "camera_uuid": "57ed0722da4246b593ad7c4c816002a1", "camera_location": [0.693011, 5.590496, 1.490906], "nonfixated_points_in_view": [5, 20, 25, 44, 46, 49, 52, 60, 65, 66, 67, 68, 70, 77, 79, 80, 87, 92, 95, 98, 99, 100, 104], "point_location": [0.0009009966161102057, -0.12246140092611313, -0.0047828727401793], "bounding_box_ranges": {"y": [-0.7416788631783764, 3.381390680214606], "x": [-0.9788971709033314, 5.590496], "z": [-0.016448914064208564, 2.4453032346781143]}, "view_id": 2, "vanishing_points_gaussian_sphere": {"y": [0.992975799022687, 0.021216164720946246, -0.11639990081520782], "x": [0.11798925246767304, -0.2508071577669826, 0.9608196011296646], "z": [0.008809021363140124, 0.9678045484328857, 0.25154871729993405]}, "camera_rotation_from_original_to_final": [-0.08555857837200165, -0.24787765741348267, 1.8494067192077637], "point_normal": [0.4630836844444275, -0.27109798789024353, 0.8438361883163452], "skybox_img_path": "./img/high/57ed0722da4246b593ad7c4c816002a1_skybox3.jpg", "room": "0_2", "camera_distance": 5.945921612288941, "obliqueness_angle": 1.56510329246521, "camera_rotation_final": [1.3165061473846436, -0.008809135295450687, 3.0233232975006104], "skybox_img": 3, "resolution": 512}