{"model_rotation_degrees": 0.0, "vanishing_points_image": {"y": [350.33753043100563, 253.1236382722875], "x": [432.0908233584043, 266.2809621223324], "z": [257.3900754068121, 85.60131275337702]}, "point_uuid": "87", "field_of_view_rads": 1.3089969389957472, "point_pitch": -0.04283837874862151, "camera_rotation_original": [1.5785316228866577, 0.0028458000160753727, 1.9192692041397095], "camera_uuid": "4c0d1c450c3c414c8e903e49190ad5f3", "camera_location": [0.164657, 1.413222, 1.481392], "nonfixated_points_in_view": [32, 34, 99, 68, 5, 15], "point_location": [2.8112218379974365, -0.9091724157333374, 1.3261260986328125], "bounding_box_ranges": {"y": [0.164657, 3.384534436361804], "x": [-0.9793557464579312, 1.413222], "z": [-0.013835272196099924, 2.445311817030761]}, "view_id": 4, "vanishing_points_gaussian_sphere": {"y": [0.7518521181857982, 0.022924054167719112, -0.6589331378220739], "x": [0.6592814092172966, -0.03849176843432313, 0.7509103856141918], "z": [0.008149591399826609, 0.9989959316750564, 0.044053520366730575]}, "camera_rotation_from_original_to_final": [0.028043609112501144, -0.044929396361112595, 2.072460412979126], "point_normal": [0.32426273822784424, 0.9422584772109985, 0.08368226140737534], "skybox_img_path": "./img/high/4c0d1c450c3c414c8e903e49190ad5f3_skybox3.jpg", "room": "0_2", "camera_distance": 3.524475764080397, "obliqueness_angle": 1.1798324584960938, "camera_rotation_final": [1.5267270803451538, -0.008149681612849236, 3.992497205734253], "skybox_img": 3, "resolution": 512}