{"model_rotation_degrees": 0.0, "vanishing_points_image": {"y": [447.1393296364689, 251.6292950785623], "x": [132.05819202360644, 243.1981911402903], "z": [255.61903062792229, 93.16020820616069]}, "point_uuid": "46", "field_of_view_rads": 1.3089969389957472, "point_pitch": 0.038575367131505445, "camera_rotation_original": [1.5759177207946777, 0.006587443873286247, -0.21082322299480438], "camera_uuid": "1eea2dc63a804bb98c4433aaf5355d4d", "camera_location": [0.081101, -0.078128, 1.481538], "nonfixated_points_in_view": [0, 33, 97, 35, 100, 38, 10, 79, 19, 54, 86, 26, 93, 94, 63], "point_location": [-0.7327671051025391, 1.7683550119400024, 1.5756101608276367], "bounding_box_ranges": {"y": [-0.7403375151655903, 1.8035296157732368], "x": [-0.078128, 6.879292321619896], "z": [-0.010365333367041707, 2.4450791918215478]}, "view_id": 4, "vanishing_points_gaussian_sphere": {"y": [0.9150097361727927, 0.02092315362128798, 0.4028888238106592], "x": [-0.4034249883006558, 0.04166930976542857, 0.9140634263760303], "z": [-0.0023369902892710136, 0.9989123536458105, -0.046568747139848085]}, "camera_rotation_from_original_to_final": [0.03965992107987404, -0.012825665064156055, 0.6256418824195862], "point_normal": [0.9998667240142822, 0.01563180610537529, 0.004726110491901636], "skybox_img_path": "./img/high/1eea2dc63a804bb98c4433aaf5355d4d_skybox4.jpg", "room": "0_2", "camera_distance": 2.020081745496247, "obliqueness_angle": 1.1719815731048584, "camera_rotation_final": [1.6173820495605469, 0.0023369924165308475, 0.4152580797672272], "skybox_img": 4, "resolution": 512}