{"model_rotation_degrees": 0.0, "vanishing_points_image": {"y": [447.9481509546173, 240.23396294959448], "x": [106.57477851405524, 218.91374990513518], "z": [256.9465150949965, 102.21520920089887]}, "point_uuid": "15", "field_of_view_rads": 1.3089969389957472, "point_pitch": 0.15721996227768464, "camera_rotation_original": [1.5827999114990234, -0.0022284637670964003, 1.2485463619232178], "camera_uuid": "de06f753bd6d4114a5c6e6a781ee950a", "camera_location": [0.724806, 4.289951, 1.483605], "nonfixated_points_in_view": [32, 34, 66, 67, 37, 5, 68, 99, 104, 77, 47, 49, 87, 91, 60, 29], "point_location": [3.363327980041504, -0.07421228289604187, 2.2368175983428955], "bounding_box_ranges": {"y": [0.0935068843747916, 3.559428981523317], "x": [-0.9807152441444948, 4.289951], "z": [-0.0193355380267064, 2.4452549784536957]}, "view_id": 1, "vanishing_points_gaussian_sphere": {"y": [0.8562048966607182, 0.07032606491053461, 0.5118275290841712], "x": [-0.5166005259776694, 0.12821648256582083, 0.8465721647668579], "z": [0.006088636448681917, 0.9892496035847818, -0.14611006232819135]}, "camera_rotation_from_original_to_final": [0.046578407287597656, 0.1264236718416214, 2.4394428730010986], "point_normal": [-0.999674916267395, 0.00196625292301178, -0.025422783568501472], "skybox_img_path": "./img/high/de06f753bd6d4114a5c6e6a781ee950a_skybox2.jpg", "room": "0_2", "camera_distance": 5.1550988733039285, "obliqueness_angle": 1.0274066925048828, "camera_rotation_final": [1.717434048652649, -0.006088674068450928, 3.6844797134399414], "skybox_img": 2, "resolution": 512}