{"model_rotation_degrees": 0.0, "vanishing_points_image": {"y": [347.7272396977901, 280.2947613193139], "x": [431.2995192684263, 202.32095038699836], "z": [255.72317199220225, 116.03940720379423]}, "point_uuid": "8", "field_of_view_rads": 1.3089969389957472, "point_pitch": 0.30001218716171785, "camera_rotation_original": [1.5761680603027344, 0.00989445485174656, -0.4241592288017273], "camera_uuid": "4941e1733c7d43ffb521d1025e32e0eb", "camera_location": [1.857551, 5.637887, 1.476438], "nonfixated_points_in_view": [64, 101, 40, 75, 16, 48, 50, 81, 24, 90], "point_location": [4.191406726837158, 3.4509470462799072, 2.427091360092163], "bounding_box_ranges": {"y": [1.857551, 5.92333397740084], "x": [2.49143146545645, 5.687520597352318], "z": [0.28571798372623514, 2.4396295302236504]}, "view_id": 1, "vanishing_points_gaussian_sphere": {"y": [0.7300846530514622, -0.1933693028070779, -0.6554271218912373], "x": [0.6833540845474229, 0.20925213007287052, 0.6994574620320525], "z": [-0.0018959195869261574, 0.9585519593594659, -0.2849114716838352]}, "camera_rotation_from_original_to_final": [0.2565404772758484, -0.12237062305212021, -1.9164711236953735], "point_normal": [-0.007653122767806053, 0.007843519560992718, -0.9999399781227112], "skybox_img_path": "./img/high/4941e1733c7d43ffb521d1025e32e0eb_skybox1.jpg", "room": "0_2", "camera_distance": 3.336664536021642, "obliqueness_angle": 1.2709347009658813, "camera_rotation_final": [1.859710931777954, 0.001895920722745359, -2.3231449127197266], "skybox_img": 1, "resolution": 512}