{"model_rotation_degrees": 0.0, "vanishing_points_image": {"y": [358.77086511561356, 227.91809761529385], "x": [416.75141837746764, 334.98240853637293], "z": [258.5793573480616, 65.87769468579806]}, "point_uuid": "39", "field_of_view_rads": 1.3089969389957472, "point_pitch": -0.3681034286830087, "camera_rotation_original": [1.5872206687927246, -0.0005325089441612363, -1.320854663848877], "camera_uuid": "79c2e897db51429e80749b3cde7e79d4", "camera_location": [6.713179, 1.533762, 1.484844], "nonfixated_points_in_view": [96, 71, 72, 103, 74, 43, 11, 14, 48, 83, 84, 55, 61, 62], "point_location": [3.7579293251037598, 3.8353970050811768, -0.005264381878077984], "bounding_box_ranges": {"y": [3.47645037151449, 6.713179], "x": [1.256890450713512, 2.7445753416969225], "z": [-0.009799101309192482, 2.3629280548223974]}, "view_id": 1, "vanishing_points_gaussian_sphere": {"y": [0.7919585332108474, 0.21640084665379836, -0.5709398875906663], "x": [0.6104447557570547, -0.29993139453908685, 0.7330745928884377], "z": [0.012604834121611567, 0.9290919395503106, 0.36963398926425695]}, "camera_rotation_from_original_to_final": [-0.11534514278173447, 0.37888920307159424, 2.210197925567627], "point_normal": [-0.012306754477322102, -0.05144136771559715, 0.9986002445220947], "skybox_img_path": "./img/high/79c2e897db51429e80749b3cde7e79d4_skybox3.jpg", "room": "0_5", "camera_distance": 4.031308521171264, "obliqueness_angle": 1.170746088027954, "camera_rotation_final": [1.1921496391296387, -0.012605167925357819, 0.9141131043434143], "skybox_img": 3, "resolution": 512}