{"model_rotation_degrees": 0.0, "vanishing_points_image": {"y": [420.8985662074555, 252.65972815934782], "x": [263.7432467141954, 271.84442872747843], "z": [252.72553149294944, 85.31303795908893]}, "point_uuid": "27", "field_of_view_rads": 1.3089969389957472, "point_pitch": -0.045910759768213794, "camera_rotation_original": [1.5862772464752197, -0.011492825113236904, -0.8451048135757446], "camera_uuid": "afeb188da5b044978973594d81adbdf2", "camera_location": [5.363377, 5.823519, 1.464672], "nonfixated_points_in_view": [69, 78, 23, 57, 59, 28], "point_location": [5.213468074798584, -0.8895421624183655, 1.1419445276260376], "bounding_box_ranges": {"y": [4.777134793162827, 5.9159013095705095], "x": [3.917483901462159, 5.823519], "z": [-0.005104257222076969, 2.446799020311044]}, "view_id": 1, "vanishing_points_gaussian_sphere": {"y": [0.9995462811977711, 0.020247333699148724, -0.02229971349102182], "x": [0.023241922324087515, -0.04755821367263018, 0.9985980319222293], "z": [-0.01915841304459809, 0.9986632374280852, 0.048007222573991995]}, "camera_rotation_from_original_to_final": [-0.019253283739089966, 0.06784751266241074, -2.320146083831787], "point_normal": [0.04163612797856331, 0.9976025819778442, -0.055278927087783813], "skybox_img_path": "./img/high/afeb188da5b044978973594d81adbdf2_skybox1.jpg", "room": "0_7", "camera_distance": 6.722486064774931, "obliqueness_angle": 0.10513386875391006, "camera_rotation_final": [1.5227618217468262, 0.019159585237503052, -3.1648409366607666], "skybox_img": 1, "resolution": 512}