{"model_rotation_degrees": 0.0, "vanishing_points_image": {"y": [428.51427046691475, 254.2497525841414], "x": [233.25878967538145, 166.34459447009993], "z": [257.49715440883176, 115.554825781149]}, "point_uuid": "66", "field_of_view_rads": 1.3089969389957472, "point_pitch": 0.2906765500691275, "camera_rotation_original": [1.5827999114990234, -0.0022284637670964003, 1.2485463619232178], "camera_uuid": "de06f753bd6d4114a5c6e6a781ee950a", "camera_location": [0.724806, 4.289951, 1.483605], "nonfixated_points_in_view": [5, 15, 20, 25, 26, 30, 32, 34, 44, 46, 47, 49, 52, 60, 65, 67, 68, 77, 87, 92, 95, 98, 99, 100, 104], "point_location": [0.9620901942253113, 1.094639778137207, 2.4188599586486816], "bounding_box_ranges": {"y": [-0.7416510135230455, 3.3842802125850526], "x": [-0.9786458110331608, 4.289951], "z": [-0.01389913021857847, 2.444453319549582]}, "view_id": 3, "vanishing_points_gaussian_sphere": {"y": [0.9974185562925008, 0.010119332423662732, 0.0710902431750164], "x": [-0.07107404845584366, 0.28020375987034535, 0.9573057675531984], "z": [0.01023245813477633, 0.9598872079915542, -0.2801996515606306]}, "camera_rotation_from_original_to_final": [0.09600163251161575, 0.2550230622291565, 1.978206753730774], "point_normal": [0.0004684966115746647, -0.0036102260928601027, -0.9999933838844299], "skybox_img_path": "./img/high/de06f753bd6d4114a5c6e6a781ee950a_skybox3.jpg", "room": "0_2", "camera_distance": 3.3378163547634685, "obliqueness_angle": 1.2904292345046997, "camera_rotation_final": [1.8548136949539185, -0.010232636705040932, 3.2127304077148438], "skybox_img": 3, "resolution": 512}