{"model_rotation_degrees": 0.0, "vanishing_points_image": {"y": [347.9244336235531, 271.38811082482306], "x": [433.59366829405934, 226.2238618858787], "z": [258.0766212542172, 104.21521234482177]}, "point_uuid": "74", "field_of_view_rads": 1.3089969389957472, "point_pitch": 0.17715008656052156, "camera_rotation_original": [1.5872206687927246, -0.0005325089441612363, -1.320854663848877], "camera_uuid": "79c2e897db51429e80749b3cde7e79d4", "camera_location": [6.713179, 1.533762, 1.484844], "nonfixated_points_in_view": [96, 39, 8, 71, 72, 43, 11, 103, 14, 48, 83, 84, 21, 55, 61, 62], "point_location": [2.624454975128174, 5.289552211761475, 2.424999952316284], "bounding_box_ranges": {"y": [3.4961449287382385, 6.713179], "x": [1.533762, 2.728378688320639], "z": [0.08342528282984296, 2.4416311274186895]}, "view_id": 2, "vanishing_points_gaussian_sphere": {"y": [0.7348404966833215, -0.12301198447235957, -0.666991376338841], "x": [0.6781058302034663, 0.11369421584724772, 0.7261171450440675], "z": [0.013488049461553917, 0.9858710245052602, -0.16696225789881755]}, "camera_rotation_from_original_to_final": [0.02501104772090912, -0.14982996881008148, 2.1455702781677246], "point_normal": [0.009722517803311348, -0.0022673839703202248, -0.9999501705169678], "skybox_img_path": "./img/high/79c2e897db51429e80749b3cde7e79d4_skybox3.jpg", "room": "0_5", "camera_distance": 5.630942892830644, "obliqueness_angle": 1.39435613155365, "camera_rotation_final": [1.738559603691101, -0.013488458469510078, 0.8255300521850586], "skybox_img": 3, "resolution": 512}