{"model_rotation_degrees": 0.0, "vanishing_points_image": {"y": [377.1019043447125, 251.54864879672814], "x": [392.16326716795726, 282.94609431279525], "z": [258.065889209276, 81.67232762070043]}, "point_uuid": "84", "field_of_view_rads": 1.3089969389957472, "point_pitch": -0.09482626517745452, "camera_rotation_original": [1.5825356245040894, -0.0012060842709615827, -0.39747294783592224], "camera_uuid": "f9db34b350e54e138bcc5d0815a85293", "camera_location": [5.237017, 3.272563, 1.485191], "nonfixated_points_in_view": [0, 33, 97, 38, 74, 43, 48, 17, 18, 19, 93, 54, 86, 89, 61, 63], "point_location": [2.7368404865264893, 4.552290439605713, 1.2171409130096436], "bounding_box_ranges": {"y": [-0.741695315030233, 5.237017], "x": [2.114340848421895, 6.874124204628181], "z": [-0.01362926372787654, 2.4452912747207125]}, "view_id": 3, "vanishing_points_gaussian_sphere": {"y": [0.8906166661644346, 0.03273645934832169, -0.45357499730417666], "x": [0.4546018083142493, -0.08996364038836545, 0.8861397966943407], "z": [0.011796178515212436, 0.995406885468153, 0.09500517109625507]}, "camera_rotation_from_original_to_final": [-0.10270030796527863, 0.03153045102953911, 1.4939924478530884], "point_normal": [0.301931232213974, -0.1624569296836853, 0.9393856525421143], "skybox_img_path": "./img/high/f9db34b350e54e138bcc5d0815a85293_skybox3.jpg", "room": "0_2", "camera_distance": 2.8214245991750024, "obliqueness_angle": 1.1257649660110474, "camera_rotation_final": [1.4756410121917725, -0.011796452105045319, 1.0988357067108154], "skybox_img": 3, "resolution": 512}