{"model_rotation_degrees": 0.0, "vanishing_points_image": {"y": [413.0618699661912, 263.1470595694009], "x": [292.6143500218346, 142.36541368270045], "z": [256.2251924516085, 125.18679393429917]}, "point_uuid": "21", "field_of_view_rads": 1.3089969389957472, "point_pitch": 0.38731785217789216, "camera_rotation_original": [1.5717558860778809, 0.008724818006157875, 1.7450741529464722], "camera_uuid": "fe33a7c2947347d5a33b56488f8bfdae", "camera_location": [4.698266, 1.058042, 1.474498], "nonfixated_points_in_view": [45, 12, 28, 78], "point_location": [4.873448371887207, 2.537377119064331, 2.0672247409820557], "bounding_box_ranges": {"y": [3.6261944371663333, 6.356468406408164], "x": [1.058042, 2.7088172566846627], "z": [0.9751401922141724, 2.4413778209222277]}, "view_id": 1, "vanishing_points_gaussian_sphere": {"y": [0.99298497199331, -0.04518552305460099, -0.10926625234594417], "x": [0.11822980568718314, 0.36693250191867266, 0.9227037726610173], "z": [0.0015995132435673717, 0.9291495076369494, -0.3697007357517676]}, "camera_rotation_from_original_to_final": [-0.05844973772764206, 0.37353163957595825, -1.8759914636611938], "point_normal": [0.39374399185180664, -0.8974977135658264, 0.19865426421165466], "skybox_img_path": "./img/high/fe33a7c2947347d5a33b56488f8bfdae_skybox1.jpg", "room": "0_5", "camera_distance": 1.6032610568048304, "obliqueness_angle": 0.778939425945282, "camera_rotation_final": [1.9494837522506714, -0.0015995139256119728, -0.11850714683532715], "skybox_img": 1, "resolution": 512}