{"model_rotation_degrees": 0.0, "vanishing_points_image": {"y": [445.3917839654601, 290.92260225144054], "x": [105.36108242337899, 321.436457870751], "z": [257.20235787532914, 69.77847637538758]}, "point_uuid": "97", "field_of_view_rads": 1.3089969389957472, "point_pitch": -0.27217034896346526, "camera_rotation_original": [1.5771442651748657, -0.011866987682878971, -1.0165622234344482], "camera_uuid": "22149045c4a4476eb44710bdb469a325", "camera_location": [2.693772, -0.285035, 1.48261], "nonfixated_points_in_view": [0, 10, 13, 17, 18, 19, 26, 33, 38, 46, 48, 52, 54, 63, 74, 79, 80, 83, 84, 85, 86, 89, 93, 100], "point_location": [0.025510288774967194, 3.923286199569702, 0.027542835101485252], "bounding_box_ranges": {"y": [-0.7416991156950146, 3.2721529089133226], "x": [-0.285035, 6.880139830685275], "z": [-0.014404489950061494, 2.445306406161615]}, "view_id": 1, "vanishing_points_gaussian_sphere": {"y": [0.8435608751234834, -0.15554709026969774, 0.5140137670038941], "x": [-0.5369978019496556, -0.2332679669321927, 0.8106907032306216], "z": [0.006197633592062078, 0.9598912221246488, 0.28030417589808865]}, "camera_rotation_from_original_to_final": [-0.15155616402626038, 0.2488010674715042, 1.5618191957473755], "point_normal": [0.5118518471717834, -0.7090684175491333, 0.4850049316883087], "skybox_img_path": "./img/high/22149045c4a4476eb44710bdb469a325_skybox3.jpg", "room": "0_2", "camera_distance": 5.191031483368997, "obliqueness_angle": 0.22904832661151886, "camera_rotation_final": [1.286679744720459, -0.0061976732686161995, 0.5668864250183105], "skybox_img": 3, "resolution": 512}