{"model_rotation_degrees": 0.0, "vanishing_points_image": {"y": [354.9483387639877, 263.4162097012689], "x": [426.8948004140856, 235.12257788717992], "z": [255.56876054531492, 97.59168867810769]}, "point_uuid": "101", "field_of_view_rads": 1.3089969389957472, "point_pitch": 0.10739095608261628, "camera_rotation_original": [1.5761680603027344, 0.00989445485174656, -0.4241592288017273], "camera_uuid": "4941e1733c7d43ffb521d1025e32e0eb", "camera_location": [1.857551, 5.637887, 1.476438], "nonfixated_points_in_view": [64, 8, 40, 75, 16, 48, 50, 81, 24, 90], "point_location": [7.536747455596924, 1.056921124458313, 2.1824684143066406], "bounding_box_ranges": {"y": [1.857551, 5.922745142399944], "x": [2.5039002995309336, 5.657002265509855], "z": [-0.013250485515122312, 2.4409518851519176]}, "view_id": 0, "vanishing_points_gaussian_sphere": {"y": [0.7785098678137525, -0.05834956408904576, -0.6249141653757194], "x": [0.6276265158880943, 0.07667420933606317, 0.7747296445708408], "z": [-0.0027096624855191907, 0.9953473735301198, -0.09631336218773938]}, "camera_rotation_from_original_to_final": [0.08012740314006805, -0.043962009251117706, -1.8274776935577393], "point_normal": [-0.9986716508865356, -0.025304408743977547, -0.04488521069288254], "skybox_img_path": "./img/high/4941e1733c7d43ffb521d1025e32e0eb_skybox1.jpg", "room": "0_2", "camera_distance": 7.33055253479525, "obliqueness_angle": 0.704075276851654, "camera_rotation_final": [1.6672595739364624, 0.0027096658013761044, -2.249300003051758], "skybox_img": 1, "resolution": 512}