{"model_rotation_degrees": 0.0, "vanishing_points_image": {"y": [436.37265725056074, 252.37861318834223], "x": [196.92241510086885, 205.40241789720974], "z": [257.41566137510733, 103.25998036119707]}, "point_uuid": "26", "field_of_view_rads": 1.3089969389957472, "point_pitch": 0.1651762286808829, "camera_rotation_original": [1.5825356245040894, -0.0012060842709615827, -0.39747294783592224], "camera_uuid": "f9db34b350e54e138bcc5d0815a85293", "camera_location": [5.237017, 3.272563, 1.485191], "nonfixated_points_in_view": [0, 33, 97, 46, 79, 17, 18, 19, 93, 54, 89, 29, 63], "point_location": [-0.6686898469924927, 2.1689658164978027, 2.440702438354492], "bounding_box_ranges": {"y": [-0.7416947374874123, 5.237017], "x": [1.5208392995287432, 4.850059876227902], "z": [-0.015011864529303143, 2.4440995602614537]}, "view_id": 6, "vanishing_points_gaussian_sphere": {"y": [0.9832094253144906, 0.01974014077413868, 0.18140990274780028], "x": [-0.18225105897652297, 0.1560907226595294, 0.9707833114560437], "z": [0.009153003588172273, 0.9875454486462094, -0.15706753128343184]}, "camera_rotation_from_original_to_final": [0.13168920576572418, -0.06368986517190933, 2.148108959197998], "point_normal": [-0.004829675890505314, 0.012352968566119671, -0.9999121427536011], "skybox_img_path": "./img/high/f9db34b350e54e138bcc5d0815a85293_skybox3.jpg", "room": "0_2", "camera_distance": 6.0834448806342465, "obliqueness_angle": 1.4155676364898682, "camera_rotation_final": [1.7285236120224, -0.009153131395578384, 1.7540794610977173], "skybox_img": 3, "resolution": 512}