{"model_rotation_degrees": 0.0, "vanishing_points_image": {"y": [398.6369371489131, 258.1562997116108], "x": [339.36649682989975, 230.0556252672363], "z": [254.90345784485643, 96.27454110201194]}, "point_uuid": "51", "field_of_view_rads": 1.3089969389957472, "point_pitch": 0.0770281116154532, "camera_rotation_original": [1.5759177207946777, 0.006587443873286247, -0.21082322299480438], "camera_uuid": "1eea2dc63a804bb98c4433aaf5355d4d", "camera_location": [0.081101, -0.078128, 1.481538], "nonfixated_points_in_view": [0, 8, 9, 10, 11, 13, 14, 16, 17, 18, 19, 26, 31, 33, 35, 38, 39, 48, 53, 54, 56, 63, 72, 73, 75, 79, 83, 84, 86, 89, 93, 94, 97], "point_location": [1.3798011541366577, 4.748743534088135, 1.8913425207138062], "bounding_box_ranges": {"y": [-0.7416991820835103, 4.79021245820104], "x": [-0.078128, 6.89038861877899], "z": [-0.014978031375399325, 2.445307405519475]}, "view_id": 3, "vanishing_points_gaussian_sphere": {"y": [0.9657810224453892, -0.014600098556547371, -0.2589475889180624], "x": [0.25926859244928646, 0.08068662801875065, 0.9624289402487488], "z": [-0.006842050402078895, 0.9966325828413914, -0.08171096110799668]}, "camera_rotation_from_original_to_final": [0.07504673302173615, -0.015763603150844574, -0.052554864436388016], "point_normal": [-0.9962276816368103, 0.08667344599962234, -0.00426408601924777], "skybox_img_path": "./img/high/1eea2dc63a804bb98c4433aaf5355d4d_skybox4.jpg", "room": "0_2", "camera_distance": 5.015301444410896, "obliqueness_angle": 1.3949899673461914, "camera_rotation_final": [1.6526004076004028, 0.006842103786766529, -0.26227110624313354], "skybox_img": 4, "resolution": 512}