{"model_rotation_degrees": 0.0, "vanishing_points_image": {"y": [440.69371943724843, 259.65568458696765], "x": [174.2901382584966, 268.4818453268142], "z": [257.4908186154434, 85.74623768166389]}, "point_uuid": "40", "field_of_view_rads": 1.3089969389957472, "point_pitch": -0.040004297098841235, "camera_rotation_original": [1.579675316810608, 0.0016688042087480426, -0.18222443759441376], "camera_uuid": "421bc59cb37942a2a1b69459e69c6733", "camera_location": [4.087351, 5.595419, 1.470996], "nonfixated_points_in_view": [65, 38, 41, 10, 43, 44, 48, 20, 84, 86], "point_location": [2.0231661796569824, 5.056236743927002, 1.3807868957519531], "bounding_box_ranges": {"y": [-0.7345407598997182, 4.087351], "x": [-0.6288820040926968, 6.691908184509139], "z": [-0.010407318306860258, 2.445269123798096]}, "view_id": 0, "vanishing_points_gaussian_sphere": {"y": [0.9674065984271197, -0.01914809773703429, 0.25250311616438026], "x": [-0.2530769460188296, -0.038659559919253184, 0.9666734183893918], "z": [0.008748297745958106, 0.9990689609731165, 0.04224545545553284]}, "camera_rotation_from_original_to_final": [-0.05217914283275604, -0.0009795764926820993, 2.008734703063965], "point_normal": [-0.03456440567970276, 0.9993947744369507, 0.00392730301246047], "skybox_img_path": "./img/high/421bc59cb37942a2a1b69459e69c6733_skybox3.jpg", "room": "0_2", "camera_distance": 2.135348600324284, "obliqueness_angle": 1.349900484085083, "camera_rotation_final": [1.5285366773605347, -0.00874840933829546, 1.8266657590866089], "skybox_img": 3, "resolution": 512}