{"model_rotation_degrees": 0.0, "vanishing_points_image": {"y": [448.27594109607156, 265.1980647960574], "x": [114.88836310731507, 274.1443346333942], "z": [257.4088791684015, 83.2828346054149]}, "point_uuid": "40", "field_of_view_rads": 1.3089969389957472, "point_pitch": -0.07122830947371916, "camera_rotation_original": [1.5784746408462524, 0.0036877563688904047, -0.2543734312057495], "camera_uuid": "cd8bc18ce92741768974d88f6ccbaad1", "camera_location": [3.10099, 5.636439, 1.471228], "nonfixated_points_in_view": [41], "point_location": [2.0231661796569824, 5.056236743927002, 1.3807868957519531], "bounding_box_ranges": {"y": [-0.056569212588548634, 3.10099], "x": [-0.937866705563053, 6.20478313822482], "z": [-0.005618603405923128, 2.4439238814384323]}, "view_id": 1, "vanishing_points_gaussian_sphere": {"y": [0.8802130434505624, -0.04210748657289277, 0.4727070527440987], "x": [-0.47450903550882645, -0.061013045532090956, 0.8781335795284123], "z": [0.008134700976782665, 0.9972483982686624, 0.07368486133939373]}, "camera_rotation_from_original_to_final": [-0.08178874850273132, 0.009038376621901989, 2.319042921066284], "point_normal": [-0.03456440567970276, 0.9993947744369507, 0.00392730301246047], "skybox_img_path": "./img/high/cd8bc18ce92741768974d88f6ccbaad1_skybox3.jpg", "room": "0_2", "camera_distance": 1.2274031051692382, "obliqueness_angle": 1.1125699281692505, "camera_rotation_final": [1.497042179107666, -0.008134790696203709, 2.065220355987549], "skybox_img": 3, "resolution": 512}