{"model_rotation_degrees": 0.0, "vanishing_points_image": {"y": [438.52991479575934, 256.20101961212674], "x": [186.0046141229955, 267.50504905258254], "z": [254.8897815497263, 86.34627397978252]}, "point_uuid": "44", "field_of_view_rads": 1.3089969389957472, "point_pitch": -0.03076152404281096, "camera_rotation_original": [1.5743488073349, -0.006772358436137438, -1.2924582958221436], "camera_uuid": "b2b91e26cb9a4190a097925afea72a8a", "camera_location": [1.962995, 0.554659, 1.477478], "nonfixated_points_in_view": [100, 104, 77, 46, 52, 95], "point_location": [-0.7255545258522034, -0.037398211658000946, 1.381843090057373], "bounding_box_ranges": {"y": [-0.7402592221864406, 1.962995], "x": [-0.9595229782077628, 1.8420558565296434], "z": [-0.017621735656520476, 2.445285936382554]}, "view_id": 7, "vanishing_points_gaussian_sphere": {"y": [0.9766284788646633, -0.0010755578242227517, 0.2149317506695109], "x": [-0.21483492136755622, -0.03531213204374178, 0.9760117877830786], "z": [-0.006539941245150629, 0.9993757534110441, 0.03471790118394082]}, "camera_rotation_from_original_to_final": [0.0022822977043688297, 0.04046237841248512, 3.0798239707946777], "point_normal": [0.9999316930770874, 0.0004343015607446432, -0.011684787459671497], "skybox_img_path": "./img/high/b2b91e26cb9a4190a097925afea72a8a_skybox2.jpg", "room": "0_2", "camera_distance": 2.754628189467271, "obliqueness_angle": 0.22120977938175201, "camera_rotation_final": [1.536070704460144, 0.006539987865835428, 1.7873238325119019], "skybox_img": 2, "resolution": 512}