{"model_rotation_degrees": 0.0, "vanishing_points_image": {"y": [374.74933827963105, 273.8826686248928], "x": [394.22813133374757, 182.66821399024414], "z": [254.91647119143636, 116.29226476751847]}, "point_uuid": "4", "field_of_view_rads": 1.3089969389957472, "point_pitch": 0.2900628606465201, "camera_rotation_original": [1.5776946544647217, 0.0030656252056360245, -2.669447660446167], "camera_uuid": "c3d17a6983f9472b926dbc4e505ec89c", "camera_location": [5.294113, 2.145316, 1.475611], "nonfixated_points_in_view": [57, 2, 27, 36, 42], "point_location": [3.742464303970337, -0.6665377616882324, 2.438861846923828], "bounding_box_ranges": {"y": [3.4957811466884543, 5.859815397614759], "x": [-0.9152926571394171, 2.145316], "z": [0.1478446432148912, 2.452199370219693]}, "view_id": 0, "vanishing_points_gaussian_sphere": {"y": [0.8765906837402361, -0.13200731005406968, -0.4627773149929827], "x": [0.48117937444128467, 0.25527179292932867, 0.838631457403632], "z": [-0.007428512106701817, 0.9578154215854611, -0.2872880703770102]}, "camera_rotation_from_original_to_final": [-0.252786785364151, -0.1320284605026245, -0.958861768245697], "point_normal": [0.006900846026837826, -0.03225775435566902, -0.9994557499885559], "skybox_img_path": "./img/high/c3d17a6983f9472b926dbc4e505ec89c_skybox1.jpg", "room": "0_5", "camera_distance": 3.352907297794385, "obliqueness_angle": 1.3043829202651978, "camera_rotation_final": [1.8621989488601685, 0.007428580429404974, -3.6436073780059814], "skybox_img": 1, "resolution": 512}