{"model_rotation_degrees": 0.0, "vanishing_points_image": {"y": [447.64670926798465, 258.5324270183452], "x": [127.34247066725115, 259.80005290838005], "z": [256.9443843686036, 87.83787251196931]}, "point_uuid": "62", "field_of_view_rads": 1.3089969389957472, "point_pitch": -0.0049251755091805904, "camera_rotation_original": [1.5834180116653442, 0.001621261122636497, -2.377124547958374], "camera_uuid": "c2e7d52588e94b929f2f91a2249562c5", "camera_location": [4.816021, -0.326724, 1.48248], "nonfixated_points_in_view": [96, 1, 3, 103, 45, 21, 55], "point_location": [3.5081350803375244, 2.486759662628174, 1.4317649602890015], "bounding_box_ranges": {"y": [3.4893905934938743, 5.5186098680331845], "x": [-0.326724, 2.744619237383034], "z": [-0.009506617709968967, 2.441426713836072]}, "view_id": 0, "vanishing_points_gaussian_sphere": {"y": [0.9067557888330873, -0.011981906015776304, 0.4214859112069048], "x": [-0.42161879740455, -0.012453011849474699, 0.9066876596551968], "z": [0.005615077277006512, 0.9998506670618899, 0.016343637387904165]}, "camera_rotation_from_original_to_final": [0.015900783240795135, 0.025271009653806686, 2.812504768371582], "point_normal": [0.9984113574028015, -0.0527174174785614, -0.019892165437340736], "skybox_img_path": "./img/high/c2e7d52588e94b929f2f91a2249562c5_skybox2.jpg", "room": "0_5", "camera_distance": 3.103035270529226, "obliqueness_angle": 1.0834424495697021, "camera_rotation_final": [1.5544517040252686, -0.005615106783807278, 0.4352371394634247], "skybox_img": 2, "resolution": 512}