{"model_rotation_degrees": 0.0, "vanishing_points_image": {"y": [433.5902230726069, 258.69234496847207], "x": [209.96660457492845, 303.1952070033877], "z": [255.0057103976916, 78.04854632672709]}, "point_uuid": "96", "field_of_view_rads": 1.3089969389957472, "point_pitch": -0.14041606982680754, "camera_rotation_original": [1.5776946544647217, 0.0030656252056360245, -2.669447660446167], "camera_uuid": "c3d17a6983f9472b926dbc4e505ec89c", "camera_location": [5.294113, 2.145316, 1.475611], "nonfixated_points_in_view": [1, 62, 103], "point_location": [3.5076286792755127, 1.8897404670715332, 1.2110623121261597], "bounding_box_ranges": {"y": [3.464948986602666, 5.294113], "x": [0.32407979553912547, 2.696861227214412], "z": [-0.011720855095855187, 2.4346297049588905]}, "view_id": 1, "vanishing_points_gaussian_sphere": {"y": [0.9900206126575851, -0.015009142784186557, 0.14012106246379855], "x": [-0.14081415040567907, -0.1443680813903781, 0.9794535374999612], "z": [-0.005528250955466378, 0.9894102196301315, 0.145040876075775]}, "camera_rotation_from_original_to_final": [0.13711923360824585, 0.06689175218343735, -1.8964040279388428], "point_normal": [0.999417245388031, 0.018546832725405693, 0.02865726500749588], "skybox_img_path": "./img/high/c3d17a6983f9472b926dbc4e505ec89c_skybox1.jpg", "room": "0_5", "camera_distance": 1.823960437089007, "obliqueness_angle": 0.16968493163585663, "camera_rotation_final": [1.4252398014068604, 0.005528279114514589, -4.571103096008301], "skybox_img": 1, "resolution": 512}