{"model_rotation_degrees": 0.0, "vanishing_points_image": {"y": [386.72312753233, 250.6268506749625], "x": [370.979319693081, 289.3536197141901], "z": [256.8182488568105, 80.24333476062245]}, "point_uuid": "77", "field_of_view_rads": 1.3089969389957472, "point_pitch": -0.10731606086226897, "camera_rotation_original": [1.5784746408462524, 0.0036877563688904047, -0.2543734312057495], "camera_uuid": "cd8bc18ce92741768974d88f6ccbaad1", "camera_location": [3.10099, 5.636439, 1.471228], "nonfixated_points_in_view": [32, 34, 67, 68, 37, 5, 99, 104, 47, 17, 49, 87, 91, 60, 29], "point_location": [0.4619338810443878, -0.9496098160743713, 0.6554995775222778], "bounding_box_ranges": {"y": [-0.008472212002795132, 3.9876668635030166], "x": [-0.9796623059435339, 5.636439], "z": [-0.010450081125249477, 2.4453041901355252]}, "view_id": 3, "vanishing_points_gaussian_sphere": {"y": [0.9284388468442671, 0.03816188196710722, -0.3695199296860946], "x": [0.3714564799364042, -0.10775344823088255, 0.9221763811265231], "z": [0.00462506040430549, 0.9934449482276726, 0.11421796556222419]}, "camera_rotation_from_original_to_final": [-0.12032759189605713, 0.022643618285655975, 3.013963222503662], "point_normal": [-0.0525255911052227, 0.9985538125038147, -0.011466664262115955], "skybox_img_path": "./img/high/cd8bc18ce92741768974d88f6ccbaad1_skybox2.jpg", "room": "0_2", "camera_distance": 7.141853272790659, "obliqueness_angle": 0.45074278116226196, "camera_rotation_final": [1.4563273191452026, -0.0046250768937170506, 2.7610111236572266], "skybox_img": 2, "resolution": 512}