{"model_rotation_degrees": 0.0, "vanishing_points_image": {"y": [412.4042546930099, 253.3432762937032], "x": [294.2579377379891, 330.5215547810995], "z": [258.0665137286176, 72.49391904144682]}, "point_uuid": "93", "field_of_view_rads": 1.3089969389957472, "point_pitch": -0.2291312654826303, "camera_rotation_original": [1.5825356245040894, -0.0012060842709615827, -0.39747294783592224], "camera_uuid": "f9db34b350e54e138bcc5d0815a85293", "camera_location": [5.237017, 3.272563, 1.485191], "nonfixated_points_in_view": [0, 33, 97, 38, 74, 43, 46, 79, 48, 17, 18, 19, 61, 84, 54, 86, 89, 26, 29, 63], "point_location": [0.015087843872606754, 3.9101712703704834, 0.23396697640419006], "bounding_box_ranges": {"y": [-0.7416787768386461, 5.237017], "x": [1.5189970330076754, 6.875657453348238], "z": [-0.01212285556979431, 2.4452774492078904]}, "view_id": 4, "vanishing_points_gaussian_sphere": {"y": [0.9928807548851932, 0.016865333006489062, -0.11791254013542925], "x": [0.11860773644588463, -0.23103265496293277, 0.9656894517369247], "z": [0.01095497301651451, 0.9727998113092738, 0.23138823583503276]}, "camera_rotation_from_original_to_final": [-0.2305143028497696, 0.08506257832050323, 1.8380221128463745], "point_normal": [0.7220650911331177, -0.6892310976982117, 0.059853971004486084], "skybox_img_path": "./img/high/f9db34b350e54e138bcc5d0815a85293_skybox3.jpg", "room": "0_2", "camera_distance": 5.407462364485548, "obliqueness_angle": 0.6560478806495667, "camera_rotation_final": [1.3372776508331299, -0.010955192148685455, 1.4519015550613403], "skybox_img": 3, "resolution": 512}