{"model_rotation_degrees": 0.0, "vanishing_points_image": {"y": [421.14178433214965, 258.36144139564743], "x": [263.22666157617687, 190.6934993423168], "z": [257.5286691791372, 107.4235571070744]}, "point_uuid": "21", "field_of_view_rads": 1.3089969389957472, "point_pitch": 0.20913322369125886, "camera_rotation_original": [1.5834180116653442, 0.001621261122636497, -2.377124547958374], "camera_uuid": "c2e7d52588e94b929f2f91a2249562c5", "camera_location": [4.816021, -0.326724, 1.48248], "nonfixated_points_in_view": [96, 1, 3, 103, 45, 78, 55, 62], "point_location": [4.873448371887207, 2.537377119064331, 2.0672247409820557], "bounding_box_ranges": {"y": [3.4857970368173685, 7.222679933575016], "x": [-0.326724, 2.7445977802551296], "z": [-0.0033567971139227826, 2.4471933315527847]}, "view_id": 2, "vanishing_points_gaussian_sphere": {"y": [0.9997048808115113, -0.01429525845639971, -0.019641712433153293], "x": [0.02210288402246725, 0.19974119373576454, 0.979599366089475], "z": [0.010080367033561714, 0.9797444060114233, -0.19999821271649448]}, "camera_rotation_from_original_to_final": [-0.14506985247135162, -0.12173506617546082, 2.364675998687744], "point_normal": [0.39374399185180664, -0.8974977135658264, 0.19865426421165466], "skybox_img_path": "./img/high/c2e7d52588e94b929f2f91a2249562c5_skybox3.jpg", "room": "0_5", "camera_distance": 2.9237475407589115, "obliqueness_angle": 0.5885909199714661, "camera_rotation_final": [1.7721627950668335, -0.010080537758767605, -0.022105807438492775], "skybox_img": 3, "resolution": 512}