{"model_rotation_degrees": 0.0, "vanishing_points_image": {"y": [405.1215525563349, 259.0307180024768], "x": [319.73682523525787, 244.5399267400969], "z": [258.08447992625844, 92.44969391659609]}, "point_uuid": "56", "field_of_view_rads": 1.3089969389957472, "point_pitch": 0.04260309139755769, "camera_rotation_original": [1.5771442651748657, -0.011866987682878971, -1.0165622234344482], "camera_uuid": "22149045c4a4476eb44710bdb469a325", "camera_location": [2.693772, -0.285035, 1.48261], "nonfixated_points_in_view": [38, 10, 74, 13, 48, 17, 18, 83, 84, 53, 85, 86, 89, 91], "point_location": [4.111886978149414, 6.872122287750244, 1.7618186473846436], "bounding_box_ranges": {"y": [-0.06096749345125074, 4.235471026601932], "x": [-0.285035, 6.884644375542142], "z": [-0.014338081741061659, 2.4440373558427337]}, "view_id": 2, "vanishing_points_gaussian_sphere": {"y": [0.9807557115591523, -0.01993269208977253, -0.1942187478853556], "x": [0.19482314598575987, 0.03502978878349482, 0.9802126583991838], "z": [0.01273483538614948, 0.9991874707400199, -0.038239015205018226]}, "camera_rotation_from_original_to_final": [0.016049789264798164, -0.027584468945860863, 0.8206400871276855], "point_normal": [-0.27279582619667053, -0.5777772068977356, 0.7692567706108093], "skybox_img_path": "./img/high/22149045c4a4476eb44710bdb469a325_skybox3.jpg", "room": "0_2", "camera_distance": 7.301637526354643, "obliqueness_angle": 0.9398479461669922, "camera_rotation_final": [1.609047770500183, -0.012735179625451565, -0.19609324634075165], "skybox_img": 3, "resolution": 512}