{"model_rotation_degrees": 0.0, "vanishing_points_image": {"y": [447.4068037976026, 262.4021147789294], "x": [93.40428743558608, 262.1324336895696], "z": [257.65950549564064, 86.44669930604175]}, "point_uuid": "87", "field_of_view_rads": 1.3089969389957472, "point_pitch": -0.027133746943201587, "camera_rotation_original": [1.5824408531188965, 0.001023429213091731, 1.5184667110443115], "camera_uuid": "82b91818426544f3b6c43aa394ec0dd3", "camera_location": [0.187142, 2.810302, 1.478821], "nonfixated_points_in_view": [32, 34, 67, 68, 5, 99, 104, 77, 15, 22, 60], "point_location": [2.8112218379974365, -0.9091724157333374, 1.3261260986328125], "bounding_box_ranges": {"y": [-0.0014111514215652543, 3.382071879622916], "x": [-0.9806409872098194, 2.810302], "z": [-0.01829493410519234, 2.445311736819691]}, "view_id": 3, "vanishing_points_gaussian_sphere": {"y": [0.8168876567327616, -0.02732300229736834, 0.576149294734547], "x": [-0.5767138611681311, -0.02175124703899011, 0.8166566019991479], "z": [0.009781544571472685, 0.9993899823380795, 0.03352587937831705]}, "camera_rotation_from_original_to_final": [0.008435818366706371, -0.04567993804812431, 2.2374696731567383], "point_normal": [0.32426273822784424, 0.9422584772109985, 0.08368226140737534], "skybox_img_path": "./img/high/82b91818426544f3b6c43aa394ec0dd3_skybox3.jpg", "room": "0_2", "camera_distance": 4.554514266796145, "obliqueness_angle": 0.9453200697898865, "camera_rotation_final": [1.5372625589370728, -0.009781700558960438, 3.756326913833618], "skybox_img": 3, "resolution": 512}