{"model_rotation_degrees": 0.0, "vanishing_points_image": {"y": [421.1059285469543, 255.32502067837925], "x": [262.70788935399264, 330.34098631902253], "z": [256.12317797036576, 72.6339242236863]}, "point_uuid": "69", "field_of_view_rads": 1.3089969389957472, "point_pitch": -0.2191963632914682, "camera_rotation_original": [1.5824408531188965, 0.001023429213091731, 1.5184667110443115], "camera_uuid": "82b91818426544f3b6c43aa394ec0dd3", "camera_location": [0.187142, 2.810302, 1.478821], "nonfixated_points_in_view": [39, 8, 75, 12, 78, 16, 18, 22, 24, 91, 28], "point_location": [4.856080532073975, 2.713179588317871, 0.3811095058917999], "bounding_box_ranges": {"y": [0.187142, 5.923337078611557], "x": [0.14450485117134448, 5.199316287658432], "z": [-0.013457735424231565, 2.444195969552743]}, "view_id": 2, "vanishing_points_gaussian_sphere": {"y": [0.9997866819599235, 0.00408728712708137, -0.02024560840053278], "x": [0.020643714352437247, -0.22878643419108957, 0.9732577277308726], "z": [0.0006539367721002044, 0.9734680588566156, 0.22882200670527975]}, "camera_rotation_from_original_to_final": [-0.011244216002523899, -0.2422620803117752, -3.108494520187378], "point_normal": [-0.4591846764087677, 0.6858834028244019, 0.5645471811294556], "skybox_img_path": "./img/high/82b91818426544f3b6c43aa394ec0dd3_skybox2.jpg", "room": "0_2", "camera_distance": 4.797227514544397, "obliqueness_angle": 0.9397723078727722, "camera_rotation_final": [1.3399288654327393, -0.0006539368187077343, -1.5914415121078491], "skybox_img": 2, "resolution": 512}