{"model_rotation_degrees": 0.0, "vanishing_points_image": {"y": [447.4603826280002, 238.29271875484255], "x": [99.51532232517073, 227.7794647692158], "z": [254.3654474302164, 100.25309752744221]}, "point_uuid": "6", "field_of_view_rads": 1.3089969389957472, "point_pitch": 0.13103468815353914, "camera_rotation_original": [1.5825356245040894, -0.0012060842709615827, -0.39747294783592224], "camera_uuid": "f9db34b350e54e138bcc5d0815a85293", "camera_location": [5.237017, 3.272563, 1.485191], "nonfixated_points_in_view": [57, 58, 27, 90, 23], "point_location": [7.5388593673706055, -0.24421626329421997, 2.015354871749878], "bounding_box_ranges": {"y": [4.863969899311214, 5.923321858212189], "x": [-0.9000634008113968, 3.272563], "z": [-0.008308997889965752, 2.445310901620828]}, "view_id": 3, "vanishing_points_gaussian_sphere": {"y": [0.8359419037408439, 0.07731238280721317, 0.5433451288405965], "x": [-0.5487191694896785, 0.09895632521011304, 0.8301294590215842], "z": [-0.010411849244540654, 0.9920838881695345, -0.12514452536858206]}, "camera_rotation_from_original_to_final": [0.10941498726606369, -0.033231861889362335, -2.1655969619750977], "point_normal": [-0.9994006752967834, -0.03062376379966736, -0.01614181324839592], "skybox_img_path": "./img/high/f9db34b350e54e138bcc5d0815a85293_skybox1.jpg", "room": "0_2", "camera_distance": 4.2364238765126006, "obliqueness_angle": 1.0243922472000122, "camera_rotation_final": [1.6962766647338867, 0.010412037372589111, -2.560725688934326], "skybox_img": 1, "resolution": 512}