{"model_rotation_degrees": 0.0, "vanishing_points_image": {"y": [447.09679170076737, 236.57696984803565], "x": [123.01464681508433, 195.6512510936613], "z": [257.7399588931373, 109.7631645833901]}, "point_uuid": "101", "field_of_view_rads": 1.3089969389957472, "point_pitch": 0.22020538250473543, "camera_rotation_original": [1.5834180116653442, 0.001621261122636497, -2.377124547958374], "camera_uuid": "c2e7d52588e94b929f2f91a2249562c5", "camera_location": [4.816021, -0.326724, 1.48248], "nonfixated_points_in_view": [50, 58, 6, 76], "point_location": [7.536747455596924, 1.056921124458313, 2.1824684143066406], "bounding_box_ranges": {"y": [4.816021, 7.5511355616480165], "x": [-0.8883046273079566, 2.5838491149303358], "z": [0.0026147689732973767, 2.454363938345577]}, "view_id": 2, "vanishing_points_gaussian_sphere": {"y": [0.8924977975182965, 0.09071325309795886, 0.4418357015196662], "x": [-0.4509026568127145, 0.204619610848077, 0.8688023992460063], "z": [0.011596357368824285, 0.9746291194955994, -0.2235253988409534]}, "camera_rotation_from_original_to_final": [-0.16382385790348053, -0.13710302114486694, 1.2864770889282227], "point_normal": [-0.9986716508865356, -0.025304408743977547, -0.04488521069288254], "skybox_img_path": "./img/high/c2e7d52588e94b929f2f91a2249562c5_skybox3.jpg", "room": "0_5", "camera_distance": 3.131582694167929, "obliqueness_angle": 0.4759416878223419, "camera_rotation_final": [1.7962416410446167, -0.0115966172888875, -1.1029859781265259], "skybox_img": 3, "resolution": 512}