{"model_rotation_degrees": 0.0, "vanishing_points_image": {"y": [405.5958513593839, 255.08637194477956], "x": [318.0188212551729, 276.87248210473473], "z": [257.07359345878695, 84.04444694753599]}, "point_uuid": "84", "field_of_view_rads": 1.3089969389957472, "point_pitch": -0.05941586097213225, "camera_rotation_original": [1.5743488073349, -0.006772358436137438, -1.2924582958221436], "camera_uuid": "b2b91e26cb9a4190a097925afea72a8a", "camera_location": [1.962995, 0.554659, 1.477478], "nonfixated_points_in_view": [10, 11, 13, 14, 16, 17, 18, 31, 38, 39, 48, 53, 56, 72, 73, 74, 75, 80, 83, 85, 86, 89, 91], "point_location": [2.7368404865264893, 4.552290439605713, 1.2171409130096436], "bounding_box_ranges": {"y": [-0.060588799762540946, 4.783284426261805], "x": [0.554659, 6.891393829513455], "z": [-0.013926660332991947, 2.445099701561405]}, "view_id": 1, "vanishing_points_gaussian_sphere": {"y": [0.9818313630285249, 0.005996347295776215, -0.18966079824955218], "x": [0.18965324751009757, -0.06382794665626071, 0.9797742795840884], "z": [0.006230592461601107, 0.9979429026977215, 0.06380550660267079]}, "camera_rotation_from_original_to_final": [-0.0180379468947649, 0.06494845449924469, 1.100621223449707], "point_normal": [0.301931232213974, -0.1624569296836853, 0.9393856525421143], "skybox_img_path": "./img/high/b2b91e26cb9a4190a097925afea72a8a_skybox3.jpg", "room": "0_2", "camera_distance": 4.080155672730629, "obliqueness_angle": 1.4082365036010742, "camera_rotation_final": [1.5069462060928345, -0.006230632774531841, -0.19081272184848785], "skybox_img": 3, "resolution": 512}