{"model_rotation_degrees": 0.0, "vanishing_points_image": {"y": [349.5777059369406, 270.0355680290775], "x": [432.2126161022755, 228.18317151545395], "z": [258.06721741781587, 102.87433716168643]}, "point_uuid": "61", "field_of_view_rads": 1.3089969389957472, "point_pitch": 0.16315396229294343, "camera_rotation_original": [1.5872206687927246, -0.0005325089441612363, -1.320854663848877], "camera_uuid": "79c2e897db51429e80749b3cde7e79d4", "camera_location": [6.713179, 1.533762, 1.484844], "nonfixated_points_in_view": [96, 39, 8, 71, 72, 43, 11, 74, 14, 103, 48, 83, 84, 21, 55, 62], "point_location": [2.1533546447753906, 5.594818592071533, 2.429835796356201], "bounding_box_ranges": {"y": [3.4961651433011487, 6.713179], "x": [1.5333072076725922, 2.7222010434098047], "z": [0.025657765604724103, 2.4417952943475694]}, "view_id": 0, "vanishing_points_gaussian_sphere": {"y": [0.7453271053340705, -0.1117904012081811, -0.6572597753187467], "x": [0.6665654865915627, 0.10522366800044373, 0.7379826771527132], "z": [0.013340095175403341, 0.9881451745013211, -0.15294167506100126]}, "camera_rotation_from_original_to_final": [0.021597128361463547, -0.13603301346302032, 2.1614608764648438], "point_normal": [0.028091732412576675, -0.026584232226014137, -0.9992519021034241], "skybox_img_path": "./img/high/79c2e897db51429e80749b3cde7e79d4_skybox3.jpg", "room": "0_5", "camera_distance": 6.178769232696661, "obliqueness_angle": 1.3785836696624756, "camera_rotation_final": [1.7243543863296509, -0.013340490870177746, 0.8411248326301575], "skybox_img": 3, "resolution": 512}