{"model_rotation_degrees": 0.0, "vanishing_points_image": {"y": [427.9133509606595, 262.6703763118056], "x": [232.59626136257734, 342.78152402684], "z": [259.78289969194805, 70.21636154661759]}, "point_uuid": "23", "field_of_view_rads": 1.3089969389957472, "point_pitch": -0.2966335256907602, "camera_rotation_original": [1.5504374504089355, 0.01973503828048706, 0.0801728218793869], "camera_uuid": "022988e502364c9781dbdc5aff9aa537", "camera_location": [5.314469, 4.374863, 1.477831], "nonfixated_points_in_view": [57, 2, 27, 28, 78], "point_location": [5.56543493270874, 0.6618595123291016, 0.42348137497901917], "bounding_box_ranges": {"y": [3.9619345414882954, 5.92332852251496], "x": [-0.9145574136964623, 4.374863], "z": [-0.010019854447627097, 2.4453108975517845]}, "view_id": 3, "vanishing_points_gaussian_sphere": {"y": [0.9971425308493734, -0.03868993234151827, 0.06488345171702227], "x": [-0.07295980776896827, -0.27053640484482916, 0.9599411024140753], "z": [0.019586720542796768, 0.9619319844921695, 0.2725861654400951]}, "camera_rotation_from_original_to_final": [-0.25213223695755005, -0.05883851274847984, -3.1412487030029297], "point_normal": [-0.578569769859314, 0.8149556517601013, 0.033234305679798126], "skybox_img_path": "./img/high/022988e502364c9781dbdc5aff9aa537_skybox2.jpg", "room": "0_2", "camera_distance": 3.8679494829570573, "obliqueness_angle": 0.5936433672904968, "camera_rotation_final": [1.2946619987487793, -0.01958797313272953, -3.068553924560547], "skybox_img": 2, "resolution": 512}