{"model_rotation_degrees": 0.0, "vanishing_points_image": {"y": [437.6565289006153, 266.42001210091723], "x": [188.10521554061725, 323.4642073653929], "z": [257.8660655484989, 73.25571148853227]}, "point_uuid": "49", "field_of_view_rads": 1.3089969389957472, "point_pitch": -0.22225956519576506, "camera_rotation_original": [1.577962040901184, 0.007169065065681934, 1.18436598777771], "camera_uuid": "57ed0722da4246b593ad7c4c816002a1", "camera_location": [0.693011, 5.590496, 1.490906], "nonfixated_points_in_view": [5, 20, 25, 30, 44, 46, 51, 52, 60, 65, 66, 67, 68, 70, 77, 79, 87, 92, 95, 98, 99, 100, 104], "point_location": [1.6688381433486938, 1.0634551048278809, 0.4534361958503723], "bounding_box_ranges": {"y": [-0.7416932481489926, 3.37663168243282], "x": [-0.9803157321906957, 5.590496], "z": [-0.016422122870819233, 2.445310093139596]}, "view_id": 3, "vanishing_points_gaussian_sphere": {"y": [0.9770260610053776, -0.05604325613948829, 0.20561913713854535], "x": [-0.21288681948782312, -0.21153672774198892, 0.9539032523817972], "z": [0.009963844874104856, 0.9757619413860613, 0.2186077664169995]}, "camera_rotation_from_original_to_final": [-0.07105055451393127, -0.21704623103141785, 2.1791908740997314], "point_normal": [0.004281765781342983, 0.008432299830019474, 0.9999552965164185], "skybox_img_path": "./img/high/57ed0722da4246b593ad7c4c816002a1_skybox3.jpg", "room": "0_2", "camera_distance": 4.745806882375408, "obliqueness_angle": 1.3430720567703247, "camera_rotation_final": [1.3503977060317993, -0.009964009746909142, 3.3561320304870605], "skybox_img": 3, "resolution": 512}