{"model_rotation_degrees": 0.0, "vanishing_points_image": {"y": [448.3726228307517, 265.25049064415185], "x": [111.42052616392607, 273.9098275733869], "z": [257.18533285762345, 83.30061500791042]}, "point_uuid": "80", "field_of_view_rads": 1.3089969389957472, "point_pitch": -0.06191234191390471, "camera_rotation_original": [1.5771442651748657, -0.011866987682878971, -1.0165622234344482], "camera_uuid": "22149045c4a4476eb44710bdb469a325", "camera_location": [2.693772, -0.285035, 1.48261], "nonfixated_points_in_view": [0, 10, 13, 17, 18, 19, 26, 33, 38, 46, 48, 52, 54, 63, 74, 79, 83, 84, 85, 86, 89, 93, 97, 100], "point_location": [-0.005057885777205229, 4.5240864753723145, 1.0765630006790161], "bounding_box_ranges": {"y": [-0.7416989236346812, 3.738580744673663], "x": [-0.285035, 6.8809805286049235], "z": [-0.014539795033400305, 2.4453013280623797]}, "view_id": 5, "vanishing_points_gaussian_sphere": {"y": [0.8717961366785335, -0.041921464121470305, 0.48807180508435033], "x": [-0.4898210324412926, -0.060676733702796484, 0.8697089686586578], "z": [0.0068448703807985406, 0.9972767543831914, 0.07343175686579934]}, "camera_rotation_from_original_to_final": [-0.037842441350221634, 0.07050254195928574, 1.52637779712677], "point_normal": [0.9999657273292542, 0.006691290531307459, 0.00488837668672204], "skybox_img_path": "./img/high/22149045c4a4476eb44710bdb469a325_skybox3.jpg", "room": "0_2", "camera_distance": 5.5295757693633085, "obliqueness_angle": 1.0671817064285278, "camera_rotation_final": [1.497296690940857, -0.006844923831522465, 0.511897623538971], "skybox_img": 3, "resolution": 512}