{"model_rotation_degrees": 0.0, "vanishing_points_image": {"y": [430.3158182833939, 252.15290606444464], "x": [225.31566522537733, 155.11669097083015], "z": [257.40300986683997, 119.80543277149518]}, "point_uuid": "17", "field_of_view_rads": 1.3089969389957472, "point_pitch": 0.3327835361149649, "camera_rotation_original": [1.5825356245040894, -0.0012060842709615827, -0.39747294783592224], "camera_uuid": "f9db34b350e54e138bcc5d0815a85293", "camera_location": [5.237017, 3.272563, 1.485191], "nonfixated_points_in_view": [0, 33, 97, 38, 46, 79, 48, 18, 19, 84, 93, 54, 89, 26, 29, 63], "point_location": [2.4947097301483154, 2.995417356491089, 2.417383909225464], "bounding_box_ranges": {"y": [-0.7416978983060325, 5.237017], "x": [1.5206268061580541, 6.496615877268681], "z": [-0.012822064512268305, 2.442906172983445]}, "view_id": 5, "vanishing_points_gaussian_sphere": {"y": [0.9952109906490525, 0.02196398585296236, 0.09525055074267263], "x": [-0.0972618409712738, 0.3197754304116781, 0.9424880945645439], "z": [0.009757990685086431, 0.9472387541852778, -0.3203802805843594]}, "camera_rotation_from_original_to_final": [0.288090318441391, -0.1279919445514679, 2.048837661743164], "point_normal": [-0.07032286375761032, -0.015370506793260574, -0.9974059462547302], "skybox_img_path": "./img/high/f9db34b350e54e138bcc5d0815a85293_skybox3.jpg", "room": "0_2", "camera_distance": 2.909646570773886, "obliqueness_angle": 1.3162498474121094, "camera_rotation_final": [1.8969433307647705, -0.009758145548403263, 1.6682168245315552], "skybox_img": 3, "resolution": 512}