{"model_rotation_degrees": 0.0, "vanishing_points_image": {"y": [401.0827253689057, 251.9600539734939], "x": [332.27201909942926, 285.36163428805764], "z": [255.14797778183743, 81.68592692499952]}, "point_uuid": "35", "field_of_view_rads": 1.3089969389957472, "point_pitch": -0.0881783207270761, "camera_rotation_original": [1.5785316228866577, 0.0028458000160753727, 1.9192692041397095], "camera_uuid": "4c0d1c450c3c414c8e903e49190ad5f3", "camera_location": [0.164657, 1.413222, 1.481392], "nonfixated_points_in_view": [38, 72, 9, 10, 73, 13, 16, 48, 18, 19, 51, 53, 83, 86, 89, 94, 31], "point_location": [1.384885311126709, 6.4466094970703125, 0.9887735843658447], "bounding_box_ranges": {"y": [-0.7416982350122918, 4.673429590946837], "x": [1.413222, 6.874001876364792], "z": [-0.014007900702628362, 2.4453124464412115]}, "view_id": 2, "vanishing_points_gaussian_sphere": {"y": [0.9717288673850716, 0.027058577557400633, -0.23454390137263428], "x": [0.23604942684655275, -0.09086945680484769, 0.9674830282260284], "z": [-0.004865837640101776, 0.9954951407217225, 0.09468763606457872]}, "camera_rotation_from_original_to_final": [0.03321048244833946, -0.09707862138748169, -2.1587882041931152], "point_normal": [-0.9622288942337036, -0.05457223951816559, 0.2667161822319031], "skybox_img_path": "./img/high/4c0d1c450c3c414c8e903e49190ad5f3_skybox1.jpg", "room": "0_2", "camera_distance": 5.202559135356185, "obliqueness_angle": 1.262183427810669, "camera_rotation_final": [1.4759654998779297, 0.004865856841206551, -0.23830124735832214], "skybox_img": 1, "resolution": 512}