{"model_rotation_degrees": 0.0, "vanishing_points_image": {"y": [439.1255056497089, 247.42199285112602], "x": [181.91544153750272, 193.13140286368846], "z": [256.2512486527151, 107.67321473792705]}, "point_uuid": "31", "field_of_view_rads": 1.3089969389957472, "point_pitch": 0.2140203277256827, "camera_rotation_original": [1.577962040901184, 0.007169065065681934, 1.18436598777771], "camera_uuid": "57ed0722da4246b593ad7c4c816002a1", "camera_location": [0.693011, 5.590496, 1.490906], "nonfixated_points_in_view": [16, 40, 75], "point_location": [4.660554885864258, 6.541022777557373, 2.3350167274475098], "bounding_box_ranges": {"y": [0.693011, 5.078995877900013], "x": [4.2453208965361835, 6.881836455514765], "z": [-0.014767127670409996, 2.444652125624243]}, "view_id": 6, "vanishing_points_gaussian_sphere": {"y": [0.9725594561247116, 0.04555685423362547, 0.22815055848001184], "x": [-0.2326485608030117, 0.19742695302518762, 0.9523115274821984], "z": [0.0016587521491958869, 0.9792584803061584, -0.20260818663070101]}, "camera_rotation_from_original_to_final": [0.08318287879228592, 0.1788404881954193, -2.5134437084198], "point_normal": [-0.9978588223457336, 0.03995320945978165, 0.05178387463092804], "skybox_img_path": "./img/high/57ed0722da4246b593ad7c4c816002a1_skybox2.jpg", "room": "0_2", "camera_distance": 4.166224728830116, "obliqueness_angle": 0.3745693862438202, "camera_rotation_final": [1.7748172283172607, -0.001658752909861505, -1.3359959125518799], "skybox_img": 2, "resolution": 512}