{"model_rotation_degrees": 0.0, "vanishing_points_image": {"y": [444.73581770924494, 232.54967798500326], "x": [87.54648444701428, 221.97664677310723], "z": [256.044556560991, 103.38867767603375]}, "point_uuid": "75", "field_of_view_rads": 1.3089969389957472, "point_pitch": 0.16739244858292146, "camera_rotation_original": [1.5785316228866577, 0.0028458000160753727, 1.9192692041397095], "camera_uuid": "4c0d1c450c3c414c8e903e49190ad5f3", "camera_location": [0.164657, 1.413222, 1.481392], "nonfixated_points_in_view": [39, 8, 9, 72, 11, 12, 13, 14, 73, 16, 17, 18, 48, 51, 53, 83, 89, 91, 94, 31], "point_location": [4.656252384185791, 4.942971229553223, 2.398334503173828], "bounding_box_ranges": {"y": [0.164657, 5.923331483179747], "x": [1.3433956799423754, 6.881358916302479], "z": [-0.015019471857363964, 2.4430318386734977]}, "view_id": 6, "vanishing_points_gaussian_sphere": {"y": [0.7862926192089406, 0.0976964274310168, 0.6100814085388606], "x": [-0.6178542173339348, 0.12479093837887696, 0.7763268563055064], "z": [0.0002882710792711307, 0.9873614483894616, -0.1584843434981811]}, "camera_rotation_from_original_to_final": [-0.04911504685878754, 0.143325075507164, -2.827775239944458], "point_normal": [-0.997501015663147, -0.006629338022321463, -0.07034127414226532], "skybox_img_path": "./img/high/4c0d1c450c3c414c8e903e49190ad5f3_skybox2.jpg", "room": "0_2", "camera_distance": 5.7857016564539165, "obliqueness_angle": 0.6606734395027161, "camera_rotation_final": [1.7299517393112183, -0.00028827108326368034, -0.9047855138778687], "skybox_img": 2, "resolution": 512}