{"model_rotation_degrees": 0.0, "vanishing_points_image": {"y": [422.3381311780838, 254.9891678042342], "x": [258.03460792786433, 283.31604307130635], "z": [255.02705938987214, 82.62956718172255]}, "point_uuid": "27", "field_of_view_rads": 1.3089969389957472, "point_pitch": -0.07189158996077971, "camera_rotation_original": [1.5825356245040894, -0.0012060842709615827, -0.39747294783592224], "camera_uuid": "f9db34b350e54e138bcc5d0815a85293", "camera_location": [5.237017, 3.272563, 1.485191], "nonfixated_points_in_view": [2, 4, 90, 6, 71, 42, 23, 57, 58], "point_location": [5.213468074798584, -0.8895421624183655, 1.1419445276260376], "bounding_box_ranges": {"y": [3.4949801408089707, 5.923323824063489], "x": [-0.9145035824050636, 3.272563], "z": [-0.01653097807779047, 2.4453122455431195]}, "view_id": 3, "vanishing_points_gaussian_sphere": {"y": [0.9999656371283439, 0.006076763358526764, -0.005638928053261338], "x": [0.006119204776679637, -0.08215462986885178, 0.9966008088116391], "z": [-0.005592843230991936, 0.9966010685014323, 0.08218899175921987]}, "camera_rotation_from_original_to_final": [-0.08410928398370743, 0.042617786675691605, -2.751826286315918], "point_normal": [0.04163612797856331, 0.9976025819778442, -0.055278927087783813], "skybox_img_path": "./img/high/f9db34b350e54e138bcc5d0815a85293_skybox2.jpg", "room": "0_2", "camera_distance": 4.176301102776478, "obliqueness_angle": 0.1422264724969864, "camera_rotation_final": [1.4885132312774658, 0.005592872388660908, -3.147711992263794], "skybox_img": 2, "resolution": 512}