{"model_rotation_degrees": 0.0, "vanishing_points_image": {"y": [369.8354005781318, 276.55503496333284], "x": [402.9056653228226, 184.29852354439288], "z": [255.7148118402737, 117.39779691635565]}, "point_uuid": "26", "field_of_view_rads": 1.3089969389957472, "point_pitch": 0.30981214443710847, "camera_rotation_original": [1.5743488073349, -0.006772358436137438, -1.2924582958221436], "camera_uuid": "b2b91e26cb9a4190a097925afea72a8a", "camera_location": [1.962995, 0.554659, 1.477478], "nonfixated_points_in_view": [0, 33, 100, 46, 80, 19, 52, 54, 93, 63], "point_location": [-0.6686898469924927, 2.1689658164978027, 2.440702438354492], "bounding_box_ranges": {"y": [-0.7416890401915619, 1.962995], "x": [0.1575232749358635, 5.7177523074383805], "z": [0.004223450749291313, 2.4440987811892727]}, "view_id": 1, "vanishing_points_gaussian_sphere": {"y": [0.8527266733046271, -0.153975182543613, -0.4991481381268338], "x": [0.5223536756574663, 0.2549495262442752, 0.8137243861375634], "z": [-0.0019642204454275495, 0.9546163534260665, -0.297831763936557]}, "camera_rotation_from_original_to_final": [0.09287545830011368, -0.2846158444881439, 2.3010523319244385], "point_normal": [-0.004829675890505314, 0.012352968566119671, -0.9999121427536011], "skybox_img_path": "./img/high/b2b91e26cb9a4190a097925afea72a8a_skybox3.jpg", "room": "0_2", "camera_distance": 3.234123091171103, "obliqueness_angle": 1.2789618968963623, "camera_rotation_final": [1.8732174634933472, 0.0019642217084765434, 1.021186351776123], "skybox_img": 3, "resolution": 512}