{"model_rotation_degrees": 0.0, "vanishing_points_image": {"y": [423.34452927616263, 254.94572749495788], "x": [253.60096877084567, 209.16197524446346], "z": [255.17081276573145, 101.81243722732466]}, "point_uuid": "38", "field_of_view_rads": 1.3089969389957472, "point_pitch": 0.13591022888687654, "camera_rotation_original": [1.5759177207946777, 0.006587443873286247, -0.21082322299480438], "camera_uuid": "1eea2dc63a804bb98c4433aaf5355d4d", "camera_location": [0.081101, -0.078128, 1.481538], "nonfixated_points_in_view": [0, 9, 10, 13, 18, 19, 26, 31, 33, 35, 46, 48, 51, 54, 56, 63, 72, 73, 79, 83, 84, 86, 89, 93, 94, 97, 100], "point_location": [0.0386459082365036, 6.452366352081299, 2.4173946380615234], "bounding_box_ranges": {"y": [-0.7416989339305096, 4.788694104669848], "x": [-0.078128, 6.892124641981863], "z": [-0.015194257133832156, 2.4451746921991595]}, "view_id": 5, "vanishing_points_gaussian_sphere": {"y": [0.9999594499625714, 0.006299756310006583, 0.006435176841884618], "x": [-0.00726365289024874, 0.1418135578039236, 0.9898667355607437], "z": [-0.005323323890369336, 0.9898733393184341, -0.14185356650197584]}, "camera_rotation_from_original_to_final": [0.1339617520570755, -0.029803693294525146, 0.21526916325092316], "point_normal": [0.9641845226287842, -0.15859608352184296, -0.21259252727031708], "skybox_img_path": "./img/high/1eea2dc63a804bb98c4433aaf5355d4d_skybox4.jpg", "room": "0_2", "camera_distance": 6.59734674787222, "obliqueness_angle": 1.3762202262878418, "camera_rotation_final": [1.7131320238113403, 0.00532334903255105, 0.007263819687068462], "skybox_img": 4, "resolution": 512}