{"model_rotation_degrees": 0.0, "vanishing_points_image": {"y": [438.8693707024702, 240.16419377519205], "x": [180.10800027717818, 158.25352861877383], "z": [255.55346611034506, 120.68506542826098]}, "point_uuid": "26", "field_of_view_rads": 1.3089969389957472, "point_pitch": 0.3392828265812735, "camera_rotation_original": [1.5762215852737427, -0.0002412118628853932, -1.888368844985962], "camera_uuid": "029e8bd017804e6aba4c5206f049bf52", "camera_location": [2.031441, 2.853197, 1.471538], "nonfixated_points_in_view": [0, 33, 65, 100, 44, 46, 52, 54, 63], "point_location": [-0.6686898469924927, 2.1689658164978027, 2.440702438354492], "bounding_box_ranges": {"y": [-0.7416945983781282, 2.031441], "x": [-0.7402832613862773, 3.929033560101246], "z": [0.35193789493077254, 2.445093371451012]}, "view_id": 2, "vanishing_points_gaussian_sphere": {"y": [0.969088897341667, 0.0839194881787175, 0.23200049257045613], "x": [-0.2466921063963963, 0.3177315528108102, 0.9155269875815462], "z": [-0.0031166794543625387, 0.9444597290791458, -0.32861239547059895]}, "camera_rotation_from_original_to_final": [-0.10302740335464478, -0.3134608864784241, -2.558936357498169], "point_normal": [-0.004829675890505314, 0.012352968566119671, -0.9999121427536011], "skybox_img_path": "./img/high/029e8bd017804e6aba4c5206f049bf52_skybox2.jpg", "room": "0_2", "camera_distance": 2.94926420770437, "obliqueness_angle": 1.2376399040222168, "camera_rotation_final": [1.9056320190429688, 0.0031166845001280308, -4.463122367858887], "skybox_img": 2, "resolution": 512}