{"model_rotation_degrees": 0.0, "vanishing_points_image": {"y": [390.64841230705053, 267.35521401627403], "x": [360.9049118168934, 195.3169866943225], "z": [257.21359824477184, 108.58112402768218]}, "point_uuid": "58", "field_of_view_rads": 1.3089969389957472, "point_pitch": 0.20984263817337556, "camera_rotation_original": [1.5717558860778809, 0.008724818006157875, 1.7450741529464722], "camera_uuid": "fe33a7c2947347d5a33b56488f8bfdae", "camera_location": [4.698266, 1.058042, 1.474498], "nonfixated_points_in_view": [64, 101, 6, 76, 81, 50, 82], "point_location": [7.5393476486206055, 0.03760745748877525, 2.1284918785095215], "bounding_box_ranges": {"y": [4.698266, 7.547919430555402], "x": [-0.8966570623109946, 2.0642380940029224], "z": [0.12603771465191782, 2.4550631925957758]}, "view_id": 1, "vanishing_points_gaussian_sphere": {"y": [0.940514826293049, -0.07931580443505266, -0.33036474492562967], "x": [0.33965737602294993, 0.19647729273676393, 0.919798641199277], "z": [0.00804539844632977, 0.9772950816440511, -0.21173000486040544]}, "camera_rotation_from_original_to_final": [-0.02069326862692833, 0.21205861866474152, 2.6184756755828857], "point_normal": [-0.999993622303009, 0.003498116275295615, -0.0008064580033533275], "skybox_img_path": "./img/high/fe33a7c2947347d5a33b56488f8bfdae_skybox2.jpg", "room": "0_5", "camera_distance": 3.0888087809537534, "obliqueness_angle": 0.39985108375549316, "camera_rotation_final": [1.784148097038269, -0.008045485243201256, 4.3658246994018555], "skybox_img": 2, "resolution": 512}