{"model_rotation_degrees": 0.0, "vanishing_points_image": {"y": [445.1527881086573, 291.63272929699974], "x": [103.96609498782774, 329.10800822962705], "z": [252.9748830672852, 68.45187468416614]}, "point_uuid": "50", "field_of_view_rads": 1.3089969389957472, "point_pitch": -0.3185531338069101, "camera_rotation_original": [1.5872206687927246, -0.0005325089441612363, -1.320854663848877], "camera_uuid": "79c2e897db51429e80749b3cde7e79d4", "camera_location": [6.713179, 1.533762, 1.484844], "nonfixated_points_in_view": [82, 76, 6], "point_location": [7.543033599853516, 0.28950852155685425, 1.0014065504074097], "bounding_box_ranges": {"y": [6.4362624928373275, 7.550486096497416], "x": [-0.8958088933878556, 1.533762], "z": [0.002861002110269961, 2.348884439883193]}, "view_id": 3, "vanishing_points_gaussian_sphere": {"y": [0.8345858509264514, -0.157219843273393, 0.5279662662656213], "x": [-0.55066410791172, -0.264795909371315, 0.7916136473293068], "z": [-0.015345934026990363, 0.9514016224819611, 0.3075702440866658]}, "camera_rotation_from_original_to_final": [-0.06813904643058777, 0.3225996792316437, -1.2461321353912354], "point_normal": [-0.9995605945587158, -0.006914979312568903, -0.02882673591375351], "skybox_img_path": "./img/high/79c2e897db51429e80749b3cde7e79d4_skybox1.jpg", "room": "0_5", "camera_distance": 1.571794109841664, "obliqueness_angle": 1.031661033630371, "camera_rotation_final": [1.258119821548462, 0.015346536412835121, -2.5583553314208984], "skybox_img": 1, "resolution": 512}