{"model_rotation_degrees": 0.0, "vanishing_points_image": {"y": [440.4715481111822, 261.2914858737363], "x": [75.85791553363075, 258.41161127804713], "z": [257.4767565376898, 87.46026726396721]}, "point_uuid": "32", "field_of_view_rads": 1.3089969389957472, "point_pitch": -0.013267560801233813, "camera_rotation_original": [1.5824408531188965, 0.001023429213091731, 1.5184667110443115], "camera_uuid": "82b91818426544f3b6c43aa394ec0dd3", "camera_location": [0.187142, 2.810302, 1.478821], "nonfixated_points_in_view": [34, 67, 68, 5, 99, 15, 22, 87, 91, 60], "point_location": [3.3714749813079834, -0.547901451587677, 1.3815891742706299], "bounding_box_ranges": {"y": [0.187142, 3.38274768760319], "x": [-0.9783199260935684, 2.810302], "z": [-0.018222331733927177, 2.445298642310899]}, "view_id": 5, "vanishing_points_gaussian_sphere": {"y": [0.7254877694422597, -0.020810300140477245, 0.6879203644301846], "x": [-0.6881793097188074, -0.009212844347576103, 0.7254821577226921], "z": [0.008759798207747157, 0.9997409939114684, 0.02100502388165655]}, "camera_rotation_from_original_to_final": [0.00806624349206686, -0.03311789780855179, 2.3818790912628174], "point_normal": [-0.9998438358306885, 0.012481548823416233, 0.012518361210823059], "skybox_img_path": "./img/high/82b91818426544f3b6c43aa394ec0dd3_skybox2.jpg", "room": "0_2", "camera_distance": 4.628926571769209, "obliqueness_angle": 0.7994083762168884, "camera_rotation_final": [1.5497889518737793, -0.008759910240769386, 3.9006056785583496], "skybox_img": 2, "resolution": 512}