{"model_rotation_degrees": 0.0, "vanishing_points_image": {"y": [440.2745680247774, 206.05983686587027], "x": [91.05599194946359, 184.05453925646535], "z": [257.3847435705977, 122.5640281060389]}, "point_uuid": "51", "field_of_view_rads": 1.3089969389957472, "point_pitch": 0.35597856442001863, "camera_rotation_original": [1.577962040901184, 0.007169065065681934, 1.18436598777771], "camera_uuid": "57ed0722da4246b593ad7c4c816002a1", "camera_location": [0.693011, 5.590496, 1.490906], "nonfixated_points_in_view": [66, 67, 68, 5, 99, 40, 49, 87, 60], "point_location": [1.3798011541366577, 4.748743534088135, 1.8913425207138062], "bounding_box_ranges": {"y": [0.5489240339227778, 4.667653775387988], "x": [-0.9807375722971763, 5.590496], "z": [-0.011477983173547424, 2.4427367586540294]}, "view_id": 0, "vanishing_points_gaussian_sphere": {"y": [0.7770481757615886, 0.21058745694844788, 0.5931686568941189], "x": [-0.6293658156955573, 0.274517480941619, 0.7270067556022667], "z": [0.009736661617473911, 0.9382393487982976, -0.34584985439796473]}, "camera_rotation_from_original_to_final": [0.15095144510269165, 0.31298530101776123, 2.6623125076293945], "point_normal": [-0.9962276816368103, 0.08667344599962234, -0.00426408601924777], "skybox_img_path": "./img/high/57ed0722da4246b593ad7c4c816002a1_skybox2.jpg", "room": "0_2", "camera_distance": 1.1578330788475952, "obliqueness_angle": 0.8560606837272644, "camera_rotation_final": [1.9239581823349, -0.009736815467476845, 3.8223679065704346], "skybox_img": 2, "resolution": 512}