{"model_rotation_degrees": 0.0, "vanishing_points_image": {"y": [359.64744009260477, 242.62991014064363], "x": [420.0879300483754, 297.01672570039284], "z": [256.9913717403551, 75.60307706714825]}, "point_uuid": "92", "field_of_view_rads": 1.3089969389957472, "point_pitch": -0.17503730853530364, "camera_rotation_original": [1.579675316810608, 0.0016688042087480426, -0.18222443759441376], "camera_uuid": "421bc59cb37942a2a1b69459e69c6733", "camera_location": [4.087351, 5.595419, 1.470996], "nonfixated_points_in_view": [65, 66, 67, 68, 37, 70, 98, 99, 104, 44, 77, 48, 17, 49, 20, 84, 60, 29, 95], "point_location": [-0.6486530900001526, -0.7832125425338745, 0.006644810549914837], "bounding_box_ranges": {"y": [-0.7375080856611582, 4.2195224560667315], "x": [-0.9688323095750659, 5.595419], "z": [-0.015718577625310592, 2.4453114239133384]}, "view_id": 2, "vanishing_points_gaussian_sphere": {"y": [0.8034707841630748, 0.1036443984919441, -0.5862529638796011], "x": [0.5953196550164459, -0.14881084176431053, 0.7895884001962651], "z": [0.005404382247187089, 0.9834191232809338, 0.18126671127894903]}, "camera_rotation_from_original_to_final": [-0.18932192027568817, 0.027507074177265167, 2.6831729412078857], "point_normal": [-0.0302384365350008, 0.02888224832713604, 0.9991253614425659], "skybox_img_path": "./img/high/421bc59cb37942a2a1b69459e69c6733_skybox2.jpg", "room": "0_2", "camera_distance": 8.078427868003928, "obliqueness_angle": 1.3835175037384033, "camera_rotation_final": [1.388519287109375, -0.005404408555477858, 2.503918409347534], "skybox_img": 2, "resolution": 512}