{"model_rotation_degrees": 0.0, "vanishing_points_image": {"y": [442.72679439395245, 252.00200390275364], "x": [163.01450055053067, 260.4263866052727], "z": [252.04532937379093, 88.62848161734696]}, "point_uuid": "102", "field_of_view_rads": 1.3089969389957472, "point_pitch": 0.008394078412328199, "camera_rotation_original": [1.5504374504089355, 0.01973503828048706, 0.0801728218793869], "camera_uuid": "022988e502364c9781dbdc5aff9aa537", "camera_location": [5.314469, 4.374863, 1.477831], "nonfixated_points_in_view": [88, 45], "point_location": [4.779278755187988, 6.134219169616699, 1.4644339084625244], "bounding_box_ranges": {"y": [4.774146340475603, 6.271978865528507], "x": [4.374863, 6.906950487720842], "z": [-0.004491515544969404, 2.4562691981623512]}, "view_id": 0, "vanishing_points_gaussian_sphere": {"y": [0.9564972899307145, 0.02047950560379544, 0.2910215184576958], "x": [-0.29078340472870784, -0.013842155769956196, 0.9566887718887584], "z": [-0.023620878255884603, 0.9996944456051882, 0.007284884114129615]}, "camera_rotation_from_original_to_final": [0.012714877724647522, 0.0049238018691539764, 0.2147054523229599], "point_normal": [0.999971330165863, 0.007203713059425354, 0.0023304445203393698], "skybox_img_path": "./img/high/022988e502364c9781dbdc5aff9aa537_skybox4.jpg", "room": "0_7", "camera_distance": 1.8390055763840172, "obliqueness_angle": 1.2826886177062988, "camera_rotation_final": [1.5635093450546265, 0.02362307533621788, 0.29513034224510193], "skybox_img": 4, "resolution": 512}