{"model_rotation_degrees": 0.0, "vanishing_points_image": {"y": [364.9636471717775, 240.46825562272275], "x": [412.34954306177923, 304.8442448425442], "z": [255.69008870561606, 73.75105007989377]}, "point_uuid": "33", "field_of_view_rads": 1.3089969389957472, "point_pitch": -0.20447890361281829, "camera_rotation_original": [1.5743488073349, -0.006772358436137438, -1.2924582958221436], "camera_uuid": "b2b91e26cb9a4190a097925afea72a8a", "camera_location": [1.962995, 0.554659, 1.477478], "nonfixated_points_in_view": [0, 97, 100, 46, 80, 19, 52, 54, 26, 93, 63], "point_location": [-0.7357626557350159, 2.3610923290252686, 0.7786898612976074], "bounding_box_ranges": {"y": [-0.7412004095011897, 1.962995], "x": [0.21917880492624664, 6.508115317931575], "z": [-0.01146939942486469, 2.445311380326658]}, "view_id": 2, "vanishing_points_gaussian_sphere": {"y": [0.8308166856033944, 0.11842511443129164, -0.5438006318449126], "x": [0.5565436831432002, -0.1738665517831188, 0.8124220275967715], "z": [-0.0016624308682934618, 0.9776225828217061, 0.2103599816519877]}, "camera_rotation_from_original_to_final": [-0.05195020139217377, 0.20940345525741577, 2.2670207023620605], "point_normal": [0.9999902248382568, 0.004309912212193012, 0.0010702030267566442], "skybox_img_path": "./img/high/b2b91e26cb9a4190a097925afea72a8a_skybox3.jpg", "room": "0_2", "camera_distance": 3.32186678242138, "obliqueness_angle": 0.626140296459198, "camera_rotation_final": [1.3588528633117676, 0.0016624316340312362, 0.9805755615234375], "skybox_img": 3, "resolution": 512}