{"model_rotation_degrees": 0.0, "vanishing_points_image": {"y": [370.4585104481729, 266.5160740517234], "x": [404.2172654611502, 217.72651372746128], "z": [256.0582902091904, 102.94468356760797]}, "point_uuid": "29", "field_of_view_rads": 1.3089969389957472, "point_pitch": 0.1666434566166739, "camera_rotation_original": [1.5827999114990234, -0.0022284637670964003, 1.2485463619232178], "camera_uuid": "de06f753bd6d4114a5c6e6a781ee950a", "camera_location": [0.724806, 4.289951, 1.483605], "nonfixated_points_in_view": [32, 34, 37, 5, 15, 91], "point_location": [3.387643814086914, 2.706162214279175, 1.9659401178359985], "bounding_box_ranges": {"y": [0.724806, 3.551566324019308], "x": [-0.9808729564418783, 4.408344051427668], "z": [-0.014972790336803543, 2.445220920809414]}, "view_id": 1, "vanishing_points_gaussian_sphere": {"y": [0.8594380190652359, -0.07896235776586406, -0.5051051746332432], "x": [0.5112398163046018, 0.13201518750484675, 0.8492383884945954], "z": [0.0003763111219401158, 0.9880976350159513, -0.15382757251488974]}, "camera_rotation_from_original_to_final": [0.04363683983683586, 0.13564391434192657, 2.930366039276123], "point_normal": [0.2567818760871887, 0.9315142631530762, 0.2575739324092865], "skybox_img_path": "./img/high/de06f753bd6d4114a5c6e6a781ee950a_skybox2.jpg", "room": "0_2", "camera_distance": 3.1355603051578167, "obliqueness_angle": 1.3563340902328491, "camera_rotation_final": [1.7252371311187744, -0.00037631113082170486, 4.175762176513672], "skybox_img": 2, "resolution": 512}