{"model_rotation_degrees": 0.0, "vanishing_points_image": {"y": [428.30594558514883, 254.07947648606873], "x": [233.2835519417183, 198.6464893192672], "z": [256.1612198805687, 105.00810443742041]}, "point_uuid": "91", "field_of_view_rads": 1.3089969389957472, "point_pitch": 0.1846953193333487, "camera_rotation_original": [1.5784746408462524, 0.0036877563688904047, -0.2543734312057495], "camera_uuid": "cd8bc18ce92741768974d88f6ccbaad1", "camera_location": [3.10099, 5.636439, 1.471228], "nonfixated_points_in_view": [32, 64, 34, 67, 68, 5, 6, 37, 8, 90, 99, 104, 77, 47, 17, 49, 50, 87, 58, 60, 29], "point_location": [3.363640546798706, 1.8660714626312256, 2.1443212032318115], "bounding_box_ranges": {"y": [-0.019550012602778555, 5.921040666016603], "x": [-0.9795678219998907, 5.636439], "z": [-0.012680086944014679, 2.444238447521437]}, "view_id": 4, "vanishing_points_gaussian_sphere": {"y": [0.9975948643072446, 0.011119200720397439, 0.06841673832586447], "x": [-0.06930643325307792, 0.17498190076307943, 0.9821292953145612], "z": [0.0010511981482848893, 0.9845088611996743, -0.17533167769052377]}, "camera_rotation_from_original_to_final": [0.16207438707351685, -0.04676969349384308, -2.8218789100646973], "point_normal": [-0.9979714751243591, 0.05230462923645973, -0.03629530966281891], "skybox_img_path": "./img/high/cd8bc18ce92741768974d88f6ccbaad1_skybox2.jpg", "room": "0_2", "camera_distance": 3.8389725613645664, "obliqueness_angle": 1.444448709487915, "camera_rotation_final": [1.7470390796661377, -0.001051198341883719, -3.072230577468872], "skybox_img": 2, "resolution": 512}