{"model_rotation_degrees": 0.0, "vanishing_points_image": {"y": [419.99307288959267, 251.99839664910937], "x": [268.2731078972295, 351.5045678805075], "z": [253.36099316852906, 68.79179399169203]}, "point_uuid": "7", "field_of_view_rads": 1.3089969389957472, "point_pitch": -0.294848962626185, "camera_rotation_original": [1.5873322486877441, -0.0034176630433648825, -2.326549768447876], "camera_uuid": "97361dcaf0dd4a85b572c7c5868aa0c0", "camera_location": [7.139169, 5.882577, 1.474251], "nonfixated_points_in_view": [88, 102], "point_location": [4.777639865875244, 5.963573932647705, 0.7302563190460205], "bounding_box_ranges": {"y": [4.770786912481919, 7.139169], "x": [4.8998286500184385, 6.910935672783313], "z": [-0.010863575511165902, 2.33762455658876]}, "view_id": 2, "vanishing_points_gaussian_sphere": {"y": [0.999167923217042, 0.024380747547425863, -0.03269618270031028], "x": [0.03850591258229535, -0.2996380845675491, 0.9532755703220843], "z": [-0.013444549466159536, 0.953741368205091, 0.3003275656078426]}, "camera_rotation_from_original_to_final": [0.236785426735878, 0.2203463613986969, -2.396416664123535], "point_normal": [0.9991674423217773, -0.027423562481999397, -0.030206546187400818], "skybox_img_path": "./img/high/97361dcaf0dd4a85b572c7c5868aa0c0_skybox2.jpg", "room": "0_7", "camera_distance": 2.4772786465756176, "obliqueness_angle": 0.33531489968299866, "camera_rotation_final": [1.2657318115234375, 0.01344495452940464, -4.750907897949219], "skybox_img": 2, "resolution": 512}