{"model_rotation_degrees": 0.0, "vanishing_points_image": {"y": [413.9722475722769, 256.1215313188772], "x": [289.49374773412956, 269.4557730251518], "z": [256.8278463838078, 85.89816006614178]}, "point_uuid": "16", "field_of_view_rads": 1.3089969389957472, "point_pitch": -0.031404300532068774, "camera_rotation_original": [1.577962040901184, 0.007169065065681934, 1.18436598777771], "camera_uuid": "57ed0722da4246b593ad7c4c816002a1", "camera_location": [0.693011, 5.590496, 1.490906], "nonfixated_points_in_view": [40, 41, 75, 31], "point_location": [4.663140296936035, 5.186703205108643, 1.3300076723098755], "bounding_box_ranges": {"y": [0.693011, 5.053303821931148], "x": [4.248933476336841, 6.883611200704805], "z": [-0.014773898396502227, 2.4436568536840464]}, "view_id": 4, "vanishing_points_gaussian_sphere": {"y": [0.9948756038428835, -0.0007653783883682133, -0.10110364520718526], "x": [0.10098953627843837, -0.04057152065707216, 0.9940598901846099], "z": [0.004862760586719591, 0.9991763437489378, 0.04028632090400985]}, "camera_rotation_from_original_to_final": [-0.0067524113692343235, -0.048496924340724945, -2.856106996536255], "point_normal": [-0.9998881220817566, 0.013060194440186024, 0.007297165226191282], "skybox_img_path": "./img/high/57ed0722da4246b593ad7c4c816002a1_skybox2.jpg", "room": "0_2", "camera_distance": 3.993853226187292, "obliqueness_angle": 0.09423645585775375, "camera_rotation_final": [1.5304986238479614, -0.004862779751420021, -1.6719595193862915], "skybox_img": 2, "resolution": 512}