{"model_rotation_degrees": 0.0, "vanishing_points_image": {"y": [359.23002362113334, 245.07588512028323], "x": [421.07293802812137, 289.94008874164695], "z": [256.9776985401943, 77.75951792725496]}, "point_uuid": "95", "field_of_view_rads": 1.3089969389957472, "point_pitch": -0.1425441940638681, "camera_rotation_original": [1.579675316810608, 0.0016688042087480426, -0.18222443759441376], "camera_uuid": "421bc59cb37942a2a1b69459e69c6733", "camera_location": [4.087351, 5.595419, 1.470996], "nonfixated_points_in_view": [65, 66, 67, 68, 37, 70, 98, 99, 104, 44, 77, 92, 48, 17, 49, 20, 84, 60, 29], "point_location": [-0.7208322286605835, -0.8461699485778809, 0.2580554485321045], "bounding_box_ranges": {"y": [-0.7377366981173843, 4.198706361573585], "x": [-0.967248732939983, 5.595419], "z": [-0.01641740123884783, 2.4452900880666935]}, "view_id": 4, "vanishing_points_gaussian_sphere": {"y": [0.801849387172296, 0.08485413946865952, -0.5914704855751017], "x": [0.5975015838977557, -0.1228502807486818, 0.7924012025228403], "z": [0.005423793053453819, 0.9887909705974278, 0.14920790506508017]}, "camera_rotation_from_original_to_final": [-0.15733227133750916, 0.021676184609532356, 2.681417226791382], "point_normal": [0.9992681741714478, 0.02664410136640072, -0.02744772657752037], "skybox_img_path": "./img/high/421bc59cb37942a2a1b69459e69c6733_skybox2.jpg", "room": "0_2", "camera_distance": 8.129201594958275, "obliqueness_angle": 0.9171879291534424, "camera_rotation_final": [1.4210269451141357, -0.005423819646239281, 2.501199960708618], "skybox_img": 2, "resolution": 512}