{"model_rotation_degrees": 0.0, "vanishing_points_image": {"y": [442.8746276822533, 284.28758031249504], "x": [83.84202979740935, 291.1932355956661], "z": [256.8384942301715, 76.0034537978848]}, "point_uuid": "19", "field_of_view_rads": 1.3089969389957472, "point_pitch": -0.16342286666366057, "camera_rotation_original": [1.5771442651748657, -0.011866987682878971, -1.0165622234344482], "camera_uuid": "22149045c4a4476eb44710bdb469a325", "camera_location": [2.693772, -0.285035, 1.48261], "nonfixated_points_in_view": [0, 33, 65, 97, 100, 38, 10, 46, 79, 80, 18, 52, 54, 86, 89, 26, 93, 63], "point_location": [-0.74021315574646, 3.8177809715270996, 0.5307125449180603], "bounding_box_ranges": {"y": [-0.7416952637844245, 2.746105101962537], "x": [-0.285035, 6.880391297563059], "z": [-0.0161847440497358, 2.4453101685988647]}, "view_id": 2, "vanishing_points_gaussian_sphere": {"y": [0.7663112232510356, -0.1159980385830546, 0.6319110413376126], "x": [-0.6424531693505564, -0.13133290152950614, 0.7549871483457624], "z": [0.004586317796121789, 0.9845283764426119, 0.1751651839503152]}, "camera_rotation_from_original_to_final": [-0.09071409702301025, 0.15864750742912292, 1.7055455446243286], "point_normal": [0.9993535876274109, 0.01568739116191864, 0.03234681859612465], "skybox_img_path": "./img/high/22149045c4a4476eb44710bdb469a325_skybox3.jpg", "room": "0_2", "camera_distance": 5.434285836258824, "obliqueness_angle": 0.8952486515045166, "camera_rotation_final": [1.3947209119796753, -0.004586333874613047, 0.697704017162323], "skybox_img": 3, "resolution": 512}