{"model_rotation_degrees": 0.0, "vanishing_points_image": {"y": [437.4217334173248, 310.4762003169353], "x": [85.19356326426673, 321.4050990318091], "z": [255.82663770999076, 67.02761144047918]}, "point_uuid": "48", "field_of_view_rads": 1.3089969389957472, "point_pitch": -0.33482591708632903, "camera_rotation_original": [1.5761680603027344, 0.00989445485174656, -0.4241592288017273], "camera_uuid": "4941e1733c7d43ffb521d1025e32e0eb", "camera_location": [1.857551, 5.637887, 1.476438], "nonfixated_points_in_view": [64, 101, 8, 40, 81, 50, 24, 90], "point_location": [2.8807075023651123, 4.485979080200195, 0.9209252595901489], "bounding_box_ranges": {"y": [1.7880510738731037, 5.923333865771772], "x": [2.4873177385232625, 5.639442801408097], "z": [-0.01172114194396201, 2.4448796022284007]}, "view_id": 7, "vanishing_points_gaussian_sphere": {"y": [0.7478609696777505, -0.22456308417948423, 0.6247202503972901], "x": [-0.6638548224160633, -0.25420289324367784, 0.7033332523217429], "z": [-0.0008630107715479523, 0.9407190389751562, 0.3391857086052816]}, "camera_rotation_from_original_to_final": [-0.32581833004951477, 0.13439545035362244, -2.011683940887451], "point_normal": [0.022127626463770866, -0.008345723152160645, 0.9997203350067139], "skybox_img_path": "./img/high/4941e1733c7d43ffb521d1025e32e0eb_skybox1.jpg", "room": "0_2", "camera_distance": 1.637783751036162, "obliqueness_angle": 1.2457027435302734, "camera_rotation_final": [1.2247450351715088, 0.000863010878674686, -2.41563081741333], "skybox_img": 1, "resolution": 512}