{"model_rotation_degrees": 0.0, "vanishing_points_image": {"y": [437.86854066228295, 311.898699058824], "x": [87.4011402526767, 324.6611332188708], "z": [256.8605210504333, 66.4689006943967]}, "point_uuid": "37", "field_of_view_rads": 1.3089969389957472, "point_pitch": -0.3495507677409311, "camera_rotation_original": [1.5827999114990234, -0.0022284637670964003, 1.2485463619232178], "camera_uuid": "de06f753bd6d4114a5c6e6a781ee950a", "camera_location": [0.724806, 4.289951, 1.483605], "nonfixated_points_in_view": [32, 34, 67, 68, 5, 99, 47, 15, 49, 87, 91, 60, 29], "point_location": [2.7156472206115723, 1.964609980583191, 0.3279053568840027], "bounding_box_ranges": {"y": [0.5120776641535658, 3.5584890574158314], "x": [-0.9807691313876497, 4.289951], "z": [-0.0163485077660368, 2.445311760867808]}, "view_id": 0, "vanishing_points_gaussian_sphere": {"y": [0.7585782295845023, -0.23315487117070968, 0.6084388840712041], "x": [-0.6515681296971049, -0.2653482130386333, 0.7106682054237554], "z": [0.004247583249180927, 0.9355368148216157, 0.3532036610087266]}, "camera_rotation_from_original_to_final": [-0.12112180888652802, -0.3536645770072937, 2.6231517791748047], "point_normal": [0.1463414877653122, 0.9865273237228394, -0.07313109934329987], "skybox_img_path": "./img/high/de06f753bd6d4114a5c6e6a781ee950a_skybox2.jpg", "room": "0_2", "camera_distance": 3.272048254809106, "obliqueness_angle": 0.9444068074226379, "camera_rotation_final": [1.2097996473312378, -0.004247596021741629, 3.851250171661377], "skybox_img": 2, "resolution": 512}