{"model_rotation_degrees": 0.0, "vanishing_points_image": {"y": [412.6990091595671, 256.94119877364307], "x": [294.10297218783666, 254.38925625607934], "z": [256.89303254228787, 89.6506936710035]}, "point_uuid": "103", "field_of_view_rads": 1.3089969389957472, "point_pitch": 0.02104516426590486, "camera_rotation_original": [1.5872206687927246, -0.0005325089441612363, -1.320854663848877], "camera_uuid": "79c2e897db51429e80749b3cde7e79d4", "camera_location": [6.713179, 1.533762, 1.484844], "nonfixated_points_in_view": [96, 1, 36, 39, 8, 71, 72, 43, 74, 14, 48, 83, 84, 21, 55, 61, 62], "point_location": [3.5099494457244873, 1.9043967723846436, 1.502623438835144], "bounding_box_ranges": {"y": [3.4708270148418237, 6.713179], "x": [-0.3921182180342313, 2.744326040976431], "z": [-0.0242933922082309, 2.4431402117579855]}, "view_id": 2, "vanishing_points_gaussian_sphere": {"y": [0.9933547607710319, -0.005966497731189563, -0.11493789696331584], "x": [0.11496739125854215, 0.004860067222884223, 0.9933573771275847], "z": [0.005368258631193494, 0.999970389887327, -0.005513723592624165]}, "camera_rotation_from_original_to_final": [-0.0073845116421580315, 0.00937514379620552, 2.776360273361206], "point_normal": [0.998180627822876, -0.007966052740812302, 0.05976657196879387], "skybox_img_path": "./img/high/79c2e897db51429e80749b3cde7e79d4_skybox2.jpg", "room": "0_5", "camera_distance": 3.2246498201306144, "obliqueness_angle": 0.12549269199371338, "camera_rotation_final": [1.576310157775879, -0.005368284415453672, 1.455572485923767], "skybox_img": 2, "resolution": 512}