{"model_rotation_degrees": 0.0, "vanishing_points_image": {"y": [411.93696977566486, 250.29854095838164], "x": [296.3418242526622, 349.4838183261213], "z": [256.32890006520256, 68.92136478864444]}, "point_uuid": "3", "field_of_view_rads": 1.3089969389957472, "point_pitch": -0.2932331999156137, "camera_rotation_original": [1.5717558860778809, 0.008724818006157875, 1.7450741529464722], "camera_uuid": "fe33a7c2947347d5a33b56488f8bfdae", "camera_location": [4.698266, 1.058042, 1.474498], "nonfixated_points_in_view": [45, 12, 28, 78, 55], "point_location": [5.304539680480957, 5.761106967926025, -0.001976726111024618], "bounding_box_ranges": {"y": [3.7012091479343754, 6.415687417833013], "x": [1.058042, 2.744578607736951], "z": [-0.007452812627507743, 2.076505829781037]}, "view_id": 0, "vanishing_points_gaussian_sphere": {"y": [0.9918584967364034, 0.036264912691065146, -0.12207202201697065], "x": [0.12733383197240541, -0.2950697702792078, 0.9469529692136769], "z": [0.0016785967429870398, 0.9547872468643918, 0.297285209080589]}, "camera_rotation_from_original_to_final": [0.06441059708595276, -0.29626399278640747, -1.88129460811615], "point_normal": [-0.004332066513597965, -0.020118311047554016, 0.9997882843017578], "skybox_img_path": "./img/high/fe33a7c2947347d5a33b56488f8bfdae_skybox1.jpg", "room": "0_5", "camera_distance": 4.966524498446756, "obliqueness_angle": 1.248440146446228, "camera_rotation_final": [1.2689478397369385, -0.0016785975312814116, -0.12768064439296722], "skybox_img": 1, "resolution": 512}