{"model_rotation_degrees": 0.0, "vanishing_points_image": {"y": [440.26466486786217, 256.9145532805455], "x": [176.93296623075142, 250.7040194247831], "z": [257.4344852991443, 90.42717475458645]}, "point_uuid": "46", "field_of_view_rads": 1.3089969389957472, "point_pitch": 0.02270074287918611, "camera_rotation_original": [1.5825356245040894, -0.0012060842709615827, -0.39747294783592224], "camera_uuid": "f9db34b350e54e138bcc5d0815a85293", "camera_location": [5.237017, 3.272563, 1.485191], "nonfixated_points_in_view": [0, 33, 97, 79, 17, 18, 19, 93, 54, 89, 26, 29, 63], "point_location": [-0.7327671051025391, 1.7683550119400024, 1.5756101608276367], "bounding_box_ranges": {"y": [-0.7416833032749066, 5.237017], "x": [1.5226202524213492, 4.5563603809539766], "z": [-0.014062029950521193, 2.4452642245267415]}, "view_id": 6, "vanishing_points_gaussian_sphere": {"y": [0.9696859481240808, -0.0048128026368574415, 0.24430718151843434], "x": [-0.24420098868891688, 0.01635680043745695, 0.9695866811187152], "z": [0.00866251314908461, 0.9998546354396863, -0.014685668378186608]}, "camera_rotation_from_original_to_final": [-0.0001687615440459922, -0.008016151376068592, 2.21498966217041], "point_normal": [0.9998667240142822, 0.01563180610537529, 0.004726110491901636], "skybox_img_path": "./img/high/f9db34b350e54e138bcc5d0815a85293_skybox3.jpg", "room": "0_2", "camera_distance": 6.157040038297379, "obliqueness_angle": 0.2320065051317215, "camera_rotation_final": [1.5854830741882324, -0.00866262149065733, 1.817501425743103], "skybox_img": 3, "resolution": 512}