{"model_rotation_degrees": 0.0, "vanishing_points_image": {"y": [402.21978875113547, 248.83680980325738], "x": [328.5555552874922, 315.58765451069854], "z": [255.22609267486283, 74.87842169707322]}, "point_uuid": "100", "field_of_view_rads": 1.3089969389957472, "point_pitch": -0.18726543982955413, "camera_rotation_original": [1.5743488073349, -0.006772358436137438, -1.2924582958221436], "camera_uuid": "b2b91e26cb9a4190a097925afea72a8a", "camera_location": [1.962995, 0.554659, 1.477478], "nonfixated_points_in_view": [0, 33, 44, 46, 19, 52, 54, 26, 63], "point_location": [-0.7310943007469177, 1.1805037260055542, 0.9350513815879822], "bounding_box_ranges": {"y": [-0.7410846514653378, 1.962995], "x": [-0.8239409663034896, 3.9417404889860848], "z": [-0.016744134165697755, 2.4453055429091934]}, "view_id": 4, "vanishing_points_gaussian_sphere": {"y": [0.9738678838610026, 0.047709006682185084, -0.22204773240340023], "x": [0.22707655971015356, -0.1864910210372165, 0.9558542436494686], "z": [-0.004192948162558743, 0.981297584708072, 0.19245121312117106]}, "camera_rotation_from_original_to_final": [-0.04425014555454254, 0.19255958497524261, 2.629648447036743], "point_normal": [0.9999203085899353, -0.007213909178972244, 0.010363196954131126], "skybox_img_path": "./img/high/b2b91e26cb9a4190a097925afea72a8a_skybox2.jpg", "room": "0_2", "camera_distance": 2.818514850687299, "obliqueness_angle": 0.2860202193260193, "camera_rotation_final": [1.377135157585144, 0.004192960448563099, 1.3417195081710815], "skybox_img": 2, "resolution": 512}