{"model_rotation_degrees": 0.0, "vanishing_points_image": {"y": [437.4602233941572, 264.14821458798116], "x": [190.64231151719028, 328.6009142539509], "z": [255.2556600829279, 72.43150900466446]}, "point_uuid": "19", "field_of_view_rads": 1.3089969389957472, "point_pitch": -0.241773053011622, "camera_rotation_original": [1.5759177207946777, 0.006587443873286247, -0.21082322299480438], "camera_uuid": "1eea2dc63a804bb98c4433aaf5355d4d", "camera_location": [0.081101, -0.078128, 1.481538], "nonfixated_points_in_view": [0, 33, 97, 35, 100, 38, 9, 10, 46, 79, 51, 54, 86, 89, 26, 93, 94, 63], "point_location": [-0.74021315574646, 3.8177809715270996, 0.5307125449180603], "bounding_box_ranges": {"y": [-0.7415897694859062, 2.1582467361067192], "x": [-0.078128, 6.879550190178119], "z": [-0.012952693119284486, 2.4453012105819596]}, "view_id": 1, "vanishing_points_gaussian_sphere": {"y": [0.978679136646308, -0.04394620192245942, 0.2006386773028261], "x": [-0.20535723297211547, -0.22811582246147755, 0.9517308329610638], "z": [-0.003943901529379763, 0.9726417135200989, 0.23227686660839145]}, "camera_rotation_from_original_to_final": [-0.23493094742298126, 0.04726569727063179, 0.4133421778678894], "point_normal": [0.9993535876274109, 0.01568739116191864, 0.03234681859612465], "skybox_img_path": "./img/high/1eea2dc63a804bb98c4433aaf5355d4d_skybox4.jpg", "room": "0_2", "camera_distance": 4.093498913876287, "obliqueness_angle": 1.376483678817749, "camera_rotation_final": [1.3363765478134155, 0.003943911753594875, 0.20683033764362335], "skybox_img": 4, "resolution": 512}