{"model_rotation_degrees": 0.0, "vanishing_points_image": {"y": [358.6357462515846, 279.6600119030939], "x": [420.0211700605601, 196.93322390433354], "z": [257.8358205295926, 116.07101816748366]}, "point_uuid": "8", "field_of_view_rads": 1.3089969389957472, "point_pitch": 0.29971499840286775, "camera_rotation_original": [1.5872206687927246, -0.0005325089441612363, -1.320854663848877], "camera_uuid": "79c2e897db51429e80749b3cde7e79d4", "camera_location": [6.713179, 1.533762, 1.484844], "nonfixated_points_in_view": [96, 71, 72, 103, 74, 43, 48, 83, 84, 21, 55, 61, 62], "point_location": [4.191406726837158, 3.4509470462799072, 2.427091360092163], "bounding_box_ranges": {"y": [3.496199891842501, 6.713179], "x": [1.3738525247805868, 2.722750797042318], "z": [0.42152413034019864, 2.4413087638804627]}, "view_id": 5, "vanishing_points_gaussian_sphere": {"y": [0.7937331587386617, -0.18297461332432344, -0.5800930646004664], "x": [0.608136140421712, 0.21900003047600122, 0.7630264879835394], "z": [0.012574077768585644, 0.9584149818999727, -0.2851010610957888]}, "camera_rotation_from_original_to_final": [0.05697983130812645, -0.26710131764411926, 2.232020854949951], "point_normal": [-0.007653122767806053, 0.007843519560992718, -0.9999399781227112], "skybox_img_path": "./img/high/79c2e897db51429e80749b3cde7e79d4_skybox3.jpg", "room": "0_5", "camera_distance": 3.304960613824001, "obliqueness_angle": 1.2925245761871338, "camera_rotation_final": [1.8599317073822021, -0.012574409134685993, 0.9170252084732056], "skybox_img": 3, "resolution": 512}