{"model_rotation_degrees": 0.0, "vanishing_points_image": {"y": [379.994893789671, 272.640598311556], "x": [384.5277078454613, 184.05269760574456], "z": [256.2506303167301, 114.77777885532922]}, "point_uuid": "101", "field_of_view_rads": 1.3089969389957472, "point_pitch": 0.2689545909550528, "camera_rotation_original": [1.5776946544647217, 0.0030656252056360245, -2.669447660446167], "camera_uuid": "c3d17a6983f9472b926dbc4e505ec89c", "camera_location": [5.294113, 2.145316, 1.475611], "nonfixated_points_in_view": [64, 90, 6, 76, 50, 58], "point_location": [7.536747455596924, 1.056921124458313, 2.1824684143066406], "bounding_box_ranges": {"y": [5.294113, 7.551364778275179], "x": [-0.8969809083695011, 2.571745883920543], "z": [0.38384764896962276, 2.452646024599582]}, "view_id": 3, "vanishing_points_gaussian_sphere": {"y": [0.899434759694766, -0.12070765243704143, -0.4200556816613207], "x": [0.4370517106987689, 0.24465301777091777, 0.8655233694539175], "z": [0.0017074039059184003, 0.9620678580738062, -0.27280491423942616]}, "camera_rotation_from_original_to_final": [-0.2432042807340622, -0.11716531962156296, 0.6604827642440796], "point_normal": [-0.9986716508865356, -0.025304408743977547, -0.04488521069288254], "skybox_img_path": "./img/high/c3d17a6983f9472b926dbc4e505ec89c_skybox4.jpg", "room": "0_5", "camera_distance": 2.591072964562189, "obliqueness_angle": 0.5236709117889404, "camera_rotation_final": [1.8471040725708008, -0.0017074047354981303, -2.0231151580810547], "skybox_img": 4, "resolution": 512}