{"model_rotation_degrees": 0.0, "vanishing_points_image": {"y": [425.25409846375317, 256.4414251307333], "x": [246.6136091884923, 193.09632791208813], "z": [257.25849194444794, 106.63329700925485]}, "point_uuid": "6", "field_of_view_rads": 1.3089969389957472, "point_pitch": 0.18351014057663484, "camera_rotation_original": [1.5834180116653442, 0.001621261122636497, -2.377124547958374], "camera_uuid": "c2e7d52588e94b929f2f91a2249562c5", "camera_location": [4.816021, -0.326724, 1.48248], "nonfixated_points_in_view": [50, 101, 58, 82, 76], "point_location": [7.5388593673706055, -0.24421626329421997, 2.015354871749878], "bounding_box_ranges": {"y": [4.816021, 7.548810484367147], "x": [-0.8949963692360454, 1.9975798052254965], "z": [0.08615679946532939, 2.4550764675717702]}, "view_id": 2, "vanishing_points_gaussian_sphere": {"y": [0.9995547184628695, -0.0026069003721470307, 0.029724886359134138], "x": [-0.028670483440779597, 0.19213760913829026, 0.9809491029273097], "z": [0.008268505178429912, 0.9813645312650501, -0.1919773127144012]}, "camera_rotation_from_original_to_final": [-0.13781820237636566, -0.1174449473619461, 0.8437204360961914], "point_normal": [-0.9994006752967834, -0.03062376379966736, -0.01614181324839592], "skybox_img_path": "./img/high/c2e7d52588e94b929f2f91a2249562c5_skybox3.jpg", "room": "0_5", "camera_distance": 2.7757182812077645, "obliqueness_angle": 0.1770344227552414, "camera_rotation_final": [1.7639795541763306, -0.008268599398434162, -1.5421209335327148], "skybox_img": 3, "resolution": 512}