{"model_rotation_degrees": 0.0, "vanishing_points_image": {"y": [396.66211589555814, 262.10089372332146], "x": [344.69429848905855, 205.69348334288077], "z": [255.29728701350197, 103.92947721395896]}, "point_uuid": "94", "field_of_view_rads": 1.3089969389957472, "point_pitch": 0.171731905141149, "camera_rotation_original": [1.5785316228866577, 0.0028458000160753727, 1.9192692041397095], "camera_uuid": "4c0d1c450c3c414c8e903e49190ad5f3", "camera_location": [0.164657, 1.413222, 1.481392], "nonfixated_points_in_view": [35, 38, 72, 9, 10, 73, 75, 13, 16, 48, 18, 51, 83, 53, 86, 89, 31], "point_location": [1.7540602684020996, 6.847204685211182, 2.423340082168579], "bounding_box_ranges": {"y": [-0.7398815095354829, 4.784704836040924], "x": [1.413222, 6.876202057014146], "z": [-0.01459515999453842, 2.4452929435348185]}, "view_id": 3, "vanishing_points_gaussian_sphere": {"y": [0.9599891098813443, -0.041637305806495176, -0.27692461731381146], "x": [0.28000023420087977, 0.15881332493498998, 0.9467725157980378], "z": [-0.004558262462488403, 0.9864302624049354, -0.16411751781895004]}, "camera_rotation_from_original_to_final": [-0.05570476874709129, 0.1470092535018921, -2.2077524662017822], "point_normal": [-0.08466596156358719, -0.5575627684593201, -0.8258060216903687], "skybox_img_path": "./img/high/4c0d1c450c3c414c8e903e49190ad5f3_skybox1.jpg", "room": "0_2", "camera_distance": 5.739480679442701, "obliqueness_angle": 0.8136362433433533, "camera_rotation_final": [1.7356613874435425, 0.004558278247714043, -0.28379738330841064], "skybox_img": 1, "resolution": 512}