{"model_rotation_degrees": 0.0, "vanishing_points_image": {"y": [444.1931670443297, 215.87755258343793], "x": [101.8004146912239, 184.21393506304656], "z": [256.12418681620574, 119.2614255978501]}, "point_uuid": "17", "field_of_view_rads": 1.3089969389957472, "point_pitch": 0.3290429870274405, "camera_rotation_original": [1.5785316228866577, 0.0028458000160753727, 1.9192692041397095], "camera_uuid": "4c0d1c450c3c414c8e903e49190ad5f3", "camera_location": [0.164657, 1.413222, 1.481392], "nonfixated_points_in_view": [39, 8, 9, 73, 11, 12, 13, 14, 75, 16, 48, 18, 51, 83, 53, 89, 91, 31], "point_location": [2.4947097301483154, 2.995417356491089, 2.417383909225464], "bounding_box_ranges": {"y": [0.164657, 5.923336817951995], "x": [1.125106550536939, 6.875411441002018], "z": [-0.011740250781473227, 2.4414602738369364]}, "view_id": 2, "vanishing_points_gaussian_sphere": {"y": [0.827456841822968, 0.17641232222685446, 0.5330983656764371], "x": [-0.5615286565431847, 0.2614140143233906, 0.785078519000575], "z": [0.0008618591334051962, 0.9489686009989259, -0.315369388998006]}, "camera_rotation_from_original_to_final": [-0.10662096738815308, 0.29498428106307983, -2.9100019931793213], "point_normal": [-0.07032286375761032, -0.015370506793260574, -0.9974059462547302], "skybox_img_path": "./img/high/4c0d1c450c3c414c8e903e49190ad5f3_skybox2.jpg", "room": "0_2", "camera_distance": 2.9679234307693276, "obliqueness_angle": 1.183210849761963, "camera_rotation_final": [1.8916423320770264, -0.000861859240103513, -0.9745640158653259], "skybox_img": 2, "resolution": 512}