{"model_rotation_degrees": 0.0, "vanishing_points_image": {"y": [441.4916678702355, 265.0194194966834], "x": [168.79401229071826, 303.3777355521298], "z": [256.73894911126865, 77.27658845664745]}, "point_uuid": "40", "field_of_view_rads": 1.3089969389957472, "point_pitch": -0.14637188514205413, "camera_rotation_original": [1.5761680603027344, 0.00989445485174656, -0.4241592288017273], "camera_uuid": "4941e1733c7d43ffb521d1025e32e0eb", "camera_location": [1.857551, 5.637887, 1.476438], "nonfixated_points_in_view": [64, 101, 8, 48, 81, 50, 90], "point_location": [2.0231661796569824, 5.056236743927002, 1.3807868957519531], "bounding_box_ranges": {"y": [1.5774252212541988, 5.917484534401056], "x": [2.49035059640968, 5.637887], "z": [0.4055786597560467, 2.442771477466641]}, "view_id": 2, "vanishing_points_gaussian_sphere": {"y": [0.9615877312075345, -0.04675661839804108, 0.2704863283552914], "x": [-0.27446740750823967, -0.1491141215435141, 0.9499645366917715], "z": [0.004083798091539267, 0.9877139248751564, 0.15621947766159464]}, "camera_rotation_from_original_to_final": [-0.15373586118221283, 0.053880829364061356, -2.4430737495422363], "point_normal": [-0.03456440567970276, 0.9993947744369507, 0.00392730301246047], "skybox_img_path": "./img/high/4941e1733c7d43ffb521d1025e32e0eb_skybox2.jpg", "room": "0_2", "camera_distance": 0.6122863248112835, "obliqueness_angle": 0.2860985994338989, "camera_rotation_final": [1.4139330387115479, -0.004083809442818165, -2.8635544776916504], "skybox_img": 2, "resolution": 512}