{"model_rotation_degrees": 0.0, "vanishing_points_image": {"y": [389.47724436655614, 242.20586100210977], "x": [362.6639055617146, 336.3223012681074], "z": [256.6245506293704, 69.66181728433835]}, "point_uuid": "37", "field_of_view_rads": 1.3089969389957472, "point_pitch": -0.2779744108531137, "camera_rotation_original": [1.579675316810608, 0.0016688042087480426, -0.18222443759441376], "camera_uuid": "421bc59cb37942a2a1b69459e69c6733", "camera_location": [4.087351, 5.595419, 1.470996], "nonfixated_points_in_view": [65, 66, 67, 68, 98, 70, 99, 104, 44, 77, 92, 48, 17, 49, 20, 84, 23, 60, 29, 95], "point_location": [2.7156472206115723, 1.964609980583191, 0.3279053568840027], "bounding_box_ranges": {"y": [-0.7415345572866077, 5.923167303978767], "x": [-0.9664161558614133, 5.595419], "z": [-0.015222236216339002, 2.44530192771874]}, "view_id": 1, "vanishing_points_gaussian_sphere": {"y": [0.9357961048887441, 0.09670937998292947, -0.33901761886127985], "x": [0.3525270385422054, -0.26546733729487815, 0.8973582227439775], "z": [0.0032151472310002764, 0.9592572067244971, 0.2825159715403685]}, "camera_rotation_from_original_to_final": [-0.29151836037635803, 0.048024732619524, 2.956263542175293], "point_normal": [0.1463414877653122, 0.9865273237228394, -0.07313109934329987], "skybox_img_path": "./img/high/421bc59cb37942a2a1b69459e69c6733_skybox2.jpg", "room": "0_2", "camera_distance": 4.046109219123951, "obliqueness_angle": 0.41721785068511963, "camera_rotation_final": [1.2843788862228394, -0.003215152770280838, 2.781320571899414], "skybox_img": 2, "resolution": 512}