{"model_rotation_degrees": 0.0, "vanishing_points_image": {"y": [432.1178626762405, 262.2955259486682], "x": [215.60906350898514, 334.6375852491907], "z": [256.86393091911526, 71.56367894327313]}, "point_uuid": "89", "field_of_view_rads": 1.3089969389957472, "point_pitch": -0.24376265605422454, "camera_rotation_original": [1.5743488073349, -0.006772358436137438, -1.2924582958221436], "camera_uuid": "b2b91e26cb9a4190a097925afea72a8a", "camera_location": [1.962995, 0.554659, 1.477478], "nonfixated_points_in_view": [10, 11, 13, 14, 17, 18, 19, 31, 38, 39, 48, 53, 56, 63, 72, 73, 74, 80, 83, 84, 85, 86, 93, 97], "point_location": [1.5399540662765503, 3.9235665798187256, 0.6108058094978333], "bounding_box_ranges": {"y": [-0.7416990045747316, 4.673177036728183], "x": [0.554659, 6.892867658544421], "z": [-0.012664501879779744, 2.445311924724435]}, "view_id": 0, "vanishing_points_gaussian_sphere": {"y": [0.9920526185858185, -0.03546200770237857, 0.12072302169320061], "x": [-0.12574181119618336, -0.24480819848104157, 0.9613833485522674], "z": [0.004538598255398863, 0.9689227997968587, 0.24732167143154418]}, "camera_rotation_from_original_to_final": [-0.06905940175056458, 0.24408183991909027, 1.4086204767227173], "point_normal": [0.01606062240898609, -0.9996132850646973, -0.022704102098941803], "skybox_img_path": "./img/high/b2b91e26cb9a4190a097925afea72a8a_skybox3.jpg", "room": "0_2", "camera_distance": 3.5042291979345457, "obliqueness_angle": 0.2931612730026245, "camera_rotation_final": [1.3208786249160767, -0.004538613837212324, 0.1260768473148346], "skybox_img": 3, "resolution": 512}