{"model_rotation_degrees": 0.0, "vanishing_points_image": {"y": [444.28498116243964, 260.07540963227024], "x": [82.26279788243481, 261.3338822539124], "z": [256.0042074763485, 87.0655220911368]}, "point_uuid": "16", "field_of_view_rads": 1.3089969389957472, "point_pitch": -0.017534657320704028, "camera_rotation_original": [1.5785316228866577, 0.0028458000160753727, 1.9192692041397095], "camera_uuid": "4c0d1c450c3c414c8e903e49190ad5f3", "camera_location": [0.164657, 1.413222, 1.481392], "nonfixated_points_in_view": [8, 9, 11, 12, 13, 14, 17, 18, 22, 31, 35, 39, 48, 51, 53, 72, 73, 75, 83, 89, 91, 94], "point_location": [4.663140296936035, 5.186703205108643, 1.3300076723098755], "bounding_box_ranges": {"y": [0.164657, 5.923316435584528], "x": [1.413222, 6.8828007255723245], "z": [-0.014402760245335156, 2.445198714098168]}, "view_id": 7, "vanishing_points_gaussian_sphere": {"y": [0.7661441655689835, -0.016583114026358488, 0.6424547594140735], "x": [-0.642668745890689, -0.01973048591245812, 0.7658900645529667], "z": [2.48976921258669e-05, 0.9996677989486544, 0.025773845759952906]}, "camera_rotation_from_original_to_final": [0.014144670218229294, -0.030516918748617172, -2.79225754737854], "point_normal": [-0.9998881220817566, 0.013060194440186024, 0.007297165226191282], "skybox_img_path": "./img/high/4c0d1c450c3c414c8e903e49190ad5f3_skybox2.jpg", "room": "0_2", "camera_distance": 5.873536390183452, "obliqueness_angle": 0.711165189743042, "camera_rotation_final": [1.5450196266174316, -2.4897692128433846e-05, -0.8728197813034058], "skybox_img": 2, "resolution": 512}