{"model_rotation_degrees": 0.0, "vanishing_points_image": {"y": [375.23566918044463, 265.4196313476868], "x": [395.5697493307132, 217.24443713095678], "z": [255.9292913770456, 102.43024345689217]}, "point_uuid": "52", "field_of_view_rads": 1.3089969389957472, "point_pitch": 0.16241200367477937, "camera_rotation_original": [1.5771442651748657, -0.011866987682878971, -1.0165622234344482], "camera_uuid": "22149045c4a4476eb44710bdb469a325", "camera_location": [2.693772, -0.285035, 1.48261], "nonfixated_points_in_view": [0, 33, 65, 97, 100, 44, 46, 79, 80, 19, 54, 26, 93, 63], "point_location": [-0.582731306552887, 1.4692943096160889, 2.0403730869293213], "bounding_box_ranges": {"y": [-0.7410839770709399, 2.693772], "x": [-0.8921402301047883, 5.784611125452726], "z": [-0.011271525148220718, 2.445189323975911]}, "view_id": 6, "vanishing_points_gaussian_sphere": {"y": [0.8816174642222724, -0.06964787936140673, -0.46679740753216403], "x": [0.47196444722989195, 0.13105452932518954, 0.8718223849468054], "z": [-0.00045533424299740725, 0.9889256206832807, -0.1484112847020575]}, "camera_rotation_from_original_to_final": [0.0858459323644638, -0.11468391865491867, 2.0917248725891113], "point_normal": [0.5518802404403687, 0.833149254322052, 0.03592600300908089], "skybox_img_path": "./img/high/22149045c4a4476eb44710bdb469a325_skybox3.jpg", "room": "0_2", "camera_distance": 3.7582235963995596, "obliqueness_angle": 1.4837888479232788, "camera_rotation_final": [1.7197579145431519, 0.0004553342587314546, 1.079278588294983], "skybox_img": 3, "resolution": 512}