{"model_rotation_degrees": 0.0, "vanishing_points_image": {"y": [404.50000973469474, 261.45388339248507], "x": [321.79774982628896, 217.56207515499636], "z": [257.7737850612768, 100.07901465268498]}, "point_uuid": "18", "field_of_view_rads": 1.3089969389957472, "point_pitch": 0.127017811932836, "camera_rotation_original": [1.5825356245040894, -0.0012060842709615827, -0.39747294783592224], "camera_uuid": "f9db34b350e54e138bcc5d0815a85293", "camera_location": [5.237017, 3.272563, 1.485191], "nonfixated_points_in_view": [0, 33, 97, 38, 74, 43, 46, 79, 48, 17, 19, 61, 84, 54, 86, 93, 89, 26, 29, 63], "point_location": [2.081400156021118, 3.921308755874634, 1.8853280544281006], "bounding_box_ranges": {"y": [-0.7416973005685028, 5.237017], "x": [1.5216927361345816, 6.8782221353329955], "z": [-0.01468600145791843, 2.444038158634924]}, "view_id": 7, "vanishing_points_gaussian_sphere": {"y": [0.979168890817195, -0.035961431663248375, -0.1998375807713695], "x": [0.2027334418406523, 0.11843342396378438, 0.9720456139748059], "z": [0.011288702993122677, 0.9923105862183191, -0.12325690919290914]}, "camera_rotation_from_original_to_final": [0.09929357469081879, -0.052526820451021194, 1.76219642162323], "point_normal": [-0.015624864026904106, -0.9997193217277527, 0.017810897901654243], "skybox_img_path": "./img/high/f9db34b350e54e138bcc5d0815a85293_skybox3.jpg", "room": "0_2", "camera_distance": 3.24636703332393, "obliqueness_angle": 1.38737154006958, "camera_rotation_final": [1.6943753957748413, -0.011288942769169807, 1.3666346073150635], "skybox_img": 3, "resolution": 512}