{"model_rotation_degrees": 0.0, "vanishing_points_image": {"y": [441.0520464165609, 237.5657846980211], "x": [167.01471078452923, 163.70199509554664], "z": [255.52824461026202, 119.42156958349024]}, "point_uuid": "54", "field_of_view_rads": 1.3089969389957472, "point_pitch": 0.31474371353653474, "camera_rotation_original": [1.5759177207946777, 0.006587443873286247, -0.21082322299480438], "camera_uuid": "1eea2dc63a804bb98c4433aaf5355d4d", "camera_location": [0.081101, -0.078128, 1.481538], "nonfixated_points_in_view": [0, 33, 35, 38, 9, 10, 46, 79, 19, 51, 86, 26, 93, 94, 63], "point_location": [-0.7286279797554016, 2.590883255004883, 2.4133124351501465], "bounding_box_ranges": {"y": [-0.7416576261034186, 1.8479345006576946], "x": [-0.078128, 6.877619022663364], "z": [-0.007142793512581402, 2.444053721997398]}, "view_id": 2, "vanishing_points_gaussian_sphere": {"y": [0.9566075897118538, 0.09529378685475184, 0.27535615753521614], "x": [-0.29136092133795405, 0.30220761188402306, 0.9076229243669721], "z": [-0.003276098712834286, 0.9484670018014527, -0.3168589807327337]}, "camera_rotation_from_original_to_final": [0.31012317538261414, -0.0682595744729042, 0.4942217767238617], "point_normal": [0.9274620413780212, 0.0078078461810946465, -0.37383586168289185], "skybox_img_path": "./img/high/1eea2dc63a804bb98c4433aaf5355d4d_skybox4.jpg", "room": "0_2", "camera_distance": 2.9406608153704927, "obliqueness_angle": 1.1952842473983765, "camera_rotation_final": [1.8932141065597534, 0.00327610457316041, 0.29565081000328064], "skybox_img": 4, "resolution": 512}