{"model_rotation_degrees": 0.0, "vanishing_points_image": {"y": [389.0361043630294, 258.01137056844937], "x": [365.70772255943206, 250.70589200305258], "z": [257.217185212535, 90.94089524108915]}, "point_uuid": "46", "field_of_view_rads": 1.3089969389957472, "point_pitch": 0.01380498806503816, "camera_rotation_original": [1.577962040901184, 0.007169065065681934, 1.18436598777771], "camera_uuid": "57ed0722da4246b593ad7c4c816002a1", "camera_location": [0.693011, 5.590496, 1.490906], "nonfixated_points_in_view": [65, 66, 67, 68, 98, 70, 99, 100, 104, 44, 77, 79, 80, 49, 92, 52, 20, 25, 60, 30, 95], "point_location": [-0.7327671051025391, 1.7683550119400024, 1.5756101608276367], "bounding_box_ranges": {"y": [-0.7405240166484075, 2.705202250108403], "x": [-0.9698913238636537, 5.590496], "z": [-0.019307799203469367, 2.4452876907592835]}, "view_id": 5, "vanishing_points_gaussian_sphere": {"y": [0.9368553734663996, -0.014164300240947432, -0.3494300814266246], "x": [0.34963932302238143, 0.016872361333153278, 0.9367324416392838], "z": [0.007372448954311398, 0.9997573185637242, -0.02075935872536197]}, "camera_rotation_from_original_to_final": [0.018593451008200645, 0.00711243599653244, 1.600097894668579], "point_normal": [0.9998667240142822, 0.01563180610537529, 0.004726110491901636], "skybox_img_path": "./img/high/57ed0722da4246b593ad7c4c816002a1_skybox3.jpg", "room": "0_2", "camera_distance": 4.080291764994365, "obliqueness_angle": 1.1983140707015991, "camera_rotation_final": [1.5915577411651611, -0.007372515741735697, 2.7843964099884033], "skybox_img": 3, "resolution": 512}