{"model_rotation_degrees": 0.0, "vanishing_points_image": {"y": [360.59745993225926, 231.6149553932872], "x": [416.73432723175273, 322.23765738677696], "z": [254.96914039554855, 68.38806886952352]}, "point_uuid": "92", "field_of_view_rads": 1.3089969389957472, "point_pitch": -0.3121130903575082, "camera_rotation_original": [1.5762215852737427, -0.0002412118628853932, -1.888368844985962], "camera_uuid": "029e8bd017804e6aba4c5206f049bf52", "camera_location": [2.031441, 2.853197, 1.471538], "nonfixated_points_in_view": [65, 98, 99, 68, 100, 104, 44, 77, 46, 47, 20, 52, 25, 60, 30, 95], "point_location": [-0.6486530900001526, -0.7832125425338745, 0.006644810549914837], "bounding_box_ranges": {"y": [-0.7416988367502562, 2.312574675756112], "x": [-0.9652586603242828, 2.853197], "z": [-0.012986599641205965, 2.445310940336718]}, "view_id": 1, "vanishing_points_gaussian_sphere": {"y": [0.8039709108265812, 0.1874315737275307, -0.56435820160134], "x": [0.5946456567451157, -0.2450499277682416, 0.7657330316859458], "z": [-0.005226610646226793, 0.9512202363652704, 0.3084683848797992]}, "camera_rotation_from_original_to_final": [0.1081724539399147, 0.3007519245147705, -1.872850775718689], "point_normal": [-0.0302384365350008, 0.02888224832713604, 0.9991253614425659], "skybox_img_path": "./img/high/029e8bd017804e6aba4c5206f049bf52_skybox1.jpg", "room": "0_2", "camera_distance": 4.748925338444182, "obliqueness_angle": 1.2521836757659912, "camera_rotation_final": [1.2572094202041626, 0.005226634442806244, -3.7784276008605957], "skybox_img": 1, "resolution": 512}