{"model_rotation_degrees": 0.0, "vanishing_points_image": {"y": [448.44758628107434, 258.0146660824764], "x": [115.99993007457984, 264.45834766698187], "z": [255.13456213163334, 86.77768411122773]}, "point_uuid": "16", "field_of_view_rads": 1.3089969389957472, "point_pitch": -0.01884440978499846, "camera_rotation_original": [1.5824408531188965, 0.001023429213091731, 1.5184667110443115], "camera_uuid": "82b91818426544f3b6c43aa394ec0dd3", "camera_location": [0.187142, 2.810302, 1.478821], "nonfixated_points_in_view": [69, 39, 8, 9, 75, 12, 78, 18, 51, 24, 28], "point_location": [4.663140296936035, 5.186703205108643, 1.3300076723098755], "bounding_box_ranges": {"y": [0.187142, 5.923338077281394], "x": [2.254602358574916, 6.8797251021248265], "z": [-0.014101761068664898, 2.4452658799449205]}, "view_id": 0, "vanishing_points_gaussian_sphere": {"y": [0.8832950115931271, -0.009246904755034046, 0.4687263778017501], "x": [-0.4687897082957257, -0.028322745392774285, 0.8828556119147822], "z": [-0.005111936101533006, 0.9995560598815193, 0.02935219350281051]}, "camera_rotation_from_original_to_final": [-0.0062329648062586784, -0.0407305508852005, -2.601083278656006], "point_normal": [-0.9998881220817566, 0.013060194440186024, 0.007297165226191282], "skybox_img_path": "./img/high/82b91818426544f3b6c43aa394ec0dd3_skybox2.jpg", "room": "0_2", "camera_distance": 5.069910174360058, "obliqueness_angle": 0.5015273094177246, "camera_rotation_final": [1.5414395332336426, 0.0051119583658874035, -1.082869291305542], "skybox_img": 2, "resolution": 512}