{"model_rotation_degrees": 0.0, "vanishing_points_image": {"y": [365.049103429214, 228.092497961761], "x": [408.63499886423756, 339.53944909666836], "z": [256.123735787389, 65.69232223502071]}, "point_uuid": "81", "field_of_view_rads": 1.3089969389957472, "point_pitch": -0.39135269721480803, "camera_rotation_original": [1.5776946544647217, 0.0030656252056360245, -2.669447660446167], "camera_uuid": "c3d17a6983f9472b926dbc4e505ec89c", "camera_location": [5.294113, 2.145316, 1.475611], "nonfixated_points_in_view": [64, 90, 6, 76, 50, 58], "point_location": [7.541360378265381, 0.6053747534751892, 0.3754005432128906], "bounding_box_ranges": {"y": [5.294113, 7.550747807708187], "x": [-0.8967903718014045, 2.527859157289523], "z": [-0.00691201579939249, 2.4512096375170325]}, "view_id": 2, "vanishing_points_gaussian_sphere": {"y": [0.8250423798902344, 0.21114223936161178, -0.5241412272874765], "x": [0.5650705335814002, -0.30927167050420784, 0.7648832106286348], "z": [0.0006028790010941405, 0.9272378274104766, 0.3744724929230576]}, "camera_rotation_from_original_to_final": [0.35010841488838196, 0.17720147967338562, 0.5300401449203491], "point_normal": [-0.9968967437744141, -0.041175149381160736, 0.06709296256303787], "skybox_img_path": "./img/high/c3d17a6983f9472b926dbc4e505ec89c_skybox4.jpg", "room": "0_5", "camera_distance": 2.938026766519428, "obliqueness_angle": 0.6981192827224731, "camera_rotation_final": [1.186968445777893, -0.0006028790376149118, -2.1713151931762695], "skybox_img": 4, "resolution": 512}