{"model_rotation_degrees": 0.0, "vanishing_points_image": {"y": [384.1918544564386, 246.62953782435218], "x": [376.0740280045264, 310.51589548350483], "z": [257.77220052688244, 74.94448630938861]}, "point_uuid": "55", "field_of_view_rads": 1.3089969389957472, "point_pitch": -0.1793965538355966, "camera_rotation_original": [1.5872206687927246, -0.0005325089441612363, -1.320854663848877], "camera_uuid": "79c2e897db51429e80749b3cde7e79d4", "camera_location": [6.713179, 1.533762, 1.484844], "nonfixated_points_in_view": [96, 1, 39, 8, 71, 72, 11, 43, 74, 14, 103, 48, 83, 84, 21, 61, 62], "point_location": [4.318838119506836, 2.570666551589966, 0.9756746292114258], "bounding_box_ranges": {"y": [3.4780020303342094, 6.713179], "x": [0.5848964890859287, 2.7445328285162525], "z": [-0.015607982764674455, 2.4396095958937973]}, "view_id": 2, "vanishing_points_gaussian_sphere": {"y": [0.9183465662565823, 0.06712853792256804, -0.39004274591526905], "x": [0.3956605863265917, -0.17963744141497132, 0.900657032432202], "z": [0.009606491161836024, 0.981439834650225, 0.19152954416824694]}, "camera_rotation_from_original_to_final": [-0.06142357736825943, 0.20025955140590668, 2.477607011795044], "point_normal": [-0.00476329680532217, -0.9999826550483704, 0.0034609814174473286], "skybox_img_path": "./img/high/79c2e897db51429e80749b3cde7e79d4_skybox2.jpg", "room": "0_5", "camera_distance": 2.658438112297629, "obliqueness_angle": 1.1740615367889404, "camera_rotation_final": [1.3780670166015625, -0.009606638923287392, 1.1639894247055054], "skybox_img": 2, "resolution": 512}