{"model_rotation_degrees": 0.0, "vanishing_points_image": {"y": [408.95563426035756, 249.92920526092502], "x": [305.59163011248484, 354.35947379335715], "z": [258.274207663809, 68.05803983339914]}, "point_uuid": "30", "field_of_view_rads": 1.3089969389957472, "point_pitch": -0.31720201571914153, "camera_rotation_original": [1.5827999114990234, -0.0022284637670964003, 1.2485463619232178], "camera_uuid": "de06f753bd6d4114a5c6e6a781ee950a", "camera_location": [0.724806, 4.289951, 1.483605], "nonfixated_points_in_view": [0, 5, 20, 25, 33, 34, 44, 46, 47, 49, 52, 60, 65, 66, 67, 68, 77, 87, 92, 95, 98, 99, 100, 104], "point_location": [0.0009009966161102057, -0.12246140092611313, -0.0047828727401793], "bounding_box_ranges": {"y": [-0.7416976355492805, 3.3855405188637913], "x": [-0.979916701465263, 4.289951], "z": [-0.016822596237070053, 2.445306127742379]}, "view_id": 0, "vanishing_points_gaussian_sphere": {"y": [0.9873542214697669, 0.03918799619436858, -0.15360970770137117], "x": [0.15811338386057153, -0.3136002829698805, 0.9362985743689726], "z": [0.011480382832906599, 0.9487461006378267, 0.3158307099294318]}, "camera_rotation_from_original_to_final": [-0.09992046654224396, -0.31868988275527954, 1.7480205297470093], "point_normal": [0.4630836844444275, -0.27109798789024353, 0.8438361883163452], "skybox_img_path": "./img/high/de06f753bd6d4114a5c6e6a781ee950a_skybox3.jpg", "room": "0_2", "camera_distance": 4.712612701960523, "obliqueness_angle": 1.4868828058242798, "camera_rotation_final": [1.2494423389434814, -0.011480635032057762, 2.982802391052246], "skybox_img": 3, "resolution": 512}