{"model_rotation_degrees": 0.0, "vanishing_points_image": {"y": [436.07800480740906, 250.35872824810437], "x": [197.5418142226904, 204.5474399800543], "z": [255.73749745959236, 103.69581683679543]}, "point_uuid": "12", "field_of_view_rads": 1.3089969389957472, "point_pitch": 0.17397196690109773, "camera_rotation_original": [1.5824408531188965, 0.001023429213091731, 1.5184667110443115], "camera_uuid": "82b91818426544f3b6c43aa394ec0dd3", "camera_location": [0.187142, 2.810302, 1.478821], "nonfixated_points_in_view": [69, 39, 8, 75, 78, 16, 18, 24, 91, 28], "point_location": [5.790200233459473, 3.836068630218506, 2.4121391773223877], "bounding_box_ranges": {"y": [0.187142, 5.923319803486185], "x": [1.1066781193928232, 5.196756031449781], "z": [-0.015045422482393267, 2.440662481455048]}, "view_id": 2, "vanishing_points_gaussian_sphere": {"y": [0.9836004023613308, 0.030813075538728245, 0.1777098839414193], "x": [-0.1803534184725027, 0.15873987475609794, 0.9707081418262138], "z": [-0.0017008585803680541, 0.9868395039408704, -0.16169384818794633]}, "camera_rotation_from_original_to_final": [0.007249913178384304, 0.15059083700180054, -2.907575845718384], "point_normal": [-0.014189704321324825, -0.9360116124153137, -0.35168299078941345], "skybox_img_path": "./img/high/82b91818426544f3b6c43aa394ec0dd3_skybox2.jpg", "room": "0_2", "camera_distance": 5.772134972063238, "obliqueness_angle": 1.3315426111221313, "camera_rotation_final": [1.733203411102295, 0.0017008594004437327, -1.3894503116607666], "skybox_img": 2, "resolution": 512}