{"model_rotation_degrees": 0.0, "vanishing_points_image": {"y": [430.37916435119854, 258.01401463407393], "x": [224.11141545197066, 272.64527686801733], "z": [257.1342480925125, 85.04405704790035]}, "point_uuid": "88", "field_of_view_rads": 1.3089969389957472, "point_pitch": -0.06084684928389983, "camera_rotation_original": [1.5825356245040894, -0.0012060842709615827, -0.39747294783592224], "camera_uuid": "f9db34b350e54e138bcc5d0815a85293", "camera_location": [5.237017, 3.272563, 1.485191], "nonfixated_points_in_view": [59, 45, 102, 7], "point_location": [4.890251636505127, 6.875192165374756, 1.3001559972763062], "bounding_box_ranges": {"y": [4.696700208741564, 5.923317086111078], "x": [3.272563, 6.893039088264297], "z": [-0.008714043534496563, 2.4453121640170967]}, "view_id": 4, "vanishing_points_gaussian_sphere": {"y": [0.9953452140162258, -0.011495867837437357, 0.0956856831383765], "x": [-0.09614573240553492, -0.050186371024339926, 0.9941012656181515], "z": [0.0066259395708754875, 0.9986737070665631, 0.05105804284078698]}, "camera_rotation_from_original_to_final": [-0.06003006920218468, 0.01930234767496586, 0.4929439425468445], "point_normal": [-0.3560677468776703, -0.9324744939804077, 0.06088721379637718], "skybox_img_path": "./img/high/f9db34b350e54e138bcc5d0815a85293_skybox4.jpg", "room": "0_2", "camera_distance": 3.624006266181908, "obliqueness_angle": 0.4600907862186432, "camera_rotation_final": [1.5197149515151978, -0.006625988055020571, 0.09629660099744797], "skybox_img": 4, "resolution": 512}