{"model_rotation_degrees": 0.0, "vanishing_points_image": {"y": [441.36068895815873, 232.16527518146663], "x": [161.42976393142612, 150.33532021038764], "z": [255.56982530184987, 125.8117896868402]}, "point_uuid": "26", "field_of_view_rads": 1.3089969389957472, "point_pitch": 0.3769647637989859, "camera_rotation_original": [1.5759177207946777, 0.006587443873286247, -0.21082322299480438], "camera_uuid": "1eea2dc63a804bb98c4433aaf5355d4d", "camera_location": [0.081101, -0.078128, 1.481538], "nonfixated_points_in_view": [0, 33, 35, 38, 9, 10, 46, 79, 19, 51, 54, 86, 94, 63], "point_location": [-0.6686898469924927, 2.1689658164978027, 2.440702438354492], "bounding_box_ranges": {"y": [-0.7408856652951258, 1.8461798265076113], "x": [-0.078128, 6.879493850330367], "z": [-0.006592860133590506, 2.443423243724231]}, "view_id": 3, "vanishing_points_gaussian_sphere": {"y": [0.9481893618619405, 0.12192354615676655, 0.29337958849314155], "x": [-0.3176909723554296, 0.3549606753825383, 0.8792470443600218], "z": [-0.00306270072125299, 0.9268967406483481, -0.3753039462086176]}, "camera_rotation_from_original_to_final": [0.3713639974594116, -0.08061898499727249, 0.5171122550964355], "point_normal": [-0.004829675890505314, 0.012352968566119671, -0.9999121427536011], "skybox_img_path": "./img/high/1eea2dc63a804bb98c4433aaf5355d4d_skybox4.jpg", "room": "0_2", "camera_distance": 2.5557021479671373, "obliqueness_angle": 1.1993190050125122, "camera_rotation_final": [1.955522894859314, 0.003062705509364605, 0.32329487800598145], "skybox_img": 4, "resolution": 512}