{"model_rotation_degrees": 0.0, "vanishing_points_image": {"y": [376.47622444735373, 260.6442118736579], "x": [393.79850129928906, 239.71606207943933], "z": [256.87188579626013, 94.69445797708883]}, "point_uuid": "56", "field_of_view_rads": 1.3089969389957472, "point_pitch": 0.06342811981705232, "camera_rotation_original": [1.5762215852737427, -0.0002412118628853932, -1.888368844985962], "camera_uuid": "029e8bd017804e6aba4c5206f049bf52", "camera_location": [2.031441, 2.853197, 1.471538], "nonfixated_points_in_view": [74, 75, 16, 48, 18, 84, 85, 31], "point_location": [4.111886978149414, 6.872122287750244, 1.7618186473846436], "bounding_box_ranges": {"y": [1.8098599595616074, 4.787805053057582], "x": [2.853197, 6.891700541579757], "z": [-0.002061484328461427, 2.442527323726499]}, "view_id": 1, "vanishing_points_gaussian_sphere": {"y": [0.8878930205591468, -0.034227195677274114, -0.458774980920303], "x": [0.4600183568242755, 0.05436133407993373, 0.8862437343878621], "z": [0.005394017709327694, 0.997934539152303, -0.06401218743201982]}, "camera_rotation_from_original_to_final": [-0.023229245096445084, -0.05408434197306633, 1.4111390113830566], "point_normal": [-0.27279582619667053, -0.5777772068977356, 0.7692567706108093], "skybox_img_path": "./img/high/029e8bd017804e6aba4c5206f049bf52_skybox3.jpg", "room": "0_2", "camera_distance": 4.534785401742072, "obliqueness_angle": 0.9422597289085388, "camera_rotation_final": [1.6348532438278198, -0.005394043866544962, -0.4780234098434448], "skybox_img": 3, "resolution": 512}