{"model_rotation_degrees": 0.0, "vanishing_points_image": {"y": [411.18146698088907, 250.95927539396178], "x": [299.26685978222093, 329.62832060908084], "z": [255.76925446730343, 72.51464250996729]}, "point_uuid": "63", "field_of_view_rads": 1.3089969389957472, "point_pitch": -0.2276518781993051, "camera_rotation_original": [1.5762215852737427, -0.0002412118628853932, -1.888368844985962], "camera_uuid": "029e8bd017804e6aba4c5206f049bf52", "camera_location": [2.031441, 2.853197, 1.471538], "nonfixated_points_in_view": [0, 33, 46, 80, 19, 54, 26], "point_location": [-0.73255854845047, 3.2270584106445312, 0.8098087310791016], "bounding_box_ranges": {"y": [-0.7416756159396742, 2.031441], "x": [1.081351723428684, 5.181187924755497], "z": [-0.009838966404075222, 2.445312480916927]}, "view_id": 2, "vanishing_points_gaussian_sphere": {"y": [0.9909361409416156, 0.03218835525811932, -0.13042037556116634], "x": [0.1343282076540119, -0.2285897425830032, 0.964210901314799], "z": [-0.0012236029581665542, 0.9729905648934184, 0.23084164144319227]}, "camera_rotation_from_original_to_final": [0.07714766263961792, 0.22576797008514404, -2.949887752532959], "point_normal": [0.9999049305915833, 0.009478474967181683, -0.010022217407822609], "skybox_img_path": "./img/high/029e8bd017804e6aba4c5206f049bf52_skybox2.jpg", "room": "0_2", "camera_distance": 2.866592244091978, "obliqueness_angle": 0.2817532420158386, "camera_rotation_final": [1.3378535509109497, 0.0012236032634973526, -4.8471245765686035], "skybox_img": 2, "resolution": 512}