{"model_rotation_degrees": 0.0, "vanishing_points_image": {"y": [377.60575333465806, 264.5679577785014], "x": [390.7036595111348, 214.18364858721182], "z": [254.85665521143892, 102.91906342280203]}, "point_uuid": "42", "field_of_view_rads": 1.3089969389957472, "point_pitch": 0.15254111687210603, "camera_rotation_original": [1.5776946544647217, 0.0030656252056360245, -2.669447660446167], "camera_uuid": "c3d17a6983f9472b926dbc4e505ec89c", "camera_location": [5.294113, 2.145316, 1.475611], "nonfixated_points_in_view": [57, 2, 27, 4, 36], "point_location": [3.745420217514038, -0.9040029644966125, 2.0069339275360107], "bounding_box_ranges": {"y": [3.489333796345524, 5.929310208477174], "x": [-0.9151927612883024, 2.145316], "z": [-0.013478896932917817, 2.45296724706619]}, "view_id": 0, "vanishing_points_gaussian_sphere": {"y": [0.8920928838872049, -0.06285405052022915, -0.44745910969719976], "x": [0.451791788177636, 0.14025071218118115, 0.8810300323302979], "z": [-0.007380152645061835, 0.9881189736392435, -0.153513606175686]}, "camera_rotation_from_original_to_final": [-0.12934942543506622, -0.0706467553973198, -0.9371245503425598], "point_normal": [-0.04277009516954422, 0.9990238547325134, 0.01105394959449768], "skybox_img_path": "./img/high/c3d17a6983f9472b926dbc4e505ec89c_skybox1.jpg", "room": "0_5", "camera_distance": 3.4610834413848255, "obliqueness_angle": 0.5368279218673706, "camera_rotation_final": [1.7249236106872559, 0.007380219642072916, -3.610379219055176], "skybox_img": 1, "resolution": 512}