{"model_rotation_degrees": 0.0, "vanishing_points_image": {"y": [354.1914583845803, 244.22856525084276], "x": [427.23261598560833, 287.2563455149859], "z": [256.3122637560488, 77.82119080760738]}, "point_uuid": "80", "field_of_view_rads": 1.3089969389957472, "point_pitch": -0.1436839540812631, "camera_rotation_original": [1.5762215852737427, -0.0002412118628853932, -1.888368844985962], "camera_uuid": "029e8bd017804e6aba4c5206f049bf52", "camera_location": [2.031441, 2.853197, 1.471538], "nonfixated_points_in_view": [19, 63], "point_location": [-0.005057885777205229, 4.5240864753723145, 1.0765630006790161], "bounding_box_ranges": {"y": [-0.7416973694698434, 2.031441], "x": [2.7928471226145084, 6.210127301379146], "z": [-0.009288098624515406, 2.445311129762192]}, "view_id": 1, "vanishing_points_gaussian_sphere": {"y": [0.773252750810053, 0.09269945115914759, -0.6272854175887393], "x": [0.6340955602609798, -0.11574611417898051, 0.7645427767690836], "z": [0.0017331537728509441, 0.9889437035581243, 0.14828131160311617]}, "camera_rotation_from_original_to_final": [0.0470818355679512, 0.14695672690868378, 2.775639533996582], "point_normal": [0.9999657273292542, 0.006691290531307459, 0.00488837668672204], "skybox_img_path": "./img/high/029e8bd017804e6aba4c5206f049bf52_skybox2.jpg", "room": "0_2", "camera_distance": 2.663682401507358, "obliqueness_angle": 0.7058755159378052, "camera_rotation_final": [1.4219659566879272, -0.00173315464053303, 0.883956789970398], "skybox_img": 2, "resolution": 512}