{"model_rotation_degrees": 0.0, "vanishing_points_image": {"y": [445.99250065681065, 248.02899453562597], "x": [140.7694180590629, 223.77410702579152], "z": [256.4147495866964, 98.94606324656509]}, "point_uuid": "52", "field_of_view_rads": 1.3089969389957472, "point_pitch": 0.11986787716415925, "camera_rotation_original": [1.5785322189331055, -0.004439795855432749, -0.3697104752063751], "camera_uuid": "b20b2b0634e241d794127bb70d0381ec", "camera_location": [4.119016, 3.356542, 1.473925], "nonfixated_points_in_view": [0, 33, 65, 66, 97, 98, 70, 100, 44, 46, 79, 18, 19, 20, 54, 89, 26, 93, 63], "point_location": [-0.582731306552887, 1.4692943096160889, 2.0403730869293213], "bounding_box_ranges": {"y": [-0.7416990525144724, 4.119016], "x": [-0.7339874020474584, 4.197949564862584], "z": [-0.016213074140787542, 2.4451068600402497]}, "view_id": 3, "vanishing_points_gaussian_sphere": {"y": [0.9281363473700021, 0.03893932587336181, 0.3701981220795146], "x": [-0.3722311552818677, 0.10409980727102365, 0.9222836858383987], "z": [0.0026244481700257115, 0.9938042860778292, -0.11111324513818766]}, "camera_rotation_from_original_to_final": [0.09729673713445663, -0.03570818528532982, 2.320547580718994], "point_normal": [0.5518802404403687, 0.833149254322052, 0.03592600300908089], "skybox_img_path": "./img/high/b20b2b0634e241d794127bb70d0381ec_skybox3.jpg", "room": "0_2", "camera_distance": 5.097940344951012, "obliqueness_angle": 0.62077397108078, "camera_rotation_final": [1.6821398735046387, -0.00262445118278265, 1.95220947265625], "skybox_img": 3, "resolution": 512}