{"model_rotation_degrees": 0.0, "vanishing_points_image": {"y": [448.61426194738453, 255.99108561159105], "x": [107.775969381337, 253.35785916258249], "z": [256.75014785662387, 89.84121065884575]}, "point_uuid": "103", "field_of_view_rads": 1.3089969389957472, "point_pitch": 0.019689158597264722, "camera_rotation_original": [1.5834180116653442, 0.001621261122636497, -2.377124547958374], "camera_uuid": "c2e7d52588e94b929f2f91a2249562c5", "camera_location": [4.816021, -0.326724, 1.48248], "nonfixated_points_in_view": [96, 1, 3, 21, 55, 62], "point_location": [3.5099494457244873, 1.9043967723846436, 1.502623438835144], "bounding_box_ranges": {"y": [3.4894957363921097, 5.198737118272923], "x": [-0.326724, 2.7441192428313097], "z": [-0.009435068016890868, 2.440481756017613]}, "view_id": 3, "vanishing_points_gaussian_sphere": {"y": [0.8630150420276841, 3.994123389214605e-05, 0.505178221659102], "x": [-0.505158051378064, 0.009004604120704543, 0.8629798724376756], "z": [0.004514461415512494, 0.9999594569327935, -0.007791285439555082]}, "camera_rotation_from_original_to_final": [-0.0007606734870932996, 0.007771728560328484, 2.9066855907440186], "point_normal": [0.998180627822876, -0.007966052740812302, 0.05976657196879387], "skybox_img_path": "./img/high/c2e7d52588e94b929f2f91a2249562c5_skybox2.jpg", "room": "0_5", "camera_distance": 2.585368176837888, "obliqueness_angle": 1.034834861755371, "camera_rotation_final": [1.5785877704620361, -0.004514476750046015, 0.5295710563659668], "skybox_img": 2, "resolution": 512}