{"model_rotation_degrees": 0.0, "vanishing_points_image": {"y": [438.1375661810005, 252.21457287891735], "x": [187.6099134936699, 232.27394191417093], "z": [255.26687686478158, 95.71916824716845]}, "point_uuid": "5", "field_of_view_rads": 1.3089969389957472, "point_pitch": 0.07266350189713044, "camera_rotation_original": [1.5762215852737427, -0.0002412118628853932, -1.888368844985962], "camera_uuid": "029e8bd017804e6aba4c5206f049bf52", "camera_location": [2.031441, 2.853197, 1.471538], "nonfixated_points_in_view": [32, 34, 99, 68, 104, 77, 47, 15, 87, 60], "point_location": [2.8425519466400146, -0.9270831942558289, 1.7644292116165161], "bounding_box_ranges": {"y": [0.20526488306701296, 4.083374188901065], "x": [-0.980110208829529, 2.853197], "z": [-0.009877492186631143, 2.445308240828913]}, "view_id": 2, "vanishing_points_gaussian_sphere": {"y": [0.9776639253484358, 0.020319122605604315, 0.20918982367416142], "x": [-0.21012483786821506, 0.07289702884167627, 0.974953114614704], "z": [-0.004560875260811453, 0.9971324668481085, -0.07553834770671836]}, "camera_rotation_from_original_to_final": [-0.01737797260284424, -0.06817302107810974, -1.041077971458435], "point_normal": [-0.7061556577682495, 0.5578699111938477, 0.43603378534317017], "skybox_img_path": "./img/high/029e8bd017804e6aba4c5206f049bf52_skybox1.jpg", "room": "0_2", "camera_distance": 3.877396806557215, "obliqueness_angle": 0.8517329096794128, "camera_rotation_final": [1.6464074850082397, 0.004560891073197126, -2.9298877716064453], "skybox_img": 1, "resolution": 512}