{"model_rotation_degrees": 0.0, "vanishing_points_image": {"y": [448.5246016314485, 259.2056424004058], "x": [113.36800903040239, 259.88994720467923], "z": [257.0993525337222, 87.66244174852211]}, "point_uuid": "32", "field_of_view_rads": 1.3089969389957472, "point_pitch": -0.008181854090418383, "camera_rotation_original": [1.5827999114990234, -0.0022284637670964003, 1.2485463619232178], "camera_uuid": "de06f753bd6d4114a5c6e6a781ee950a", "camera_location": [0.724806, 4.289951, 1.483605], "nonfixated_points_in_view": [34, 66, 67, 37, 5, 68, 99, 104, 77, 47, 15, 49, 87, 91, 60, 29], "point_location": [3.3714749813079834, -0.547901451587677, 1.3815891742706299], "bounding_box_ranges": {"y": [-0.10413436504530582, 3.5601539576814787], "x": [-0.9788762966590623, 4.289951], "z": [-0.01918697218122678, 2.445305316256768]}, "view_id": 2, "vanishing_points_gaussian_sphere": {"y": [0.8772205693269848, -0.01460621358368444, 0.47986532618474176], "x": [-0.4800431645776912, -0.01309203183297351, 0.8771471705732855], "z": [0.006529386791767034, 0.9998076101066806, 0.018496212609377564]}, "camera_rotation_from_original_to_final": [-0.005580126773566008, -0.0302931796759367, 2.3937127590179443], "point_normal": [-0.9998438358306885, 0.012481548823416233, 0.012518361210823059], "skybox_img_path": "./img/high/de06f753bd6d4114a5c6e6a781ee950a_skybox2.jpg", "room": "0_2", "camera_distance": 5.515440056603764, "obliqueness_angle": 1.0575933456420898, "camera_rotation_final": [1.552298665046692, -0.006529433187097311, 3.642308235168457], "skybox_img": 2, "resolution": 512}