{"model_rotation_degrees": 0.0, "vanishing_points_image": {"y": [402.03267231202983, 252.28760382319985], "x": [328.97694708665693, 299.32933539175883], "z": [257.1445970869791, 78.64267296967702]}, "point_uuid": "48", "field_of_view_rads": 1.3089969389957472, "point_pitch": -0.1328049143168588, "camera_rotation_original": [1.5743488073349, -0.006772358436137438, -1.2924582958221436], "camera_uuid": "b2b91e26cb9a4190a097925afea72a8a", "camera_location": [1.962995, 0.554659, 1.477478], "nonfixated_points_in_view": [10, 11, 13, 14, 16, 17, 18, 31, 38, 39, 53, 56, 72, 73, 74, 75, 83, 84, 85, 86, 89, 91], "point_location": [2.8807075023651123, 4.485979080200195, 0.9209252595901489], "bounding_box_ranges": {"y": [-0.06065649192697564, 4.782511272885437], "x": [0.554659, 6.891291975590264], "z": [-0.013685516265908415, 2.445234199906068]}, "view_id": 8, "vanishing_points_gaussian_sphere": {"y": [0.9739991041707129, 0.02476069562572991, -0.22519470026352464], "x": [0.226461639944921, -0.13445934287836647, 0.964694672290759], "z": [0.006393020264769484, 0.9906097077380415, 0.13657062724849156]}, "camera_rotation_from_original_to_final": [-0.03855130448937416, 0.13519467413425446, 1.0604732036590576], "point_normal": [0.022127626463770866, -0.008345723152160645, 0.9997203350067139], "skybox_img_path": "./img/high/b2b91e26cb9a4190a097925afea72a8a_skybox3.jpg", "room": "0_2", "camera_distance": 4.075196380212874, "obliqueness_angle": 1.4307382106781006, "camera_rotation_final": [1.4337947368621826, -0.006393063813447952, -0.22844815254211426], "skybox_img": 3, "resolution": 512}