{"model_rotation_degrees": 0.0, "vanishing_points_image": {"y": [358.5233151202806, 240.62128901740277], "x": [421.4025754295371, 299.21043232682837], "z": [256.04392331055294, 74.52211377111443]}, "point_uuid": "64", "field_of_view_rads": 1.3089969389957472, "point_pitch": -0.2068853815409799, "camera_rotation_original": [1.5776946544647217, 0.0030656252056360245, -2.669447660446167], "camera_uuid": "c3d17a6983f9472b926dbc4e505ec89c", "camera_location": [5.294113, 2.145316, 1.475611], "nonfixated_points_in_view": [90, 6, 101, 76, 81, 50, 58], "point_location": [7.368668079376221, 0.5712490081787109, 0.9495174288749695], "bounding_box_ranges": {"y": [5.294113, 7.550343220842153], "x": [-0.8965740825225379, 2.3163706033924973], "z": [-0.004893612075887566, 2.4550773128630308]}, "view_id": 1, "vanishing_points_gaussian_sphere": {"y": [0.7966707842029344, 0.1195022783272488, -0.5924819550603025], "x": [0.6044134390592609, -0.15789939145791484, 0.7808662989665884], "z": [0.00023723835834349864, 0.9801974227939069, 0.19802261503713253]}, "camera_rotation_from_original_to_final": [0.1827583909034729, 0.09616506099700928, 0.4587334096431732], "point_normal": [-0.1480383723974228, 0.9002692699432373, 0.4093896448612213], "skybox_img_path": "./img/high/c3d17a6983f9472b926dbc4e505ec89c_skybox4.jpg", "room": "0_5", "camera_distance": 2.656734691604127, "obliqueness_angle": 0.7523869872093201, "camera_rotation_final": [1.3714561462402344, -0.00023723836056888103, -2.2198257446289062], "skybox_img": 4, "resolution": 512}