{"model_rotation_degrees": 0.0, "vanishing_points_image": {"y": [438.45550904876393, 264.8444848298922], "x": [184.67008723738454, 308.4072448837911], "z": [257.8205135991753, 76.38185063490275]}, "point_uuid": "50", "field_of_view_rads": 1.3089969389957472, "point_pitch": -0.17829637130233245, "camera_rotation_original": [1.5834180116653442, 0.001621261122636497, -2.377124547958374], "camera_uuid": "c2e7d52588e94b929f2f91a2249562c5", "camera_location": [4.816021, -0.326724, 1.48248], "nonfixated_points_in_view": [58, 101, 76, 82, 6], "point_location": [7.543033599853516, 0.28950852155685425, 1.0014065504074097], "bounding_box_ranges": {"y": [4.816021, 7.548257859439076], "x": [-0.8955719231446637, 2.5850265810607005], "z": [-0.006762100895737477, 2.4550340259755785]}, "view_id": 1, "vanishing_points_gaussian_sphere": {"y": [0.9749770796733767, -0.04726176828324277, 0.21722343190897989], "x": [-0.22208091060351853, -0.16316645030461646, 0.9612787205803025], "z": [0.009988155840103537, 0.9854658973063107, 0.1695794857557411]}, "camera_rotation_from_original_to_final": [0.12479662150144577, 0.13474141061306, 1.037951111793518], "point_normal": [-0.9995605945587158, -0.006914979312568903, -0.02882673591375351], "skybox_img_path": "./img/high/c2e7d52588e94b929f2f91a2249562c5_skybox3.jpg", "room": "0_5", "camera_distance": 2.836859537411521, "obliqueness_angle": 0.2926945686340332, "camera_rotation_final": [1.400384783744812, -0.009988321922719479, -1.346836805343628], "skybox_img": 3, "resolution": 512}