{"model_rotation_degrees": 0.0, "vanishing_points_image": {"y": [409.9337611038224, 248.87060895600862], "x": [303.71584821425387, 340.8994310621264], "z": [254.9371493854749, 70.2903804534888]}, "point_uuid": "34", "field_of_view_rads": 1.3089969389957472, "point_pitch": -0.2676721056315561, "camera_rotation_original": [1.5759177207946777, 0.006587443873286247, -0.21082322299480438], "camera_uuid": "1eea2dc63a804bb98c4433aaf5355d4d", "camera_location": [0.081101, -0.078128, 1.481538], "nonfixated_points_in_view": [32, 5, 22, 15], "point_location": [3.3761699199676514, -0.5724191069602966, 0.5452693700790405], "bounding_box_ranges": {"y": [0.081101, 3.5178683085422358], "x": [-0.9791705125024763, 1.8022276760533076], "z": [-0.017074755219153692, 2.445306693359859]}, "view_id": 2, "vanishing_points_gaussian_sphere": {"y": [0.9886890935790065, 0.04579080715308448, -0.14281833992240536], "x": [0.14987834877361703, -0.2666742186427255, 0.95206162703902], "z": [-0.005509701154936981, 0.9626983240307221, 0.27052094207588134]}, "camera_rotation_from_original_to_final": [-0.27334901690483093, 0.056867536157369614, -1.5165448188781738], "point_normal": [-0.9998093843460083, 0.0164660457521677, -0.010493502952158451], "skybox_img_path": "./img/high/1eea2dc63a804bb98c4433aaf5355d4d_skybox1.jpg", "room": "0_2", "camera_distance": 3.4609829251686004, "obliqueness_angle": 0.31306833028793335, "camera_rotation_final": [1.2968579530715942, 0.005509729031473398, -1.7212438583374023], "skybox_img": 1, "resolution": 512}