{"model_rotation_degrees": 0.0, "vanishing_points_image": {"y": [348.1423496201374, 271.62500948705184], "x": [433.0093000105178, 221.59172826195638], "z": [256.43967428067805, 105.59116180677313]}, "point_uuid": "91", "field_of_view_rads": 1.3089969389957472, "point_pitch": 0.19421549240616365, "camera_rotation_original": [1.5827999114990234, -0.0022284637670964003, 1.2485463619232178], "camera_uuid": "de06f753bd6d4114a5c6e6a781ee950a", "camera_location": [0.724806, 4.289951, 1.483605], "nonfixated_points_in_view": [32, 34, 67, 37, 5, 15, 47, 49, 87, 29], "point_location": [3.363640546798706, 1.8660714626312256, 2.1443212032318115], "bounding_box_ranges": {"y": [0.724806, 3.559260328729482], "x": [-0.9807117674490957, 4.289951], "z": [-0.015241809169566745, 2.445107431087775]}, "view_id": 7, "vanishing_points_gaussian_sphere": {"y": [0.7361040692617559, -0.1248246122775098, -0.6652590588530557], "x": [0.6768622719730139, 0.13157309238493792, 0.7242554702173776], "z": [0.0028747166493597793, 0.9834161568380063, -0.18134055937421156]}, "camera_rotation_from_original_to_final": [0.0550740584731102, 0.16128048300743103, 2.7252347469329834], "point_normal": [-0.9979714751243591, 0.05230462923645973, -0.03629530966281891], "skybox_img_path": "./img/high/de06f753bd6d4114a5c6e6a781ee950a_skybox2.jpg", "room": "0_2", "camera_distance": 3.643512681623323, "obliqueness_angle": 0.701051652431488, "camera_rotation_final": [1.7531465291976929, -0.002874720608815551, 3.968893527984619], "skybox_img": 2, "resolution": 512}