{"model_rotation_degrees": 0.0, "vanishing_points_image": {"y": [444.10573265978417, 297.38120625956543], "x": [106.66886352825709, 335.5268476177752], "z": [255.78816180307115, 66.8822956320373]}, "point_uuid": "100", "field_of_view_rads": 1.3089969389957472, "point_pitch": -0.35809914668532805, "camera_rotation_original": [1.5759177207946777, 0.006587443873286247, -0.21082322299480438], "camera_uuid": "1eea2dc63a804bb98c4433aaf5355d4d", "camera_location": [0.081101, -0.078128, 1.481538], "nonfixated_points_in_view": [0, 33, 97, 38, 10, 46, 19, 93, 63], "point_location": [-0.7310943007469177, 1.1805037260055542, 0.9350513815879822], "bounding_box_ranges": {"y": [-0.7398615696650351, 0.735028212549839], "x": [-0.078128, 6.5153826675772235], "z": [-0.007487723934642476, 2.445312441911732]}, "view_id": 7, "vanishing_points_gaussian_sphere": {"y": [0.8404510177522515, -0.18489004255691727, 0.509369962721111], "x": [-0.5418865005067671, -0.2885836548902558, 0.789353212889332], "z": [-0.0010522964098235554, 0.939433417701054, 0.3427298445988951]}, "camera_rotation_from_original_to_final": [-0.34872356057167053, 0.06776802241802216, 0.7729321718215942], "point_normal": [0.9999203085899353, -0.007213909178972244, 0.010363196954131126], "skybox_img_path": "./img/high/1eea2dc63a804bb98c4433aaf5355d4d_skybox4.jpg", "room": "0_2", "camera_distance": 1.5945101682847729, "obliqueness_angle": 1.0256125926971436, "camera_rotation_final": [1.2209749221801758, 0.0010522966040298343, 0.5726804733276367], "skybox_img": 4, "resolution": 512}