{"model_rotation_degrees": 0.0, "vanishing_points_image": {"y": [389.9822051771823, 261.0452847412344], "x": [362.92711964794603, 221.8432371655341], "z": [255.35286527733754, 99.2791580294318]}, "point_uuid": "51", "field_of_view_rads": 1.3089969389957472, "point_pitch": 0.12212069431808992, "camera_rotation_original": [1.5785316228866577, 0.0028458000160753727, 1.9192692041397095], "camera_uuid": "4c0d1c450c3c414c8e903e49190ad5f3", "camera_location": [0.164657, 1.413222, 1.481392], "nonfixated_points_in_view": [35, 38, 72, 9, 10, 11, 73, 13, 14, 75, 16, 17, 18, 48, 83, 53, 86, 89, 94, 31], "point_location": [1.3798011541366577, 4.748743534088135, 1.8913425207138062], "bounding_box_ranges": {"y": [-0.6819352588739684, 4.788612114968266], "x": [1.413222, 6.87535263996487], "z": [-0.01398004114338991, 2.445309930391553]}, "view_id": 2, "vanishing_points_gaussian_sphere": {"y": [0.9397458713114145, -0.035387427001186626, -0.34003739112542614], "x": [0.34184919419861975, 0.10920019065172515, 0.9333886900897082], "z": [-0.004101923805329012, 0.9933896759942005, -0.11471759171649616]}, "camera_rotation_from_original_to_final": [-0.03794266656041145, 0.10033079981803894, -2.2704343795776367], "point_normal": [-0.9962276816368103, 0.08667344599962234, -0.00426408601924777], "skybox_img_path": "./img/high/4c0d1c450c3c414c8e903e49190ad5f3_skybox1.jpg", "room": "0_2", "camera_distance": 3.5735611857904153, "obliqueness_angle": 1.3094890117645264, "camera_rotation_final": [1.6857680082321167, 0.004101935308426619, -0.34888699650764465], "skybox_img": 1, "resolution": 512}