{"model_rotation_degrees": 0.0, "vanishing_points_image": {"y": [404.3934237739798, 250.33112956442955], "x": [321.11041914463146, 325.91203198879924], "z": [257.56478752381344, 73.0369751072662]}, "point_uuid": "92", "field_of_view_rads": 1.3089969389957472, "point_pitch": -0.22982351382705168, "camera_rotation_original": [1.577962040901184, 0.007169065065681934, 1.18436598777771], "camera_uuid": "57ed0722da4246b593ad7c4c816002a1", "camera_location": [0.693011, 5.590496, 1.490906], "nonfixated_points_in_view": [5, 20, 25, 30, 44, 46, 49, 52, 60, 65, 66, 67, 68, 70, 77, 79, 80, 87, 95, 98, 99, 100, 104], "point_location": [-0.6486530900001526, -0.7832125425338745, 0.006644810549914837], "bounding_box_ranges": {"y": [-0.7415506684509248, 3.3825660355643468], "x": [-0.9807899600023342, 5.590496], "z": [-0.017149757273803745, 2.4452915470828542]}, "view_id": 0, "vanishing_points_gaussian_sphere": {"y": [0.9789106344853608, 0.03739598031885721, -0.20083702434426837], "x": [0.20411869262076088, -0.21917156663229903, 0.954096108210664], "z": [0.008338405978358224, 0.9749694174875104, 0.22218259596513115]}, "camera_rotation_from_original_to_final": [-0.07402833551168442, -0.21980281174182892, 1.759692668914795], "point_normal": [-0.0302384365350008, 0.02888224832713604, 0.9991253614425659], "skybox_img_path": "./img/high/57ed0722da4246b593ad7c4c816002a1_skybox3.jpg", "room": "0_2", "camera_distance": 6.6803636264481865, "obliqueness_angle": 1.3248525857925415, "camera_rotation_final": [1.346735954284668, -0.00833850260823965, 2.9360220432281494], "skybox_img": 3, "resolution": 512}