{"model_rotation_degrees": 0.0, "vanishing_points_image": {"y": [350.986182300491, 231.73759316879338], "x": [428.1786705947465, 312.3389498874449], "z": [255.93724030945057, 69.32843460930188]}, "point_uuid": "90", "field_of_view_rads": 1.3089969389957472, "point_pitch": -0.3007908304545541, "camera_rotation_original": [1.5776946544647217, 0.0030656252056360245, -2.669447660446167], "camera_uuid": "c3d17a6983f9472b926dbc4e505ec89c", "camera_location": [5.294113, 2.145316, 1.475611], "nonfixated_points_in_view": [64, 101, 6, 76, 81, 50, 58], "point_location": [7.387649059295654, 0.2979590594768524, 0.6325351595878601], "bounding_box_ranges": {"y": [5.294113, 7.551084487943308], "x": [-0.8961518258753745, 2.273219828856155], "z": [-0.007233992354930718, 2.4550762554266905]}, "view_id": 0, "vanishing_points_gaussian_sphere": {"y": [0.74975223640677, 0.1915098948261868, -0.6333999875171374], "x": [0.6617185809805072, -0.21652234765593223, 0.7178067933300072], "z": [-0.00032185119370333246, 0.9573097895400561, 0.28906377023518987]}, "camera_rotation_from_original_to_final": [0.267805278301239, 0.13721752166748047, 0.3945677876472473], "point_normal": [0.26993680000305176, 0.21104004979133606, 0.9394658803939819], "skybox_img_path": "./img/high/c3d17a6983f9472b926dbc4e505ec89c_skybox4.jpg", "room": "0_5", "camera_distance": 2.9165727373166463, "obliqueness_angle": 1.3577115535736084, "camera_rotation_final": [1.2775475978851318, 0.0003218511992599815, -2.293905019760132], "skybox_img": 4, "resolution": 512}