{"model_rotation_degrees": 0.0, "vanishing_points_image": {"y": [447.3409883442282, 249.4225864598844], "x": [93.27153647449519, 240.1536862279505], "z": [257.5800131975688, 94.53739710900817]}, "point_uuid": "5", "field_of_view_rads": 1.3089969389957472, "point_pitch": 0.06864245335129304, "camera_rotation_original": [1.5824408531188965, 0.001023429213091731, 1.5184667110443115], "camera_uuid": "82b91818426544f3b6c43aa394ec0dd3", "camera_location": [0.187142, 2.810302, 1.478821], "nonfixated_points_in_view": [32, 34, 67, 68, 99, 104, 77, 15, 22, 87, 60], "point_location": [2.8425519466400146, -0.9270831942558289, 1.7644292116165161], "bounding_box_ranges": {"y": [0.0245610278170679, 3.3822400017167005], "x": [-0.9809216835472285, 2.810302], "z": [-0.014109889287974298, 2.4453059735824905]}, "view_id": 1, "vanishing_points_gaussian_sphere": {"y": [0.8155039810731229, 0.028033235186800235, 0.5780721361377394], "x": [-0.5786690570865703, 0.05635013844601701, 0.8136134120500069], "z": [0.009766228772013554, 0.9980174345281131, -0.06217572800938027]}, "camera_rotation_from_original_to_final": [0.013434750959277153, 0.04993760213255882, 2.240812301635742], "point_normal": [-0.7061556577682495, 0.5578699111938477, 0.43603378534317017], "skybox_img_path": "./img/high/82b91818426544f3b6c43aa394ec0dd3_skybox3.jpg", "room": "0_2", "camera_distance": 4.593563306349399, "obliqueness_angle": 0.5826843976974487, "camera_rotation_final": [1.6330151557922363, -0.009766384027898312, 3.7587223052978516], "skybox_img": 3, "resolution": 512}