{"model_rotation_degrees": 0.0, "vanishing_points_image": {"y": [439.5366026656109, 249.5729931606224], "x": [180.33725675882215, 205.98157360651365], "z": [256.590218606405, 103.50337763662417]}, "point_uuid": "86", "field_of_view_rads": 1.3089969389957472, "point_pitch": 0.1669849912312369, "camera_rotation_original": [1.5743488073349, -0.006772358436137438, -1.2924582958221436], "camera_uuid": "b2b91e26cb9a4190a097925afea72a8a", "camera_location": [1.962995, 0.554659, 1.477478], "nonfixated_points_in_view": [97, 38, 72, 73, 10, 74, 13, 48, 17, 18, 19, 80, 83, 84, 85, 56, 89, 93, 63], "point_location": [0.5567976832389832, 6.327682971954346, 2.438554525375366], "bounding_box_ranges": {"y": [-0.7416991164617983, 4.672847732127604], "x": [0.554659, 6.892469096774082], "z": [-0.014381839405348096, 2.445283406978531]}, "view_id": 3, "vanishing_points_gaussian_sphere": {"y": [0.9717312278167595, 0.034027671627951, 0.233624781325341], "x": [-0.23605894018878537, 0.15605166054739725, 0.9591267152974874], "z": [0.0038206861531038727, 0.9871625989693796, -0.1596728078081526]}, "camera_rotation_from_original_to_final": [0.04620026424527168, -0.14992760121822357, 1.528130054473877], "point_normal": [-0.0011294455034658313, 0.0041487752459943295, -0.9999907612800598], "skybox_img_path": "./img/high/b2b91e26cb9a4190a097925afea72a8a_skybox3.jpg", "room": "0_2", "camera_distance": 6.019042057703549, "obliqueness_angle": 1.4147355556488037, "camera_rotation_final": [1.7311567068099976, -0.003820695448666811, 0.23830993473529816], "skybox_img": 3, "resolution": 512}