{"model_rotation_degrees": 0.0, "vanishing_points_image": {"y": [395.9535360176845, 256.45528551826], "x": [347.2477186916082, 261.60061867736795], "z": [257.340369523999, 87.87926156108686]}, "point_uuid": "62", "field_of_view_rads": 1.3089969389957472, "point_pitch": -0.0015031536433358639, "camera_rotation_original": [1.5872206687927246, -0.0005325089441612363, -1.320854663848877], "camera_uuid": "79c2e897db51429e80749b3cde7e79d4", "camera_location": [6.713179, 1.533762, 1.484844], "nonfixated_points_in_view": [96, 1, 39, 8, 71, 72, 11, 43, 74, 14, 103, 48, 83, 84, 21, 55, 61], "point_location": [3.5081350803375244, 2.486759662628174, 1.4317649602890015], "bounding_box_ranges": {"y": [3.4754472080785925, 6.713179], "x": [0.30187304922692326, 2.744470508011842], "z": [-0.024917994410391442, 2.441897175693959]}, "view_id": 1, "vanishing_points_gaussian_sphere": {"y": [0.9585300440783805, -0.0031182123746472156, -0.28497443981993303], "x": [0.28487999462921165, -0.017485414886055494, 0.9584036983058459], "z": [0.007971402584137732, 0.9998422560673504, 0.015871979176917305]}, "camera_rotation_from_original_to_final": [-0.015202263370156288, 0.02945166826248169, 2.6023991107940674], "point_normal": [0.9984113574028015, -0.0527174174785614, -0.019892165437340736], "skybox_img_path": "./img/high/79c2e897db51429e80749b3cde7e79d4_skybox2.jpg", "room": "0_5", "camera_distance": 3.3441485302277694, "obliqueness_angle": 0.23894405364990234, "camera_rotation_final": [1.554923176765442, -0.007971487008035183, 1.2819056510925293], "skybox_img": 2, "resolution": 512}