{"model_rotation_degrees": 0.0, "vanishing_points_image": {"y": [390.1295093522426, 245.20949284113408], "x": [362.27876665565555, 313.371093747502], "z": [254.65813662107203, 74.38401076700617]}, "point_uuid": "89", "field_of_view_rads": 1.3089969389957472, "point_pitch": -0.20580701430770354, "camera_rotation_original": [1.5759177207946777, 0.006587443873286247, -0.21082322299480438], "camera_uuid": "1eea2dc63a804bb98c4433aaf5355d4d", "camera_location": [0.081101, -0.078128, 1.481538], "nonfixated_points_in_view": [0, 8, 9, 10, 11, 13, 14, 16, 17, 18, 19, 31, 33, 35, 38, 39, 48, 51, 53, 56, 63, 72, 73, 75, 79, 83, 84, 86, 93, 94, 97], "point_location": [1.5399540662765503, 3.9235665798187256, 0.6108058094978333], "bounding_box_ranges": {"y": [-0.7416976641183014, 4.789305041591794], "x": [-0.078128, 6.89127871965482], "z": [-0.01608918327323261, 2.445312277136207]}, "view_id": 3, "vanishing_points_gaussian_sphere": {"y": [0.9389822873985614, 0.07553964182195147, -0.3355682143248625], "x": [0.34388932413602635, -0.1856373316571903, 0.9204775466248297], "z": [-0.007238556280952662, 0.9797104386545086, 0.20028744267766235]}, "camera_rotation_from_original_to_final": [-0.20215731859207153, 0.043750498443841934, -0.14324559271335602], "point_normal": [0.01606062240898609, -0.9996132850646973, -0.022704102098941803], "skybox_img_path": "./img/high/1eea2dc63a804bb98c4433aaf5355d4d_skybox4.jpg", "room": "0_2", "camera_distance": 4.347411636367081, "obliqueness_angle": 0.42706647515296936, "camera_rotation_final": [1.3691396713256836, 0.0072386194951832294, -0.3510653078556061], "skybox_img": 4, "resolution": 512}