{"model_rotation_degrees": 0.0, "vanishing_points_image": {"y": [368.1144966626199, 235.3434436091181], "x": [405.10393962515366, 330.0022789209702], "z": [258.2850456311387, 68.43081024338528]}, "point_uuid": "72", "field_of_view_rads": 1.3089969389957472, "point_pitch": -0.3012469251963754, "camera_rotation_original": [1.5872206687927246, -0.0005325089441612363, -1.320854663848877], "camera_uuid": "79c2e897db51429e80749b3cde7e79d4", "camera_location": [6.713179, 1.533762, 1.484844], "nonfixated_points_in_view": [96, 1, 39, 8, 71, 74, 11, 43, 103, 14, 48, 83, 84, 21, 55, 61, 62], "point_location": [2.829725742340088, 4.017667293548584, -0.006452821660786867], "bounding_box_ranges": {"y": [3.4768521218955337, 6.713179], "x": [1.0578553232485175, 2.7446174414311226], "z": [-0.01034683937213221, 2.436788251749617]}, "view_id": 3, "vanishing_points_gaussian_sphere": {"y": [0.8443774428702709, 0.15557247976883365, -0.5126635714681104], "x": [0.5356233777908567, -0.26583704427608845, 0.8015224657203729], "z": [0.011590130964557329, 0.9513820838281163, 0.3077950607711169]}, "camera_rotation_from_original_to_final": [-0.09559465944766998, 0.3158116638660431, 2.309115409851074], "point_normal": [-0.03280169889330864, -0.03782361373305321, 0.9987459778785706], "skybox_img_path": "./img/high/79c2e897db51429e80749b3cde7e79d4_skybox3.jpg", "room": "0_5", "camera_distance": 4.8450966716526835, "obliqueness_angle": 1.2655705213546753, "camera_rotation_final": [1.2578998804092407, -0.011590390466153622, 1.0055079460144043], "skybox_img": 3, "resolution": 512}