{"model_rotation_degrees": 0.0, "vanishing_points_image": {"y": [424.1197282325918, 255.9015923433631], "x": [251.24637301544968, 351.2493155962309], "z": [254.9658646331583, 68.86444272751324]}, "point_uuid": "93", "field_of_view_rads": 1.3089969389957472, "point_pitch": -0.30959634383651213, "camera_rotation_original": [1.5759177207946777, 0.006587443873286247, -0.21082322299480438], "camera_uuid": "1eea2dc63a804bb98c4433aaf5355d4d", "camera_location": [0.081101, -0.078128, 1.481538], "nonfixated_points_in_view": [0, 9, 10, 13, 18, 19, 33, 35, 38, 46, 48, 51, 54, 56, 63, 72, 73, 83, 84, 86, 89, 94, 97, 100], "point_location": [0.015087843872606754, 3.9101712703704834, 0.23396697640419006], "bounding_box_ranges": {"y": [-0.741680860749087, 4.78933581688957], "x": [-0.078128, 6.892017555025442], "z": [-0.01189198328616703, 2.4453017099024215]}, "view_id": 2, "vanishing_points_gaussian_sphere": {"y": [0.9998750812280968, 0.00058526958559661, 0.015794916860154655], "x": [-0.014899858681547598, -0.29855126338488275, 0.9542772853539795], "z": [-0.00527410185500174, 0.954393420236541, 0.29850524829359454]}, "camera_rotation_from_original_to_final": [-0.3020345866680145, 0.06254886835813522, 0.21804513037204742], "point_normal": [0.7220650911331177, -0.6892310976982117, 0.059853971004486084], "skybox_img_path": "./img/high/1eea2dc63a804bb98c4433aaf5355d4d_skybox4.jpg", "room": "0_2", "camera_distance": 4.179392743245647, "obliqueness_angle": 0.8134586811065674, "camera_rotation_final": [1.2676658630371094, 0.005274126306176186, 0.01490061730146408], "skybox_img": 4, "resolution": 512}