{"model_rotation_degrees": 0.0, "vanishing_points_image": {"y": [416.5751794595834, 254.7122619589731], "x": [280.0828083938301, 265.60496549590596], "z": [255.0029917568783, 86.7761529210143]}, "point_uuid": "44", "field_of_view_rads": 1.3089969389957472, "point_pitch": -0.017283602556910083, "camera_rotation_original": [1.5771442651748657, -0.011866987682878971, -1.0165622234344482], "camera_uuid": "22149045c4a4476eb44710bdb469a325", "camera_location": [2.693772, -0.285035, 1.48261], "nonfixated_points_in_view": [0, 33, 65, 100, 104, 77, 46, 52, 54, 26, 95], "point_location": [-0.7255545258522034, -0.037398211658000946, 1.381843090057373], "bounding_box_ranges": {"y": [-0.7405547511417474, 2.693772], "x": [-0.9575936590788388, 2.7877385726869672], "z": [-0.009112851365926655, 2.445304377787831]}, "view_id": 2, "vanishing_points_gaussian_sphere": {"y": [0.9973579451071753, 0.007998345514900626, -0.07220218695175946], "x": [0.07240475757166819, -0.028877246658387187, 0.996957198532825], "z": [-0.005889007775551971, 0.9995509647308911, 0.029380069655542913]}, "camera_rotation_from_original_to_final": [-0.0037136932369321585, 0.039727527648210526, 2.5147085189819336], "point_normal": [0.9999316930770874, 0.0004343015607446432, -0.011684787459671497], "skybox_img_path": "./img/high/22149045c4a4476eb44710bdb469a325_skybox2.jpg", "room": "0_2", "camera_distance": 3.429762724309959, "obliqueness_angle": 0.08351822197437286, "camera_rotation_final": [1.5414115190505981, 0.005889041814953089, 1.4983268976211548], "skybox_img": 2, "resolution": 512}