{"model_rotation_degrees": 0.0, "vanishing_points_image": {"y": [361.61719129986017, 270.6764951069663], "x": [417.5959809866614, 214.47153569442722], "z": [256.8008394487158, 106.1709759731426]}, "point_uuid": "31", "field_of_view_rads": 1.3089969389957472, "point_pitch": 0.18700774113205476, "camera_rotation_original": [1.5762215852737427, -0.0002412118628853932, -1.888368844985962], "camera_uuid": "029e8bd017804e6aba4c5206f049bf52", "camera_location": [2.031441, 2.853197, 1.471538], "nonfixated_points_in_view": [74, 75, 16, 48, 18, 84, 85, 56], "point_location": [4.660554885864258, 6.541022777557373, 2.3350167274475098], "bounding_box_ranges": {"y": [1.8988165600988656, 5.913948466158001], "x": [2.853197, 6.892795300646698], "z": [0.1308295635882295, 2.441384830844564]}, "view_id": 4, "vanishing_points_gaussian_sphere": {"y": [0.8136674656034915, -0.1130666933162716, -0.5702290577311151], "x": [0.5813068802079835, 0.149389742726917, 0.7998531213859498], "z": [0.005250375343944198, 0.9822925366867601, -0.18728002009888284]}, "camera_rotation_from_original_to_final": [-0.06254231184720993, -0.17213337123394012, 1.2739267349243164], "point_normal": [-0.9978588223457336, 0.03995320945978165, 0.05178387463092804], "skybox_img_path": "./img/high/029e8bd017804e6aba4c5206f049bf52_skybox3.jpg", "room": "0_2", "camera_distance": 4.610628390833872, "obliqueness_angle": 1.015313982963562, "camera_rotation_final": [1.7591913938522339, -0.005250399466603994, -0.6203437447547913], "skybox_img": 3, "resolution": 512}