{"model_rotation_degrees": 0.0, "vanishing_points_image": {"y": [403.43295469353063, 251.2893772366587], "x": [324.33876353380623, 314.1972768160079], "z": [257.5220401292679, 75.43596278208928]}, "point_uuid": "95", "field_of_view_rads": 1.3089969389957472, "point_pitch": -0.19078306754561858, "camera_rotation_original": [1.577962040901184, 0.007169065065681934, 1.18436598777771], "camera_uuid": "57ed0722da4246b593ad7c4c816002a1", "camera_location": [0.693011, 5.590496, 1.490906], "nonfixated_points_in_view": [5, 20, 25, 30, 44, 46, 49, 52, 60, 65, 66, 67, 68, 70, 77, 79, 80, 87, 92, 98, 99, 100, 104], "point_location": [-0.7208322286605835, -0.8461699485778809, 0.2580554485321045], "bounding_box_ranges": {"y": [-0.7413104140472184, 3.3831203910088634], "x": [-0.9809335917950373, 5.590496], "z": [-0.017058313877563513, 2.445310398888021]}, "view_id": 6, "vanishing_points_gaussian_sphere": {"y": [0.9770131895798566, 0.03121649824143084, -0.2108809086298189], "x": [0.21301779431738962, -0.1814059093488266, 0.9600600582033813], "z": [0.008285329875725275, 0.9829127256734792, 0.18388563570323369]}, "camera_rotation_from_original_to_final": [-0.05878602713346481, -0.1836506724357605, 1.74786376953125], "point_normal": [0.9992681741714478, 0.02664410136640072, -0.02744772657752037], "skybox_img_path": "./img/high/57ed0722da4246b593ad7c4c816002a1_skybox3.jpg", "room": "0_2", "camera_distance": 6.7044418748692545, "obliqueness_angle": 1.3374238014221191, "camera_rotation_final": [1.3858518600463867, -0.008285424672067165, 2.926922559738159], "skybox_img": 3, "resolution": 512}