{"model_rotation_degrees": 0.0, "vanishing_points_image": {"y": [447.6748746176538, 236.97469795330755], "x": [108.07293098410366, 215.33983122062313], "z": [255.73645237604626, 103.94240124643461]}, "point_uuid": "5", "field_of_view_rads": 1.3089969389957472, "point_pitch": 0.15756113926437898, "camera_rotation_original": [1.5743488073349, -0.006772358436137438, -1.2924582958221436], "camera_uuid": "b2b91e26cb9a4190a097925afea72a8a", "camera_location": [1.962995, 0.554659, 1.477478], "nonfixated_points_in_view": [32, 87], "point_location": [2.8425519466400146, -0.9270831942558289, 1.7644292116165161], "bounding_box_ranges": {"y": [1.7035238144993072, 3.3798808421649227], "x": [-0.9809290016102254, 0.554659], "z": [0.43306460189613616, 2.445311268449861]}, "view_id": 7, "vanishing_points_gaussian_sphere": {"y": [0.8597660278805511, 0.0853388238940627, 0.5035073608586846], "x": [-0.5106852791654745, 0.14037018229422235, 0.8482315471416801], "z": [-0.0017096625926958458, 0.9864144651509653, -0.16426679516796505]}, "camera_rotation_from_original_to_final": [0.05288231745362282, -0.15286272764205933, -1.3167928457260132], "point_normal": [-0.7061556577682495, 0.5578699111938477, 0.43603378534317017], "skybox_img_path": "./img/high/b2b91e26cb9a4190a097925afea72a8a_skybox1.jpg", "room": "0_2", "camera_distance": 1.746860335873658, "obliqueness_angle": 0.7118855714797974, "camera_rotation_final": [1.7358112335205078, 0.0017096634255722165, -2.6056101322174072], "skybox_img": 1, "resolution": 512}