{"model_rotation_degrees": 0.0, "vanishing_points_image": {"y": [446.47595193589103, 244.1387409788574], "x": [135.24987484241473, 213.5518919941756], "z": [256.37141702768554, 102.60332958004925]}, "point_uuid": "12", "field_of_view_rads": 1.3089969389957472, "point_pitch": 0.15868981281784578, "camera_rotation_original": [1.5785316228866577, 0.0028458000160753727, 1.9192692041397095], "camera_uuid": "4c0d1c450c3c414c8e903e49190ad5f3", "camera_location": [0.164657, 1.413222, 1.481392], "nonfixated_points_in_view": [39, 8, 72, 73, 11, 75, 13, 14, 16, 17, 18, 48, 83, 53, 22, 91, 31], "point_location": [5.790200233459473, 3.836068630218506, 2.4121391773223877], "bounding_box_ranges": {"y": [0.164657, 5.923281343304782], "x": [0.5363484263488865, 6.734946454287523], "z": [-0.014991367902523756, 2.439214428759765]}, "view_id": 1, "vanishing_points_gaussian_sphere": {"y": [0.918581336756787, 0.057201610263781635, 0.39107071425171297], "x": [-0.3952247430160095, 0.13893602641176142, 0.9080166204827088], "z": [0.002393798246254353, 0.9886479435816072, -0.15023153258159705]}, "camera_rotation_from_original_to_final": [-0.04421209171414375, 0.1362098902463913, -3.0868003368377686], "point_normal": [-0.014189704321324825, -0.9360116124153137, -0.35168299078941345], "skybox_img_path": "./img/high/4c0d1c450c3c414c8e903e49190ad5f3_skybox2.jpg", "room": "0_2", "camera_distance": 6.195418728546669, "obliqueness_angle": 1.1243475675582886, "camera_rotation_final": [1.7215992212295532, -0.0023938005324453115, -1.164482593536377], "skybox_img": 2, "resolution": 512}