{"model_rotation_degrees": 0.0, "vanishing_points_image": {"y": [438.4620392040371, 280.86006071250216], "x": [75.42658378233348, 280.47385729057675], "z": [256.6468972983869, 78.69092296527533]}, "point_uuid": "63", "field_of_view_rads": 1.3089969389957472, "point_pitch": -0.12330965598555998, "camera_rotation_original": [1.5771442651748657, -0.011866987682878971, -1.0165622234344482], "camera_uuid": "22149045c4a4476eb44710bdb469a325", "camera_location": [2.693772, -0.285035, 1.48261], "nonfixated_points_in_view": [0, 33, 65, 97, 100, 38, 10, 46, 79, 80, 18, 19, 52, 54, 86, 89, 26, 93], "point_location": [-0.73255854845047, 3.2270584106445312, 0.8098087310791016], "bounding_box_ranges": {"y": [-0.7416958158353602, 2.693772], "x": [-0.285035, 6.514120376216159], "z": [-0.01405946338658648, 2.445306126390201]}, "view_id": 3, "vanishing_points_gaussian_sphere": {"y": [0.71544150103596, -0.09747736696129233, 0.6918393032530792], "x": [-0.6986632904975013, -0.09469270739824269, 0.7091564691073439], "z": [0.003614568662603009, 0.9907226928338143, 0.13585095066836664]}, "camera_rotation_from_original_to_final": [-0.06848261505365372, 0.12546846270561218, 1.7846866846084595], "point_normal": [0.9999049305915833, 0.009478474967181683, -0.010022217407822609], "skybox_img_path": "./img/high/22149045c4a4476eb44710bdb469a325_skybox3.jpg", "room": "0_2", "camera_distance": 4.952494683457804, "obliqueness_angle": 0.8179888725280762, "camera_rotation_final": [1.434523105621338, -0.003614576533436775, 0.773533821105957], "skybox_img": 3, "resolution": 512}