{"model_rotation_degrees": 0.0, "vanishing_points_image": {"y": [382.1528428461819, 237.68686686259508], "x": [378.8080940706235, 342.4621818882202], "z": [257.052488425671, 67.6807240536285]}, "point_uuid": "22", "field_of_view_rads": 1.3089969389957472, "point_pitch": -0.3195211132380624, "camera_rotation_original": [1.5824408531188965, 0.001023429213091731, 1.5184667110443115], "camera_uuid": "82b91818426544f3b6c43aa394ec0dd3", "camera_location": [0.187142, 2.810302, 1.478821], "nonfixated_points_in_view": [32, 34, 5, 69, 78, 15, 87, 24, 91, 28], "point_location": [2.957514524459839, 1.5201700925827026, 0.4322492182254791], "bounding_box_ranges": {"y": [0.187142, 5.923339684204883], "x": [-0.9809030526563269, 4.000408641985865], "z": [-0.016725330681625072, 2.445309158625039]}, "view_id": 1, "vanishing_points_gaussian_sphere": {"y": [0.9072727014076448, 0.13170536151190726, -0.3993869590128005], "x": [0.42050955946012575, -0.2960568217504309, 0.8576258325736723], "z": [0.005287313412833341, 0.9460465401046882, 0.32398763598758373]}, "camera_rotation_from_original_to_final": [-0.011969688348472118, -0.3414461612701416, 2.761237144470215], "point_normal": [-0.970449686050415, 0.025052808225154877, 0.23999957740306854], "skybox_img_path": "./img/high/82b91818426544f3b6c43aa394ec0dd3_skybox2.jpg", "room": "0_2", "camera_distance": 3.2302813216132282, "obliqueness_angle": 0.4026000499725342, "camera_rotation_final": [1.2408500909805298, -0.005287338048219681, 4.278375625610352], "skybox_img": 2, "resolution": 512}