{"model_rotation_degrees": 0.0, "vanishing_points_image": {"y": [446.4730687312713, 227.48632129888802], "x": [111.99123063305262, 188.60015256086032], "z": [257.19396844758217, 114.41162534862607]}, "point_uuid": "99", "field_of_view_rads": 1.3089969389957472, "point_pitch": 0.27118976513412996, "camera_rotation_original": [1.5785316228866577, 0.0028458000160753727, 1.9192692041397095], "camera_uuid": "4c0d1c450c3c414c8e903e49190ad5f3", "camera_location": [0.164657, 1.413222, 1.481392], "nonfixated_points_in_view": [32, 34, 68, 5, 104, 77, 15, 87], "point_location": [1.5297740697860718, -0.9080048203468323, 2.2341792583465576], "bounding_box_ranges": {"y": [-0.2330271425107509, 3.385148106038968], "x": [-0.980584088158498, 1.413222], "z": [0.022286577396225304, 2.445300722459587]}, "view_id": 6, "vanishing_points_gaussian_sphere": {"y": [0.863104669107613, 0.12920613598705363, 0.48821727190661024], "x": [-0.5049597796736304, 0.23633430285194662, 0.8301576465993934], "z": [0.008121026819114386, 0.9630430269301468, -0.26922514222231153]}, "camera_rotation_from_original_to_final": [-0.08185192942619324, 0.25241702795028687, 1.7419894933700562], "point_normal": [0.02970127947628498, 0.9994752407073975, -0.012930529192090034], "skybox_img_path": "./img/high/4c0d1c450c3c414c8e903e49190ad5f3_skybox3.jpg", "room": "0_2", "camera_distance": 2.7961271660793927, "obliqueness_angle": 0.6116482019424438, "camera_rotation_final": [1.8433939218521118, -0.00812111608684063, 3.670947313308716], "skybox_img": 3, "resolution": 512}