{"model_rotation_degrees": 0.0, "vanishing_points_image": {"y": [431.96012003562686, 322.2709221554236], "x": [80.77651663918722, 319.90445574630786], "z": [258.8533997294102, 65.85028047305033]}, "point_uuid": "11", "field_of_view_rads": 1.3089969389957472, "point_pitch": -0.370906992754664, "camera_rotation_original": [1.5872206687927246, -0.0005325089441612363, -1.320854663848877], "camera_uuid": "79c2e897db51429e80749b3cde7e79d4", "camera_location": [6.713179, 1.533762, 1.484844], "nonfixated_points_in_view": [39, 71, 72, 74, 43, 14, 48, 83, 84, 55, 61, 62], "point_location": [4.123102188110352, 4.202635288238525, 0.0012368254829198122], "bounding_box_ranges": {"y": [3.4924086131842627, 6.823313719052775], "x": [1.442770576133241, 2.7446191137613525], "z": [-0.007843100531985892, 2.299098543195506]}, "view_id": 1, "vanishing_points_gaussian_sphere": {"y": [0.7136684121097994, -0.26878513025643125, 0.6468631627397798], "x": [-0.7003450394709505, -0.25541763993961725, 0.6665423129075221], "z": [0.013936400005400171, 0.9287176012979992, 0.37052583417918405]}, "camera_rotation_from_original_to_final": [-0.11700749397277832, 0.3794582486152649, 2.071432590484619], "point_normal": [-0.014100566506385803, 0.014889920130372047, 0.9997897148132324], "skybox_img_path": "./img/high/79c2e897db51429e80749b3cde7e79d4_skybox3.jpg", "room": "0_5", "camera_distance": 4.004057137972428, "obliqueness_angle": 1.2117279767990112, "camera_rotation_final": [1.1911824941635132, -0.013936851173639297, 0.7759760618209839], "skybox_img": 3, "resolution": 512}