{"model_rotation_degrees": 0.0, "vanishing_points_image": {"y": [411.76174674665396, 252.77230789010252], "x": [296.65163484547276, 329.94658634126137], "z": [257.6527462907324, 72.56423958855963]}, "point_uuid": "25", "field_of_view_rads": 1.3089969389957472, "point_pitch": -0.237301035723414, "camera_rotation_original": [1.577962040901184, 0.007169065065681934, 1.18436598777771], "camera_uuid": "57ed0722da4246b593ad7c4c816002a1", "camera_location": [0.693011, 5.590496, 1.490906], "nonfixated_points_in_view": [5, 20, 30, 44, 46, 49, 52, 60, 65, 66, 67, 68, 70, 77, 79, 80, 87, 92, 95, 98, 99, 100, 104], "point_location": [-0.11524529755115509, -0.6641986966133118, -0.0004500976065173745], "bounding_box_ranges": {"y": [-0.7415941718079382, 3.3820709581546344], "x": [-0.9805174869772371, 5.590496], "z": [-0.016872364821599817, 2.4453081175984233]}, "view_id": 0, "vanishing_points_gaussian_sphere": {"y": [0.991979281732929, 0.0205557768046788, -0.12471794037979567], "x": [0.1260961171981789, -0.22937275347319444, 0.9651362127656741], "z": [0.008767772816695246, 0.973121575140579, 0.23012502288050596]}, "camera_rotation_from_original_to_final": [-0.07683797180652618, -0.22749538719654083, 1.839379072189331], "point_normal": [0.04054643586277962, -0.004331953823566437, 0.999168336391449], "skybox_img_path": "./img/high/57ed0722da4246b593ad7c4c816002a1_skybox3.jpg", "room": "0_2", "camera_distance": 6.480634952779966, "obliqueness_angle": 1.3378866910934448, "camera_rotation_final": [1.3385810852050781, -0.008767885155975819, 3.015155076980591], "skybox_img": 3, "resolution": 512}