{"model_rotation_degrees": 0.0, "vanishing_points_image": {"y": [403.9049256394864, 246.98394368522855], "x": [322.15573345402214, 350.9512724778624], "z": [257.37345332511467, 68.28672438704275]}, "point_uuid": "89", "field_of_view_rads": 1.3089969389957472, "point_pitch": -0.31033424933883147, "camera_rotation_original": [1.5785322189331055, -0.004439795855432749, -0.3697104752063751], "camera_uuid": "b20b2b0634e241d794127bb70d0381ec", "camera_location": [4.119016, 3.356542, 1.473925], "nonfixated_points_in_view": [0, 33, 97, 100, 46, 79, 48, 18, 19, 52, 84, 54, 26, 93, 63], "point_location": [1.5399540662765503, 3.9235665798187256, 0.6108058094978333], "bounding_box_ranges": {"y": [-0.7416934874393979, 4.119016], "x": [0.921637375515389, 6.512699077606813], "z": [-0.012446884778124723, 2.445304654442808]}, "view_id": 2, "vanishing_points_gaussian_sphere": {"y": [0.9771357516253608, 0.059564689449928584, -0.20410235340699712], "x": [0.2125026067448122, -0.3049984009217562, 0.9283418645961365], "z": [0.0069544965454647585, 0.9504883077691727, 0.3106824935072684]}, "camera_rotation_from_original_to_final": [-0.30409058928489685, 0.11259525269269943, 1.7072354555130005], "point_normal": [0.01606062240898609, -0.9996132850646973, -0.022704102098941803], "skybox_img_path": "./img/high/b20b2b0634e241d794127bb70d0381ec_skybox3.jpg", "room": "0_2", "camera_distance": 2.7781382737416545, "obliqueness_angle": 1.357298731803894, "camera_rotation_final": [1.2548774480819702, -0.006954552605748177, 1.3566557168960571], "skybox_img": 3, "resolution": 512}