{"model_rotation_degrees": 0.0, "vanishing_points_image": {"y": [422.54042807582914, 257.8869012407307], "x": [256.50809807494335, 301.66563909729524], "z": [258.0882039455625, 78.5391241049856]}, "point_uuid": "13", "field_of_view_rads": 1.3089969389957472, "point_pitch": -0.13188485702010588, "camera_rotation_original": [1.5771442651748657, -0.011866987682878971, -1.0165622234344482], "camera_uuid": "22149045c4a4476eb44710bdb469a325", "camera_location": [2.693772, -0.285035, 1.48261], "nonfixated_points_in_view": [89, 97, 38, 10, 74, 48, 17, 18, 80, 83, 53, 84, 85, 56, 86, 91, 93], "point_location": [2.7075071334838867, 4.056730270385742, 0.8769252896308899], "bounding_box_ranges": {"y": [-0.6311108938555456, 4.237484420103327], "x": [-0.285035, 6.885902784485166], "z": [-0.012770609120617893, 2.445251061335843]}, "view_id": 1, "vanishing_points_gaussian_sphere": {"y": [0.9999309139481417, -0.011329206391343319, -0.0031331156021520514], "x": [0.0015375719968440983, -0.13819026553449798, 0.9904045064436346], "z": [0.01165346314142812, 0.9903409006973545, 0.13816329904415314]}, "camera_rotation_from_original_to_final": [-0.07660061866044998, 0.12318193912506104, 1.008590579032898], "point_normal": [-0.013771548867225647, -0.6667020320892334, -0.7451971769332886], "skybox_img_path": "./img/high/22149045c4a4476eb44710bdb469a325_skybox3.jpg", "room": "0_2", "camera_distance": 4.3838305119004914, "obliqueness_angle": 0.9795588254928589, "camera_rotation_final": [1.4321801662445068, -0.011653726920485497, -0.0015376770170405507], "skybox_img": 3, "resolution": 512}