{"model_rotation_degrees": 0.0, "vanishing_points_image": {"y": [368.99303630483877, 267.81195932104146], "x": [406.9318977644622, 220.59197675153152], "z": [257.82778346312676, 102.70735228977453]}, "point_uuid": "38", "field_of_view_rads": 1.3089969389957472, "point_pitch": 0.15120919147995515, "camera_rotation_original": [1.5825356245040894, -0.0012060842709615827, -0.39747294783592224], "camera_uuid": "f9db34b350e54e138bcc5d0815a85293", "camera_location": [5.237017, 3.272563, 1.485191], "nonfixated_points_in_view": [97, 74, 43, 48, 17, 18, 19, 84, 93, 54, 86, 89, 61, 63], "point_location": [0.0386459082365036, 6.452366352081299, 2.4173946380615234], "bounding_box_ranges": {"y": [-0.7416965060729774, 5.237017], "x": [2.5843514356093107, 6.87366401840178], "z": [-0.015159440081111253, 2.4443212738996385]}, "view_id": 6, "vanishing_points_gaussian_sphere": {"y": [0.8520598111630355, -0.08907182387239786, -0.5158103221077074], "x": [0.5233117419395715, 0.12276685445053591, 0.8432515165693402], "z": [0.011785539825715681, 0.9884303261436113, -0.15121703412860277]}, "camera_rotation_from_original_to_final": [0.12520168721675873, -0.06384804844856262, 1.4144017696380615], "point_normal": [0.9641845226287842, -0.15859608352184296, -0.21259252727031708], "skybox_img_path": "./img/high/f9db34b350e54e138bcc5d0815a85293_skybox3.jpg", "room": "0_2", "camera_distance": 6.16467509350215, "obliqueness_angle": 0.3844546973705292, "camera_rotation_final": [1.7226063013076782, -0.011785812675952911, 1.0200209617614746], "skybox_img": 3, "resolution": 512}