{"model_rotation_degrees": 0.0, "vanishing_points_image": {"y": [447.24558792561027, 278.92769211188624], "x": [107.37545927900469, 299.19701851282343], "z": [258.0530444685416, 75.61606972223751]}, "point_uuid": "80", "field_of_view_rads": 1.3089969389957472, "point_pitch": -0.1834396561000009, "camera_rotation_original": [1.5761680603027344, 0.00989445485174656, -0.4241592288017273], "camera_uuid": "4941e1733c7d43ffb521d1025e32e0eb", "camera_location": [1.857551, 5.637887, 1.476438], "nonfixated_points_in_view": [54], "point_location": [-0.005057885777205229, 4.5240864753723145, 1.0765630006790161], "bounding_box_ranges": {"y": [-0.737460658682612, 1.857551], "x": [2.4496853694949268, 6.008514684703212], "z": [-0.00478020482790531, 2.4433906752333305]}, "view_id": 3, "vanishing_points_gaussian_sphere": {"y": [0.8571433444859087, -0.10275959258087371, 0.5047234422296271], "x": [-0.5149563258552798, -0.14966961602273074, 0.8440491623722159], "z": [0.011192384247417414, 0.9833816513298493, 0.18120501748747736]}, "camera_rotation_from_original_to_final": [-0.17983151972293854, 0.05772193521261215, 2.5306222438812256], "point_normal": [0.9999657273292542, 0.006691290531307459, 0.00488837668672204], "skybox_img_path": "./img/high/4941e1733c7d43ffb521d1025e32e0eb_skybox2.jpg", "room": "0_2", "camera_distance": 2.2067540864006645, "obliqueness_angle": 0.5580614805221558, "camera_rotation_final": [1.388573169708252, -0.011192617937922478, 2.111790657043457], "skybox_img": 2, "resolution": 512}