{"model_rotation_degrees": 0.0, "vanishing_points_image": {"y": [410.30584499528123, 254.63078843777902], "x": [302.46703994228113, 261.09392107089985], "z": [254.90184825939804, 87.82563558506455]}, "point_uuid": "78", "field_of_view_rads": 1.3089969389957472, "point_pitch": -0.02258245547744231, "camera_rotation_original": [1.5785322189331055, -0.004439795855432749, -0.3697104752063751], "camera_uuid": "b20b2b0634e241d794127bb70d0381ec", "camera_location": [4.119016, 3.356542, 1.473925], "nonfixated_points_in_view": [64, 81, 28, 101, 76], "point_location": [5.919722557067871, 3.100865364074707, 1.4439032077789307], "bounding_box_ranges": {"y": [4.119016, 5.923338711908883], "x": [1.8062941895040605, 4.35375905141301], "z": [-0.005373299476019389, 2.4431151128105206]}, "view_id": 3, "vanishing_points_gaussian_sphere": {"y": [0.9900334750043404, 0.008784925036399152, -0.14055797189393107], "x": [0.14068081954714057, -0.015422049518385059, 0.9899348803836531], "z": [-0.0065288117123351724, 0.9998424803341561, 0.016504215730156598]}, "camera_rotation_from_original_to_final": [-0.01864209771156311, 0.018985649570822716, -1.3423895835876465], "point_normal": [-0.999958336353302, -0.006988245528191328, -0.005890997592359781], "skybox_img_path": "./img/high/b20b2b0634e241d794127bb70d0381ec_skybox1.jpg", "room": "0_2", "camera_distance": 1.8190149431936327, "obliqueness_angle": 0.14971213042736053, "camera_rotation_final": [1.554291009902954, 0.006528858095407486, -1.7119483947753906], "skybox_img": 1, "resolution": 512}