{"model_rotation_degrees": 0.0, "vanishing_points_image": {"y": [432.6015853662216, 263.87091412980084], "x": [212.66418564775174, 337.106702543996], "z": [257.8721623908974, 71.03054154455651]}, "point_uuid": "60", "field_of_view_rads": 1.3089969389957472, "point_pitch": -0.25260810454818206, "camera_rotation_original": [1.5827999114990234, -0.0022284637670964003, 1.2485463619232178], "camera_uuid": "de06f753bd6d4114a5c6e6a781ee950a", "camera_location": [0.724806, 4.289951, 1.483605], "nonfixated_points_in_view": [5, 15, 20, 25, 30, 32, 34, 37, 44, 47, 49, 52, 65, 66, 67, 68, 77, 87, 92, 95, 98, 99, 100, 104], "point_location": [1.2836822271347046, 0.11872674524784088, 0.3644964098930359], "bounding_box_ranges": {"y": [-0.7416987810960659, 3.383315214070244], "x": [-0.9808471160689249, 4.289951], "z": [-0.01741610639281732, 2.4453102843132557]}, "view_id": 1, "vanishing_points_gaussian_sphere": {"y": [0.9907471447142743, -0.044156374271614764, 0.12833670500561395], "x": [-0.13536774542178143, -0.2533523743832956, 0.9578560162643289], "z": [0.009781039818784738, 0.9663657635727435, 0.2569854903579808]}, "camera_rotation_from_original_to_final": [-0.08060918748378754, -0.2600822448730469, 2.0377421379089355], "point_normal": [-0.16449224948883057, 0.9850834608078003, -0.050525885075330734], "skybox_img_path": "./img/high/de06f753bd6d4114a5c6e6a781ee950a_skybox3.jpg", "room": "0_2", "camera_distance": 4.3547511548829645, "obliqueness_angle": 0.3120895028114319, "camera_rotation_final": [1.3108819723129272, -0.009781195782124996, 3.277383804321289], "skybox_img": 3, "resolution": 512}