{"model_rotation_degrees": 0.0, "vanishing_points_image": {"y": [430.7875693101837, 260.2292179156189], "x": [221.79605454559967, 301.25942225488785], "z": [257.7391145830592, 78.44530117921131]}, "point_uuid": "68", "field_of_view_rads": 1.3089969389957472, "point_pitch": -0.14285401900741057, "camera_rotation_original": [1.577962040901184, 0.007169065065681934, 1.18436598777771], "camera_uuid": "57ed0722da4246b593ad7c4c816002a1", "camera_location": [0.693011, 5.590496, 1.490906], "nonfixated_points_in_view": [5, 20, 25, 30, 44, 46, 49, 51, 52, 60, 65, 66, 67, 70, 77, 79, 87, 92, 95, 98, 99, 100, 104], "point_location": [1.3165596723556519, -0.44857537746429443, 0.635956346988678], "bounding_box_ranges": {"y": [-0.7416966528852678, 3.3775704308638064], "x": [-0.9795789941202324, 5.590496], "z": [-0.017301211745426093, 2.4453063117428435]}, "view_id": 2, "vanishing_points_gaussian_sphere": {"y": [0.9945236846794225, -0.024063824454754506, 0.10170335768437151], "x": [-0.10406044802595996, -0.1376951019735014, 0.9849931380721104], "z": [0.009698647756308005, 0.9901823020258027, 0.1394451325309753]}, "camera_rotation_from_original_to_final": [-0.04009309038519859, -0.14254121482372284, 2.064157009124756], "point_normal": [0.06437861919403076, 0.9894701242446899, 0.12963153421878815], "skybox_img_path": "./img/high/57ed0722da4246b593ad7c4c816002a1_skybox3.jpg", "room": "0_2", "camera_distance": 6.131079707177124, "obliqueness_angle": 0.1666242629289627, "camera_rotation_final": [1.4308886528015137, -0.009698799811303616, 3.245846748352051], "skybox_img": 3, "resolution": 512}