{"model_rotation_degrees": 0.0, "vanishing_points_image": {"y": [448.3606009472897, 264.0098432344544], "x": [114.00576997782933, 268.688822272707], "z": [258.01542060825136, 84.74330115828951]}, "point_uuid": "76", "field_of_view_rads": 1.3089969389957472, "point_pitch": -0.059895559153284594, "camera_rotation_original": [1.5834180116653442, 0.001621261122636497, -2.377124547958374], "camera_uuid": "c2e7d52588e94b929f2f91a2249562c5", "camera_location": [4.816021, -0.326724, 1.48248], "nonfixated_points_in_view": [50, 58, 101, 6], "point_location": [7.533676624298096, 1.149141788482666, 1.3121997117996216], "bounding_box_ranges": {"y": [4.816021, 7.550071306623662], "x": [-0.7935185458598921, 2.5828816178181113], "z": [-0.007360987057178914, 2.4526266407197976]}, "view_id": 3, "vanishing_points_gaussian_sphere": {"y": [0.8784069815139552, -0.036576628391304815, 0.47651162114167434], "x": [-0.47776889483750085, -0.042694161537931014, 0.8774474865747387], "z": [0.011749806521604613, 0.9984184287292065, 0.05497802488819885]}, "camera_rotation_from_original_to_final": [0.039593543857336044, 0.05645006150007248, 1.305254340171814], "point_normal": [-0.9999690055847168, -0.007791904266923666, -0.0011926405131816864], "skybox_img_path": "./img/high/c2e7d52588e94b929f2f91a2249562c5_skybox3.jpg", "room": "0_5", "camera_distance": 3.0972289933819104, "obliqueness_angle": 0.4926818907260895, "camera_rotation_final": [1.5157867670059204, -0.01175007689744234, -1.0726455450057983], "skybox_img": 3, "resolution": 512}