{"model_rotation_degrees": 0.0, "vanishing_points_image": {"y": [379.90925815859515, 268.0353947171154], "x": [384.8341008089808, 193.51272441924627], "z": [254.06571570044255, 110.17704529760152]}, "point_uuid": "57", "field_of_view_rads": 1.3089969389957472, "point_pitch": 0.23981864849594636, "camera_rotation_original": [1.5872206687927246, -0.0005325089441612363, -1.320854663848877], "camera_uuid": "79c2e897db51429e80749b3cde7e79d4", "camera_location": [6.713179, 1.533762, 1.484844], "nonfixated_points_in_view": [2, 27, 4, 42], "point_location": [5.538299083709717, -0.8856225609779358, 2.113563299179077], "bounding_box_ranges": {"y": [3.4848643852049976, 7.306843382850011], "x": [-0.9142906420658228, 1.533762], "z": [-0.005663274289264164, 2.4550499727866297]}, "view_id": 3, "vanishing_points_gaussian_sphere": {"y": [0.9007842430743948, -0.08749381669674994, -0.4253617042808689], "x": [0.43407481330466646, 0.21053550505117616, 0.8759302812252612], "z": [-0.012915257775546139, 0.9736629977321115, -0.22762592770576354]}, "camera_rotation_from_original_to_final": [0.06677908450365067, -0.2030990719795227, -2.2779219150543213], "point_normal": [0.00561416195705533, 0.9972900152206421, 0.07335606962442398], "skybox_img_path": "./img/high/79c2e897db51429e80749b3cde7e79d4_skybox1.jpg", "room": "0_5", "camera_distance": 2.7620739094708706, "obliqueness_angle": 0.5370004773139954, "camera_rotation_final": [1.8004547357559204, 0.012915616855025291, -3.590643882751465], "skybox_img": 1, "resolution": 512}