{"model_rotation_degrees": 0.0, "vanishing_points_image": {"y": [381.0236847468374, 248.3135536480307], "x": [383.40516950426775, 300.68697170774885], "z": [258.2055654783024, 77.18297414703844]}, "point_uuid": "100", "field_of_view_rads": 1.3089969389957472, "point_pitch": -0.15759019454451995, "camera_rotation_original": [1.5827999114990234, -0.0022284637670964003, 1.2485463619232178], "camera_uuid": "de06f753bd6d4114a5c6e6a781ee950a", "camera_location": [0.724806, 4.289951, 1.483605], "nonfixated_points_in_view": [0, 33, 65, 66, 68, 98, 99, 104, 44, 77, 46, 92, 20, 52, 54, 95, 25, 26, 60, 30, 63], "point_location": [-0.7310943007469177, 1.1805037260055542, 0.9350513815879822], "bounding_box_ranges": {"y": [-0.741695981166529, 1.8682733433957317], "x": [-0.9588637183474082, 4.289951], "z": [-0.01879435835005694, 2.4453099541221412]}, "view_id": 1, "vanishing_points_gaussian_sphere": {"y": [0.9064000717811597, 0.05572540546436936, -0.4187285386272834], "x": [0.42224469990413854, -0.1481010310004028, 0.8943016817715831], "z": [0.012178804455803754, 0.9874010146857504, 0.1577685422369679]}, "camera_rotation_from_original_to_final": [-0.044869258999824524, -0.1647849828004837, 1.459566593170166], "point_normal": [0.9999203085899353, -0.007213909178972244, 0.010363196954131126], "skybox_img_path": "./img/high/de06f753bd6d4114a5c6e6a781ee950a_skybox3.jpg", "room": "0_2", "camera_distance": 3.476955284475409, "obliqueness_angle": 1.1440856456756592, "camera_rotation_final": [1.4123539924621582, -0.012179105542600155, 2.7056379318237305], "skybox_img": 3, "resolution": 512}