{"model_rotation_degrees": 0.0, "vanishing_points_image": {"y": [371.3923157349311, 257.42668747279873], "x": [403.33102649415844, 245.98138711300146], "z": [254.71321979083126, 92.14991435147302]}, "point_uuid": "56", "field_of_view_rads": 1.3089969389957472, "point_pitch": 0.032038764157567456, "camera_rotation_original": [1.5759177207946777, 0.006587443873286247, -0.21082322299480438], "camera_uuid": "1eea2dc63a804bb98c4433aaf5355d4d", "camera_location": [0.081101, -0.078128, 1.481538], "nonfixated_points_in_view": [8, 9, 10, 11, 13, 14, 16, 17, 18, 22, 31, 35, 38, 39, 48, 51, 53, 72, 73, 75, 79, 83, 84, 86, 89, 91, 93, 94, 97], "point_location": [4.111886978149414, 6.872122287750244, 1.7618186473846436], "bounding_box_ranges": {"y": [-0.45170783686628846, 4.787769950610323], "x": [-0.078128, 6.891029072371509], "z": [-0.014432368150406827, 2.444622686252851]}, "view_id": 0, "vanishing_points_gaussian_sphere": {"y": [0.8651611958288058, -0.010696679689450726, -0.5013797824760109], "x": [0.5014324561797263, 0.034097757865283886, 0.8645246293762413], "z": [-0.007848383377336964, 0.9993612579804071, -0.034863719339459136]}, "camera_rotation_from_original_to_final": [0.029355650767683983, -0.004988690838217735, -0.3147362768650055], "point_normal": [-0.27279582619667053, -0.5777772068977356, 0.7692567706108093], "skybox_img_path": "./img/high/1eea2dc63a804bb98c4433aaf5355d4d_skybox4.jpg", "room": "0_2", "camera_distance": 8.039388678729699, "obliqueness_angle": 0.9154195189476013, "camera_rotation_final": [1.6056681871414185, 0.007848463952541351, -0.525271475315094], "skybox_img": 4, "resolution": 512}