{"model_rotation_degrees": 0.0, "vanishing_points_image": {"y": [443.9139633670841, 244.22590553025276], "x": [82.08413468100042, 243.64201385853798], "z": [254.85980730473628, 94.86349250772695]}, "point_uuid": "36", "field_of_view_rads": 1.3089969389957472, "point_pitch": 0.060735778012547925, "camera_rotation_original": [1.5717558860778809, 0.008724818006157875, 1.7450741529464722], "camera_uuid": "fe33a7c2947347d5a33b56488f8bfdae", "camera_location": [4.698266, 1.058042, 1.474498], "nonfixated_points_in_view": [42], "point_location": [3.511457681655884, 0.05753563717007637, 1.577016830444336], "bounding_box_ranges": {"y": [3.494438382378655, 4.698266], "x": [-0.9154803601226895, 1.058042], "z": [0.3397634748807812, 2.447227218190784]}, "view_id": 2, "vanishing_points_gaussian_sphere": {"y": [0.764245644896485, 0.047885214381467825, 0.6431450851094149], "x": [-0.6448866142474838, 0.04582388057045262, 0.7629032879296576], "z": [-0.007060383925310917, 0.9978011716835703, -0.06590123493320478]}, "camera_rotation_from_original_to_final": [-0.009660130366683006, 0.06428966671228409, 0.5257943868637085], "point_normal": [0.9997629523277283, 0.0177087914198637, -0.012666529044508934], "skybox_img_path": "./img/high/fe33a7c2947347d5a33b56488f8bfdae_skybox4.jpg", "room": "0_5", "camera_distance": 1.555646864537965, "obliqueness_angle": 0.6841656565666199, "camera_rotation_final": [1.6367470026016235, 0.0070604425854980946, 2.2716922760009766], "skybox_img": 4, "resolution": 512}