{"model_rotation_degrees": 0.0, "vanishing_points_image": {"y": [440.04413138951384, 245.27302286146184], "x": [176.5851630461159, 184.07131745268867], "z": [256.4689741605618, 110.93860375956343]}, "point_uuid": "12", "field_of_view_rads": 1.3089969389957472, "point_pitch": 0.23310382763412996, "camera_rotation_original": [1.5762215852737427, -0.0002412118628853932, -1.888368844985962], "camera_uuid": "029e8bd017804e6aba4c5206f049bf52", "camera_location": [2.031441, 2.853197, 1.471538], "nonfixated_points_in_view": [69, 75, 78, 16, 24, 28], "point_location": [5.790200233459473, 3.836068630218506, 2.4121391773223877], "bounding_box_ranges": {"y": [2.031441, 5.923339613146485], "x": [2.1713086536690436, 6.358363254879512], "z": [-0.0013642341152795279, 2.440985406071558]}, "view_id": 0, "vanishing_points_gaussian_sphere": {"y": [0.9676582904430897, 0.05639977912434178, 0.24587903093082686], "x": [-0.2522450393322581, 0.2284667960572657, 0.9403059944675433], "z": [0.0031421440171673556, 0.9719166569279761, -0.23530435379933398]}, "camera_rotation_from_original_to_final": [-0.07649701833724976, -0.2193731814622879, 0.5813964009284973], "point_normal": [-0.014189704321324825, -0.9360116124153137, -0.35168299078941345], "skybox_img_path": "./img/high/029e8bd017804e6aba4c5206f049bf52_skybox4.jpg", "room": "0_2", "camera_distance": 3.997378921058822, "obliqueness_angle": 1.2384722232818604, "camera_rotation_final": [1.8083292245864868, -0.0031421491876244545, -1.3157954216003418], "skybox_img": 4, "resolution": 512}