{"model_rotation_degrees": 0.0, "vanishing_points_image": {"y": [377.300282621648, 238.61387845043282], "x": [389.44624165364553, 330.51849965057653], "z": [257.05031686049807, 69.45451754004802]}, "point_uuid": "48", "field_of_view_rads": 1.3089969389957472, "point_pitch": -0.2913316925379892, "camera_rotation_original": [1.5762215852737427, -0.0002412118628853932, -1.888368844985962], "camera_uuid": "029e8bd017804e6aba4c5206f049bf52", "camera_location": [2.031441, 2.853197, 1.471538], "nonfixated_points_in_view": [75, 16, 84, 85, 56, 31], "point_location": [2.8807075023651123, 4.485979080200195, 0.9209252595901489], "bounding_box_ranges": {"y": [1.672195362996207, 4.787797316470038], "x": [2.853197, 6.891783554712227], "z": [-0.013590770863115553, 2.4451602504310403]}, "view_id": 4, "vanishing_points_gaussian_sphere": {"y": [0.8878984905303159, 0.12726360356626487, -0.4420862424022208], "x": [0.4600077986902577, -0.25687565690259373, 0.8499457171108072], "z": [0.005394039129435255, 0.9580286384540858, 0.2866217581477034]}, "camera_rotation_from_original_to_final": [0.08989917486906052, 0.2825813293457031, 1.4223123788833618], "point_normal": [0.022127626463770866, -0.008345723152160645, 0.9997203350067139], "skybox_img_path": "./img/high/029e8bd017804e6aba4c5206f049bf52_skybox3.jpg", "room": "0_2", "camera_distance": 1.9210426807790453, "obliqueness_angle": 1.2829866409301758, "camera_rotation_final": [1.2800931930541992, -0.005394065286964178, -0.47801151871681213], "skybox_img": 3, "resolution": 512}