{"model_rotation_degrees": 0.0, "vanishing_points_image": {"y": [436.17313877971264, 303.0885273848405], "x": [79.00645339607094, 307.99962021763133], "z": [254.5189088513137, 69.93036695799995]}, "point_uuid": "104", "field_of_view_rads": 1.3089969389957472, "point_pitch": -0.28117136558028655, "camera_rotation_original": [1.5743488073349, -0.006772358436137438, -1.2924582958221436], "camera_uuid": "b2b91e26cb9a4190a097925afea72a8a", "camera_location": [1.962995, 0.554659, 1.477478], "nonfixated_points_in_view": [44, 77, 95], "point_location": [0.4250602126121521, -0.9414658546447754, 0.857938289642334], "bounding_box_ranges": {"y": [-0.7326698158872371, 1.9657161843573014], "x": [-0.9577419571122341, 0.5913626476323223], "z": [-0.015660284788796552, 2.445309798972459]}, "view_id": 5, "vanishing_points_gaussian_sphere": {"y": [0.7182998442510624, -0.18772877086798764, 0.6699277888976499], "x": [-0.695691637090305, -0.20438994308776126, 0.6886493282122572], "z": [-0.007647210701348001, 0.9607198653889574, 0.27741460022052356]}, "camera_rotation_from_original_to_final": [-0.06613244116306305, 0.2774506211280823, -2.6596314907073975], "point_normal": [0.531001091003418, 0.8473368883132935, 0.007627560757100582], "skybox_img_path": "./img/high/b2b91e26cb9a4190a097925afea72a8a_skybox2.jpg", "room": "0_2", "camera_distance": 2.233262725563223, "obliqueness_angle": 0.36128324270248413, "camera_rotation_final": [1.289685845375061, 0.007647285237908363, -3.9429783821105957], "skybox_img": 2, "resolution": 512}