{"model_rotation_degrees": 0.0, "vanishing_points_image": {"y": [413.9745619593999, 258.4515211899892], "x": [288.51807940729736, 172.06659029722528], "z": [254.29200054941512, 113.65955228231412]}, "point_uuid": "86", "field_of_view_rads": 1.3089969389957472, "point_pitch": 0.26659257809189363, "camera_rotation_original": [1.5824408531188965, 0.001023429213091731, 1.5184667110443115], "camera_uuid": "82b91818426544f3b6c43aa394ec0dd3", "camera_location": [0.187142, 2.810302, 1.478821], "nonfixated_points_in_view": [35, 38, 9, 10, 80, 51, 94], "point_location": [0.5567976832389832, 6.327682971954346, 2.438554525375366], "bounding_box_ranges": {"y": [-0.6366282074260649, 2.350182792511455], "x": [2.810302, 6.876322095656841], "z": [-0.005210826396232271, 2.4453025961648605]}, "view_id": 2, "vanishing_points_gaussian_sphere": {"y": [0.9947797875114254, -0.015437445739422184, -0.10087050920742822], "x": [0.10138581522164272, 0.261690029735837, 0.9598120882801485], "z": [-0.011579759521094616, 0.965028504038041, -0.26188909019570566]}, "camera_rotation_from_original_to_final": [0.002618776634335518, 0.253553181886673, -1.621305227279663], "point_normal": [-0.0011294455034658313, 0.0041487752459943295, -0.9999907612800598], "skybox_img_path": "./img/high/82b91818426544f3b6c43aa394ec0dd3_skybox1.jpg", "room": "0_2", "camera_distance": 3.6646559017182434, "obliqueness_angle": 1.3098255395889282, "camera_rotation_final": [1.8357936143875122, 0.011580018326640129, -0.10156714916229248], "skybox_img": 1, "resolution": 512}