{"model_rotation_degrees": 0.0, "vanishing_points_image": {"y": [441.88384162546475, 267.7366917249476], "x": [165.68075595329591, 315.68308503917797], "z": [256.6417369838838, 74.44862066478936]}, "point_uuid": "10", "field_of_view_rads": 1.3089969389957472, "point_pitch": -0.19372741778823332, "camera_rotation_original": [1.5743488073349, -0.006772358436137438, -1.2924582958221436], "camera_uuid": "b2b91e26cb9a4190a097925afea72a8a", "camera_location": [1.962995, 0.554659, 1.477478], "nonfixated_points_in_view": [89, 97, 38, 72, 73, 74, 13, 48, 17, 18, 19, 80, 83, 84, 85, 56, 86, 93, 63], "point_location": [0.18336328864097595, 6.503581523895264, 0.21524910628795624], "bounding_box_ranges": {"y": [-0.7416989100591629, 4.255313720915229], "x": [0.554659, 6.88858208165407], "z": [-0.013156874813311292, 2.4453037419101045]}, "view_id": 5, "vanishing_points_gaussian_sphere": {"y": [0.9578418270688777, -0.06047806063863886, 0.28085839581316313], "x": [-0.2872751918927293, -0.18983185575063077, 0.9388486729315152], "z": [0.003463876491699865, 0.9799521777738244, 0.19920273802332492]}, "camera_rotation_from_original_to_final": [-0.05370708927512169, 0.19702480733394623, 1.5774835348129272], "point_normal": [0.025455135852098465, -0.9996576309204102, 0.0060666631907224655], "skybox_img_path": "./img/high/b2b91e26cb9a4190a097925afea72a8a_skybox3.jpg", "room": "0_2", "camera_distance": 6.336401982338803, "obliqueness_angle": 0.32738980650901794, "camera_rotation_final": [1.3702508211135864, -0.0034638834185898304, 0.29138270020484924], "skybox_img": 3, "resolution": 512}