{"model_rotation_degrees": 0.0, "vanishing_points_image": {"y": [443.9878270698303, 297.3052585288412], "x": [102.53374623749853, 329.7013049234951], "z": [256.1762066773168, 67.65513905411795]}, "point_uuid": "39", "field_of_view_rads": 1.3089969389957472, "point_pitch": -0.3222912987086435, "camera_rotation_original": [1.5785316228866577, 0.0028458000160753727, 1.9192692041397095], "camera_uuid": "4c0d1c450c3c414c8e903e49190ad5f3", "camera_location": [0.164657, 1.413222, 1.481392], "nonfixated_points_in_view": [8, 72, 73, 11, 12, 13, 14, 75, 16, 17, 18, 48, 83, 53, 22, 89, 91, 31], "point_location": [3.7579293251037598, 3.8353970050811768, -0.005264381878077984], "bounding_box_ranges": {"y": [0.164657, 5.923320287296659], "x": [1.0315984995479601, 6.86185496580146], "z": [-0.012423085478877383, 2.4447726116452166]}, "view_id": 2, "vanishing_points_gaussian_sphere": {"y": [0.829029919270001, -0.18215698153089283, 0.5287042907285032], "x": [-0.559203549579373, -0.2685543584430717, 0.7843277036411885], "z": [0.0008849254236430862, 0.9458844488841035, 0.3245024287524062]}, "camera_rotation_from_original_to_final": [0.12303762137889862, -0.31587380170822144, -2.9159252643585205], "point_normal": [-0.012306754477322102, -0.05144136771559715, 0.9986002445220947], "skybox_img_path": "./img/high/4c0d1c450c3c414c8e903e49190ad5f3_skybox2.jpg", "room": "0_2", "camera_distance": 4.5813408190792275, "obliqueness_angle": 1.2015657424926758, "camera_rotation_final": [1.240310549736023, -0.0008849255391396582, -0.9773712754249573], "skybox_img": 2, "resolution": 512}