{"model_rotation_degrees": 0.0, "vanishing_points_image": {"y": [392.2238445897447, 241.50586907076496], "x": [355.6429340294099, 343.3799364042006], "z": [255.97108639460183, 68.53573671554139]}, "point_uuid": "19", "field_of_view_rads": 1.3089969389957472, "point_pitch": -0.304805918535914, "camera_rotation_original": [1.5762215852737427, -0.0002412118628853932, -1.888368844985962], "camera_uuid": "029e8bd017804e6aba4c5206f049bf52", "camera_location": [2.031441, 2.853197, 1.471538], "nonfixated_points_in_view": [0, 33, 80, 63], "point_location": [-0.74021315574646, 3.8177809715270996, 0.5307125449180603], "bounding_box_ranges": {"y": [-0.7416985326177805, 2.031441], "x": [1.7231063025553786, 6.201905151053731], "z": [-0.010002123010758979, 2.445296197672293]}, "view_id": 6, "vanishing_points_gaussian_sphere": {"y": [0.9444252717698182, 0.10048625175082349, -0.31299108493945205], "x": [0.3287261542241523, -0.2882700186450337, 0.8993550532906294], "z": [-0.00014687240711226495, 0.952261996280153, 0.3052819497923747]}, "camera_rotation_from_original_to_final": [0.10199888050556183, 0.2992492616176605, 3.139585256576538], "point_normal": [0.9993535876274109, 0.01568739116191864, 0.03234681859612465], "skybox_img_path": "./img/high/029e8bd017804e6aba4c5206f049bf52_skybox2.jpg", "room": "0_2", "camera_distance": 3.0818242920986068, "obliqueness_angle": 0.44237253069877625, "camera_rotation_final": [1.2605618238449097, 0.0001468724076403305, 1.2358418703079224], "skybox_img": 2, "resolution": 512}