{"model_rotation_degrees": 0.0, "vanishing_points_image": {"y": [443.2057721725546, 278.8743942747066], "x": [152.09814690143568, 353.4207722585076], "z": [254.4338931481534, 66.71535485942807]}, "point_uuid": "19", "field_of_view_rads": 1.3089969389957472, "point_pitch": -0.3516399105403085, "camera_rotation_original": [1.5785316228866577, 0.0028458000160753727, 1.9192692041397095], "camera_uuid": "4c0d1c450c3c414c8e903e49190ad5f3", "camera_location": [0.164657, 1.413222, 1.481392], "nonfixated_points_in_view": [0, 35, 38, 10, 86, 63], "point_location": [-0.74021315574646, 3.8177809715270996, 0.5307125449180603], "bounding_box_ranges": {"y": [-0.741696694539699, 1.8118957834737373], "x": [1.413222, 6.874814946639807], "z": [-0.009629558720951614, 2.4453031798007228]}, "view_id": 4, "vanishing_points_gaussian_sphere": {"y": [0.9369033360208153, -0.11447882218970362, 0.3303130912076079], "x": [-0.3495024054288902, -0.32770151087477545, 0.8777583883790626], "z": [-0.0077593525816831085, 0.9378199822143095, 0.3470352624836062]}, "camera_rotation_from_original_to_final": [0.1236080676317215, -0.34131452441215515, -1.5816044807434082], "point_normal": [0.9993535876274109, 0.01568739116191864, 0.03234681859612465], "skybox_img_path": "./img/high/4c0d1c450c3c414c8e903e49190ad5f3_skybox1.jpg", "room": "0_2", "camera_distance": 2.7394317299749713, "obliqueness_angle": 1.2370812892913818, "camera_rotation_final": [1.2163771390914917, 0.007759430445730686, 0.35705119371414185], "skybox_img": 1, "resolution": 512}