{"model_rotation_degrees": 0.0, "vanishing_points_image": {"y": [353.99176006440314, 270.50440062613313], "x": [427.4764905311852, 223.5454331386211], "z": [257.785346820069, 104.07528536446556]}, "point_uuid": "43", "field_of_view_rads": 1.3089969389957472, "point_pitch": 0.16409345070389314, "camera_rotation_original": [1.5825356245040894, -0.0012060842709615827, -0.39747294783592224], "camera_uuid": "f9db34b350e54e138bcc5d0815a85293", "camera_location": [5.237017, 3.272563, 1.485191], "nonfixated_points_in_view": [97, 38, 74, 48, 18, 19, 84, 93, 86, 89, 59, 61], "point_location": [1.5116807222366333, 6.33368444442749, 2.294560670852661], "bounding_box_ranges": {"y": [-0.74169474820983, 5.237017], "x": [3.217530662781433, 6.871032760828435], "z": [-0.011064262170457084, 2.444486304705374]}, "view_id": 2, "vanishing_points_gaussian_sphere": {"y": [0.7713338486596613, -0.11417016236981493, -0.6261064349903497], "x": [0.6363252303165313, 0.12043435032357634, 0.7619617894125345], "z": [0.011588579485350576, 0.9861342410070691, -0.16554444581115826]}, "camera_rotation_from_original_to_final": [0.13870570063591003, -0.06923678517341614, 1.2746682167053223], "point_normal": [0.9993919134140015, -0.03484946861863136, 0.0011621324811130762], "skybox_img_path": "./img/high/f9db34b350e54e138bcc5d0815a85293_skybox3.jpg", "room": "0_2", "camera_distance": 4.889138620478308, "obliqueness_angle": 0.6711203455924988, "camera_rotation_final": [1.7371176481246948, -0.011588838882744312, 0.8810157179832458], "skybox_img": 3, "resolution": 512}