{"model_rotation_degrees": 0.0, "vanishing_points_image": {"y": [428.52583709013913, 253.01994829678017], "x": [231.90113644141013, 207.2347699969571], "z": [255.00631543022908, 102.49290385570556]}, "point_uuid": "57", "field_of_view_rads": 1.3089969389957472, "point_pitch": 0.15951414505508943, "camera_rotation_original": [1.5825356245040894, -0.0012060842709615827, -0.39747294783592224], "camera_uuid": "f9db34b350e54e138bcc5d0815a85293", "camera_location": [5.237017, 3.272563, 1.485191], "nonfixated_points_in_view": [2, 4, 90, 6, 71, 42, 23, 58, 27], "point_location": [5.538299083709717, -0.8856225609779358, 2.113563299179077], "bounding_box_ranges": {"y": [3.4940841135411222, 5.923335432505036], "x": [-0.9150863008553172, 3.272563], "z": [-0.016606581681569477, 2.4453116571742437]}, "view_id": 5, "vanishing_points_gaussian_sphere": {"y": [0.9972947787113222, 0.01722634739258309, 0.0714589204413619], "x": [-0.07322673218448277, 0.1481778768806173, 0.9862459949205039], "z": [-0.00640078500786239, 0.9888106844885237, -0.14903845206060232]}, "camera_rotation_from_original_to_final": [0.13015326857566833, -0.046207208186388016, -2.674196243286133], "point_normal": [0.00561416195705533, 0.9972900152206421, 0.07335606962442398], "skybox_img_path": "./img/high/f9db34b350e54e138bcc5d0815a85293_skybox2.jpg", "room": "0_2", "camera_distance": 4.21617468095005, "obliqueness_angle": 0.23617851734161377, "camera_rotation_final": [1.7203952074050903, 0.006400828715413809, -3.068298816680908], "skybox_img": 2, "resolution": 512}