{"model_rotation_degrees": 0.0, "vanishing_points_image": {"y": [439.626369329174, 247.94857733020885], "x": [179.5535017654394, 196.25187890201568], "z": [256.57529235769397, 106.66374114073284]}, "point_uuid": "26", "field_of_view_rads": 1.3089969389957472, "point_pitch": 0.2016166011479239, "camera_rotation_original": [1.5785322189331055, -0.004439795855432749, -0.3697104752063751], "camera_uuid": "b20b2b0634e241d794127bb70d0381ec", "camera_location": [4.119016, 3.356542, 1.473925], "nonfixated_points_in_view": [0, 33, 65, 66, 97, 98, 70, 100, 44, 46, 79, 18, 19, 20, 52, 54, 89, 93, 63], "point_location": [-0.6686898469924927, 2.1689658164978027, 2.440702438354492], "bounding_box_ranges": {"y": [-0.7416979827929655, 4.119016], "x": [-0.7429406502433711, 4.258835558977058], "z": [-0.01699264846895132, 2.4444887340919297]}, "view_id": 4, "vanishing_points_gaussian_sphere": {"y": [0.9707580185011461, 0.04256460085550403, 0.23625647984709403], "x": [-0.24003036944752282, 0.18760000669933816, 0.952466093480127], "z": [0.003780378104694083, 0.9813228277383647, -0.19233100764298416]}, "camera_rotation_from_original_to_final": [0.17371410131454468, -0.06625764071941376, 2.1779000759124756], "point_normal": [-0.004829675890505314, 0.012352968566119671, -0.9999121427536011], "skybox_img_path": "./img/high/b20b2b0634e241d794127bb70d0381ec_skybox3.jpg", "room": "0_2", "camera_distance": 5.026641500253607, "obliqueness_angle": 1.3789902925491333, "camera_rotation_final": [1.7643346786499023, -0.003780387109145522, 1.8131952285766602], "skybox_img": 3, "resolution": 512}