{"model_rotation_degrees": 0.0, "vanishing_points_image": {"y": [374.78564905552554, 274.7169686891439], "x": [395.1847467021369, 189.6179629943719], "z": [257.59406637404277, 114.26298053807608]}, "point_uuid": "21", "field_of_view_rads": 1.3089969389957472, "point_pitch": 0.28342802921799226, "camera_rotation_original": [1.5872206687927246, -0.0005325089441612363, -1.320854663848877], "camera_uuid": "79c2e897db51429e80749b3cde7e79d4", "camera_location": [6.713179, 1.533762, 1.484844], "nonfixated_points_in_view": [96, 1, 71, 8, 72, 74, 43, 103, 48, 83, 84, 55, 61, 62], "point_location": [4.873448371887207, 2.537377119064331, 2.0672247409820557], "bounding_box_ranges": {"y": [3.4921761727300913, 6.713179], "x": [0.9349540143982775, 2.7150416481958843], "z": [0.28067951699291505, 2.441503602357381]}, "view_id": 0, "vanishing_points_gaussian_sphere": {"y": [0.8763729147164063, -0.1380894454438117, -0.4614128513690219], "x": [0.48151127711472846, 0.2296494420071851, 0.8458179613824311], "z": [0.01083532938187517, 0.963427443476056, -0.26775017608654744]}, "camera_rotation_from_original_to_final": [0.053998544812202454, -0.24918754398822784, 2.3839313983917236], "point_normal": [0.39374399185180664, -0.8974977135658264, 0.19865426421165466], "skybox_img_path": "./img/high/79c2e897db51429e80749b3cde7e79d4_skybox2.jpg", "room": "0_5", "camera_distance": 2.1750907966691604, "obliqueness_angle": 0.8038175106048584, "camera_rotation_final": [1.841869831085205, -0.010835541412234306, 1.0683858394622803], "skybox_img": 2, "resolution": 512}