{"model_rotation_degrees": 0.0, "vanishing_points_image": {"y": [396.8555458705389, 251.4181258399235], "x": [344.7256332182447, 281.93840003842627], "z": [254.6787884220117, 82.3013535807481]}, "point_uuid": "16", "field_of_view_rads": 1.3089969389957472, "point_pitch": -0.08276705344649748, "camera_rotation_original": [1.5784746408462524, 0.0036877563688904047, -0.2543734312057495], "camera_uuid": "cd8bc18ce92741768974d88f6ccbaad1", "camera_location": [3.10099, 5.636439, 1.471228], "nonfixated_points_in_view": [64, 50, 58, 90, 6], "point_location": [4.663140296936035, 5.186703205108643, 1.3300076723098755], "bounding_box_ranges": {"y": [3.10099, 5.808711709294523], "x": [2.482265548175021, 6.269113120682484], "z": [-0.00845859687857331, 2.443119596095886]}, "view_id": 6, "vanishing_points_gaussian_sphere": {"y": [0.9607584714992846, 0.031252403925104436, -0.275620113002046], "x": [0.2772827792459568, -0.08106193656749607, 0.957362639115171], "z": [-0.0075775837835333594, 0.9962189767761049, 0.0865466956918297]}, "camera_rotation_from_original_to_final": [-0.09033623337745667, 0.0274867732077837, -1.5981066226959229], "point_normal": [-0.9998881220817566, 0.013060194440186024, 0.007297165226191282], "skybox_img_path": "./img/high/cd8bc18ce92741768974d88f6ccbaad1_skybox1.jpg", "room": "0_2", "camera_distance": 1.6317226078349842, "obliqueness_angle": 0.27843523025512695, "camera_rotation_final": [1.4841387271881104, 0.007577656302601099, -1.8517694473266602], "skybox_img": 1, "resolution": 512}