{"model_rotation_degrees": 0.0, "vanishing_points_image": {"y": [434.2208415538902, 260.8423036798444], "x": [206.213381081852, 293.1537258840433], "z": [257.660755565174, 80.10929806002045]}, "point_uuid": "33", "field_of_view_rads": 1.3089969389957472, "point_pitch": -0.10924546321364836, "camera_rotation_original": [1.5825356245040894, -0.0012060842709615827, -0.39747294783592224], "camera_uuid": "f9db34b350e54e138bcc5d0815a85293", "camera_location": [5.237017, 3.272563, 1.485191], "nonfixated_points_in_view": [0, 97, 46, 79, 48, 17, 18, 19, 84, 93, 54, 89, 26, 29, 63], "point_location": [-0.7357626557350159, 2.3610923290252686, 0.7786898612976074], "bounding_box_ranges": {"y": [-0.7416783650427794, 5.237017], "x": [1.5338520438593801, 4.915078694457645], "z": [-0.013699209553154734, 2.445264884432566]}, "view_id": 6, "vanishing_points_gaussian_sphere": {"y": [0.9883459763963103, -0.02685360094103323, 0.14983696158733328], "x": [-0.1519351520883119, -0.11338301566772771, 0.9818655719180672], "z": [0.009377659682765821, 0.9931883889145058, 0.11614165326997321]}, "camera_rotation_from_original_to_final": [-0.12140171229839325, 0.04193582013249397, 2.1175737380981445], "point_normal": [0.9999902248382568, 0.004309912212193012, 0.0010702030267566442], "skybox_img_path": "./img/high/f9db34b350e54e138bcc5d0815a85293_skybox3.jpg", "room": "0_2", "camera_distance": 6.083093093565775, "obliqueness_angle": 0.18667899072170258, "camera_rotation_final": [1.454386830329895, -0.0093777971342206, 1.723328948020935], "skybox_img": 3, "resolution": 512}