{"model_rotation_degrees": 0.0, "vanishing_points_image": {"y": [385.3150494365983, 248.23278085970693], "x": [373.88918573616934, 302.1902381002387], "z": [257.2697693518308, 76.9848559058108]}, "point_uuid": "53", "field_of_view_rads": 1.3089969389957472, "point_pitch": -0.15817336638900237, "camera_rotation_original": [1.5743488073349, -0.006772358436137438, -1.2924582958221436], "camera_uuid": "b2b91e26cb9a4190a097925afea72a8a", "camera_location": [1.962995, 0.554659, 1.477478], "nonfixated_points_in_view": [39, 72, 73, 74, 11, 75, 13, 14, 16, 17, 18, 48, 83, 84, 85, 56, 89, 91, 31], "point_location": [3.513011932373047, 4.258610725402832, 0.8243696093559265], "bounding_box_ranges": {"y": [0.28885638704938765, 4.781883359093065], "x": [0.554659, 6.892427897071914], "z": [-0.013170077329710095, 2.4442094085665085]}, "view_id": 2, "vanishing_points_gaussian_sphere": {"y": [0.9228994853715287, 0.055433320240572063, -0.3810297716820481], "x": [0.38497730760713206, -0.15083820785188895, 0.9105165059896465], "z": [0.007000894837883732, 0.9870030304204424, 0.16054907477881136]}, "camera_rotation_from_original_to_final": [-0.04597419127821922, 0.15831291675567627, 0.8924799561500549], "point_normal": [0.027210483327507973, -0.6037908792495728, -0.7966782450675964], "skybox_img_path": "./img/high/b2b91e26cb9a4190a097925afea72a8a_skybox3.jpg", "room": "0_2", "camera_distance": 4.067967825007237, "obliqueness_angle": 1.1467106342315674, "camera_rotation_final": [1.4095454216003418, -0.007000952027738094, -0.3951934576034546], "skybox_img": 3, "resolution": 512}