{"model_rotation_degrees": 0.0, "vanishing_points_image": {"y": [424.8269151976479, 254.12406762711487], "x": [247.40845756758387, 196.18924202951257], "z": [255.01624107687022, 105.71302072589945]}, "point_uuid": "38", "field_of_view_rads": 1.3089969389957472, "point_pitch": 0.18875034252670808, "camera_rotation_original": [1.5785316228866577, 0.0028458000160753727, 1.9192692041397095], "camera_uuid": "4c0d1c450c3c414c8e903e49190ad5f3", "camera_location": [0.164657, 1.413222, 1.481392], "nonfixated_points_in_view": [35, 9, 10, 19, 51, 86, 89, 94, 63], "point_location": [0.0386459082365036, 6.452366352081299, 2.4173946380615234], "bounding_box_ranges": {"y": [-0.7416980608599018, 2.0856651415479863], "x": [1.413222, 6.875396084868536], "z": [-0.01036707374075685, 2.4452642027042306]}, "view_id": 2, "vanishing_points_gaussian_sphere": {"y": [0.9996361942436426, 0.01110752924493096, 0.024578485554638266], "x": [-0.02619276059032521, 0.1823431446181308, 0.9828860141966765], "z": [-0.006435716801139167, 0.9831722129946739, -0.18256774398674888]}, "camera_rotation_from_original_to_final": [-0.06405889987945557, 0.16393393278121948, -1.8991554975509644], "point_normal": [0.9641845226287842, -0.15859608352184296, -0.21259252727031708], "skybox_img_path": "./img/high/4c0d1c450c3c414c8e903e49190ad5f3_skybox1.jpg", "room": "0_2", "camera_distance": 5.126885648555863, "obliqueness_angle": 1.3506293296813965, "camera_rotation_final": [1.7543976306915283, 0.0064357612282037735, 0.026196299120783806], "skybox_img": 1, "resolution": 512}