{"model_rotation_degrees": 0.0, "vanishing_points_image": {"y": [348.5401667801071, 266.49519665143737], "x": [433.0614606379981, 228.4982772058519], "z": [254.7070443216822, 101.05385601188733]}, "point_uuid": "75", "field_of_view_rads": 1.3089969389957472, "point_pitch": 0.13304467598465486, "camera_rotation_original": [1.5759177207946777, 0.006587443873286247, -0.21082322299480438], "camera_uuid": "1eea2dc63a804bb98c4433aaf5355d4d", "camera_location": [0.081101, -0.078128, 1.481538], "nonfixated_points_in_view": [8, 9, 11, 13, 14, 16, 17, 18, 22, 31, 35, 39, 48, 51, 53, 56, 72, 73, 79, 83, 84, 89, 91, 94], "point_location": [4.656252384185791, 4.942971229553223, 2.398334503173828], "bounding_box_ranges": {"y": [0.081101, 4.784917460385812], "x": [-0.078128, 6.892703118616321], "z": [-0.015188373064441096, 2.443690834977706]}, "view_id": 4, "vanishing_points_gaussian_sphere": {"y": [0.7398949529613994, -0.08391321631381748, -0.6674683743145582], "x": [0.6726715970764007, 0.10448139153282208, 0.7325275157357912], "z": [-0.00826928466877485, 0.9909804291464265, -0.13375129150715204]}, "camera_rotation_from_original_to_final": [0.12656663358211517, -0.025231463834643364, -0.5295801162719727], "point_normal": [-0.997501015663147, -0.006629338022321463, -0.07034127414226532], "skybox_img_path": "./img/high/1eea2dc63a804bb98c4433aaf5355d4d_skybox4.jpg", "room": "0_2", "camera_distance": 6.854484787450704, "obliqueness_angle": 0.8229454755783081, "camera_rotation_final": [1.7049542665481567, 0.008269378915429115, -0.7378445267677307], "skybox_img": 4, "resolution": 512}