{"model_rotation_degrees": 0.0, "vanishing_points_image": {"y": [390.7277596682036, 265.38694736256275], "x": [360.37388524724906, 196.33190272864476], "z": [255.48064498085157, 107.7843029601254]}, "point_uuid": "52", "field_of_view_rads": 1.3089969389957472, "point_pitch": 0.2119991342213492, "camera_rotation_original": [1.5743488073349, -0.006772358436137438, -1.2924582958221436], "camera_uuid": "b2b91e26cb9a4190a097925afea72a8a", "camera_location": [1.962995, 0.554659, 1.477478], "nonfixated_points_in_view": [0, 33, 100, 44, 46, 19, 54, 26, 63], "point_location": [-0.582731306552887, 1.4692943096160889, 2.0403730869293213], "bounding_box_ranges": {"y": [-0.7414673061563095, 1.962995], "x": [-0.3956157180900636, 3.9412440494919028], "z": [-0.005161729049476094, 2.4452044064426746]}, "view_id": 4, "vanishing_points_gaussian_sphere": {"y": [0.941337966800573, -0.0655862605189914, -0.33103062500454294], "x": [0.33744786805295784, 0.19291101569418698, 0.9213654412720019], "z": [-0.0034305402310469426, 0.9790218498353203, -0.20372640707269896]}, "camera_rotation_from_original_to_final": [0.06594294309616089, -0.1909327208995819, 2.5130693912506104], "point_normal": [0.5518802404403687, 0.833149254322052, 0.03592600300908089], "skybox_img_path": "./img/high/b2b91e26cb9a4190a097925afea72a8a_skybox2.jpg", "room": "0_2", "camera_distance": 2.7629931260043112, "obliqueness_angle": 1.3434772491455078, "camera_rotation_final": [1.7759602069854736, 0.003430546959862113, 1.2265897989273071], "skybox_img": 2, "resolution": 512}