{"model_rotation_degrees": 0.0, "vanishing_points_image": {"y": [433.43559104624285, 259.68555901463264], "x": [210.09193352137711, 281.82931591636446], "z": [257.64560023688625, 82.76217068957452]}, "point_uuid": "0", "field_of_view_rads": 1.3089969389957472, "point_pitch": -0.0735606392237802, "camera_rotation_original": [1.5825356245040894, -0.0012060842709615827, -0.39747294783592224], "camera_uuid": "f9db34b350e54e138bcc5d0815a85293", "camera_location": [5.237017, 3.272563, 1.485191], "nonfixated_points_in_view": [33, 97, 46, 79, 48, 17, 18, 19, 84, 93, 54, 89, 26, 29, 63], "point_location": [-0.735573410987854, 2.436551332473755, 0.9980431199073792], "bounding_box_ranges": {"y": [-0.7416706151037697, 5.237017], "x": [1.5321094647008389, 4.967026328395971], "z": [-0.013278498934623517, 2.445307152294367]}, "view_id": 6, "vanishing_points_gaussian_sphere": {"y": [0.9901944850610152, -0.020567577164972782, 0.13817328440879587], "x": [-0.13937446764355588, -0.07841644032463967, 0.9871299912655311], "z": [0.009467815155910914, 0.9967085013464946, 0.08051412186566023]}, "camera_rotation_from_original_to_final": [-0.08837034553289413, 0.028074368834495544, 2.106370687484741], "point_normal": [0.9999862313270569, -0.0052603865042328835, 7.381608156720176e-05], "skybox_img_path": "./img/high/f9db34b350e54e138bcc5d0815a85293_skybox3.jpg", "room": "0_2", "camera_distance": 6.050459931413988, "obliqueness_angle": 0.1651395857334137, "camera_rotation_final": [1.4901913404464722, -0.009467956610023975, 1.71063232421875], "skybox_img": 3, "resolution": 512}