{"model_rotation_degrees": 0.0, "vanishing_points_image": {"y": [369.8371792290969, 257.61001064547537], "x": [406.1100790310359, 250.19931983060889], "z": [256.03223804135706, 91.15073590835433]}, "point_uuid": "46", "field_of_view_rads": 1.3089969389957472, "point_pitch": 0.03673334518936677, "camera_rotation_original": [1.5771442651748657, -0.011866987682878971, -1.0165622234344482], "camera_uuid": "22149045c4a4476eb44710bdb469a325", "camera_location": [2.693772, -0.285035, 1.48261], "nonfixated_points_in_view": [0, 33, 65, 97, 100, 38, 44, 79, 80, 19, 52, 54, 26, 93, 63], "point_location": [-0.7327671051025391, 1.7683550119400024, 1.5756101608276367], "bounding_box_ranges": {"y": [-0.7407558923256778, 2.693772], "x": [-0.6909935805954359, 6.464233581358483], "z": [-0.012309664227848849, 2.4452760260448465]}, "view_id": 3, "vanishing_points_gaussian_sphere": {"y": [0.857770174572864, -0.012131529626663555, -0.5138902155151], "x": [0.5140333543554932, 0.01986371004707168, 0.857540170273793], "z": [0.00019550774471151263, 0.9997290928106891, -0.023274508902198333]}, "camera_rotation_from_original_to_final": [0.01883338950574398, -0.008252346888184547, 2.0475025177001953], "point_normal": [0.9998667240142822, 0.01563180610537529, 0.004726110491901636], "skybox_img_path": "./img/high/22149045c4a4476eb44710bdb469a325_skybox3.jpg", "room": "0_2", "camera_distance": 3.9957765894308377, "obliqueness_angle": 0.5561708807945251, "camera_rotation_final": [1.594072937965393, -0.00019550774595700204, 1.0309159755706787], "skybox_img": 3, "resolution": 512}