{"model_rotation_degrees": 0.0, "vanishing_points_image": {"y": [351.3849127085793, 245.37549774346869], "x": [430.21554820617655, 285.60494180806216], "z": [257.57361572483967, 78.46556006815636]}, "point_uuid": "84", "field_of_view_rads": 1.3089969389957472, "point_pitch": -0.13800708850356536, "camera_rotation_original": [1.5785322189331055, -0.004439795855432749, -0.3697104752063751], "camera_uuid": "b20b2b0634e241d794127bb70d0381ec", "camera_location": [4.119016, 3.356542, 1.473925], "nonfixated_points_in_view": [97, 74, 43, 48, 18, 19, 93, 85, 89, 61, 94], "point_location": [2.7368404865264893, 4.552290439605713, 1.2171409130096436], "bounding_box_ranges": {"y": [-0.7416980659311632, 4.119016], "x": [3.356542, 6.8785811076355845], "z": [-0.012006299210467697, 2.4453121893226424]}, "view_id": 0, "vanishing_points_gaussian_sphere": {"y": [0.7570447629238737, 0.0843238575533806, -0.6478986911368576], "x": [0.653304055045997, -0.11101780944211993, 0.748911782286225], "z": [0.008777162980878583, 0.9902345848504739, 0.13913456930618207]}, "camera_rotation_from_original_to_final": [-0.13907107710838318, 0.048972487449645996, 1.2241463661193848], "point_normal": [0.301931232213974, -0.1624569296836853, 0.9393856525421143], "skybox_img_path": "./img/high/b20b2b0634e241d794127bb70d0381ec_skybox3.jpg", "room": "0_2", "camera_distance": 1.8455789695842517, "obliqueness_angle": 1.090461015701294, "camera_rotation_final": [1.4312034845352173, -0.008777275681495667, 0.8588227033615112], "skybox_img": 3, "resolution": 512}