{"model_rotation_degrees": 0.0, "vanishing_points_image": {"y": [426.37489608643915, 256.3240042580354], "x": [241.43257579510095, 260.8023954864035], "z": [256.21312073891147, 87.98844700267675]}, "point_uuid": "32", "field_of_view_rads": 1.3089969389957472, "point_pitch": -0.006056829294886157, "camera_rotation_original": [1.5784746408462524, 0.0036877563688904047, -0.2543734312057495], "camera_uuid": "cd8bc18ce92741768974d88f6ccbaad1", "camera_location": [3.10099, 5.636439, 1.471228], "nonfixated_points_in_view": [34, 67, 68, 5, 6, 37, 8, 90, 99, 104, 77, 47, 17, 49, 50, 87, 58, 91, 60, 29], "point_location": [3.3714749813079834, -0.547901451587677, 1.3815891742706299], "bounding_box_ranges": {"y": [-0.018034880313147816, 5.922380539512789], "x": [-0.9804218766394559, 5.636439], "z": [-0.010753270474516796, 2.4453050818761604]}, "view_id": 4, "vanishing_points_gaussian_sphere": {"y": [0.9990434453727359, -0.0018998945132087388, 0.043687351242801147], "x": [-0.04371024518776318, -0.014409814751513112, 0.9989403243960336], "z": [0.0012683546029499313, 0.9998943682407987, 0.014479075831537774]}, "camera_rotation_from_original_to_final": [-0.022691991180181503, 0.0007796005811542273, -2.8434770107269287], "point_normal": [-0.9998438358306885, 0.012481548823416233, 0.012518361210823059], "skybox_img_path": "./img/high/cd8bc18ce92741768974d88f6ccbaad1_skybox2.jpg", "room": "0_2", "camera_distance": 6.190901732421592, "obliqueness_angle": 1.5144330263137817, "camera_rotation_final": [1.5563167333602905, -0.001268354943022132, -3.0978684425354004], "skybox_img": 2, "resolution": 512}