{"model_rotation_degrees": 0.0, "vanishing_points_image": {"y": [355.91793911778115, 245.8393231403359], "x": [425.71867454611487, 279.8798181627217], "z": [254.55070771752654, 79.97270798171212]}, "point_uuid": "53", "field_of_view_rads": 1.3089969389957472, "point_pitch": -0.11994568904372649, "camera_rotation_original": [1.5759177207946777, 0.006587443873286247, -0.21082322299480438], "camera_uuid": "1eea2dc63a804bb98c4433aaf5355d4d", "camera_location": [0.081101, -0.078128, 1.481538], "nonfixated_points_in_view": [8, 9, 10, 11, 13, 14, 16, 17, 18, 22, 31, 35, 39, 48, 51, 56, 72, 73, 75, 79, 83, 84, 86, 89, 91, 94], "point_location": [3.513011932373047, 4.258610725402832, 0.8243696093559265], "bounding_box_ranges": {"y": [0.0026867151179787163, 4.785541725051468], "x": [-0.078128, 6.892183132513435], "z": [-0.016088711925315025, 2.444969390633842]}, "view_id": 3, "vanishing_points_gaussian_sphere": {"y": [0.7835343051291073, 0.07967777311233133, -0.6162186666741823], "x": [0.6212947393962779, -0.0874176365206494, 0.7786854330367654], "z": [-0.008175541838817978, 0.9929801656110778, 0.11799809836873754]}, "camera_rotation_from_original_to_final": [-0.1203492134809494, 0.027362162247300148, -0.46033382415771484], "point_normal": [0.027210483327507973, -0.6037908792495728, -0.7966782450675964], "skybox_img_path": "./img/high/1eea2dc63a804bb98c4433aaf5355d4d_skybox4.jpg", "room": "0_2", "camera_distance": 5.569307504120148, "obliqueness_angle": 1.2031834125518799, "camera_rotation_final": [1.4525187015533447, 0.008175632916390896, -0.6704204678535461], "skybox_img": 4, "resolution": 512}