{"model_rotation_degrees": 0.0, "vanishing_points_image": {"y": [355.84225350174063, 247.48047382865857], "x": [425.7477773912438, 279.8691314243287], "z": [256.3439194971315, 80.54937742466255]}, "point_uuid": "0", "field_of_view_rads": 1.3089969389957472, "point_pitch": -0.09691588481399016, "camera_rotation_original": [1.5771442651748657, -0.011866987682878971, -1.0165622234344482], "camera_uuid": "22149045c4a4476eb44710bdb469a325", "camera_location": [2.693772, -0.285035, 1.48261], "nonfixated_points_in_view": [33, 65, 97, 100, 38, 10, 44, 46, 79, 80, 19, 52, 54, 86, 89, 26, 93, 63], "point_location": [-0.735573410987854, 2.436551332473755, 0.9980431199073792], "bounding_box_ranges": {"y": [-0.7412498023851928, 2.693772], "x": [-0.3270419891761838, 6.515240130123577], "z": [-0.0157304312862363, 2.4453083286447566]}, "view_id": 2, "vanishing_points_gaussian_sphere": {"y": [0.7834345105473954, 0.0668503622669557, -0.6178684299655872], "x": [0.6214712960289166, -0.0873883609513893, 0.7785478165035007], "z": [0.0019483058028945588, 0.9939287215062288, 0.11000863906753834]}, "camera_rotation_from_original_to_final": [-0.05316447466611862, 0.10427024215459824, 1.9131566286087036], "point_normal": [0.9999862313270569, -0.0052603865042328835, 7.381608156720176e-05], "skybox_img_path": "./img/high/22149045c4a4476eb44710bdb469a325_skybox3.jpg", "room": "0_2", "camera_distance": 4.40479827530462, "obliqueness_angle": 0.673256516456604, "camera_rotation_final": [1.460564374923706, -0.0019483070354908705, 0.9001755118370056], "skybox_img": 3, "resolution": 512}