{"model_rotation_degrees": 0.0, "vanishing_points_image": {"y": [447.2055262066301, 244.7274510109082], "x": [93.70453356535951, 235.18023956243562], "z": [256.55542107588866, 96.86244237700129]}, "point_uuid": "1", "field_of_view_rads": 1.3089969389957472, "point_pitch": 0.10062284866837068, "camera_rotation_original": [1.5834180116653442, 0.001621261122636497, -2.377124547958374], "camera_uuid": "c2e7d52588e94b929f2f91a2249562c5", "camera_location": [4.816021, -0.326724, 1.48248], "nonfixated_points_in_view": [96, 103, 21, 62, 55], "point_location": [3.5099005699157715, 1.5190826654434204, 1.6828476190567017], "bounding_box_ranges": {"y": [3.4902271005081555, 4.970954366034881], "x": [-0.326724, 2.671371726234859], "z": [-0.006743519255585584, 2.4390821218965195]}, "view_id": 2, "vanishing_points_gaussian_sphere": {"y": [0.8164739587733628, 0.04813533835127887, 0.5753722828280494], "x": [-0.5773717937658188, 0.07406702536852541, 0.8131149288487446], "z": [0.003476551249961159, 0.9960908919144207, -0.08826578406460954]}, "camera_rotation_from_original_to_final": [-0.05825424566864967, -0.04873012751340866, 2.9941251277923584], "point_normal": [0.9998922348022461, 0.003421872854232788, -0.014281831681728363], "skybox_img_path": "./img/high/c2e7d52588e94b929f2f91a2249562c5_skybox2.jpg", "room": "0_5", "camera_distance": 2.270043971766472, "obliqueness_angle": 0.959672212600708, "camera_rotation_final": [1.6591776609420776, -0.0034765582531690598, 0.6155103445053101], "skybox_img": 2, "resolution": 512}