{"model_rotation_degrees": 0.0, "vanishing_points_image": {"y": [397.0953218302775, 240.38252517683458], "x": [342.9879305054961, 353.1090386452228], "z": [253.7876254428609, 67.16799914047678]}, "point_uuid": "45", "field_of_view_rads": 1.3089969389957472, "point_pitch": -0.31670157512160735, "camera_rotation_original": [1.5504374504089355, 0.01973503828048706, 0.0801728218793869], "camera_uuid": "022988e502364c9781dbdc5aff9aa537", "camera_location": [5.314469, 4.374863, 1.477831], "nonfixated_points_in_view": [88, 102], "point_location": [5.888344764709473, 6.326374053955078, 0.751869261264801], "bounding_box_ranges": {"y": [4.768458497231724, 6.731918386688523], "x": [4.374863, 6.909288234655607], "z": [-0.009195441644892943, 2.374822127853446]}, "view_id": 3, "vanishing_points_gaussian_sphere": {"y": [0.9582017617992161, 0.10606086506831845, -0.265707501937447], "x": [0.2858804675667809, -0.31914286512544243, 0.9035597323383344], "z": [-0.01103367339906112, 0.9417531123072987, 0.3361239853251167]}, "camera_rotation_from_original_to_final": [-0.3209008276462555, -0.033043477684259415, -0.35976362228393555], "point_normal": [0.006352371536195278, -0.9999582767486572, -0.00656272005289793], "skybox_img_path": "./img/high/022988e502364c9781dbdc5aff9aa537_skybox4.jpg", "room": "0_7", "camera_distance": 2.1598029787666357, "obliqueness_angle": 0.45187896490097046, "camera_rotation_final": [1.2279762029647827, 0.011033897288143635, -0.28994327783584595], "skybox_img": 4, "resolution": 512}