{"model_rotation_degrees": 0.0, "vanishing_points_image": {"y": [363.8744675127043, 236.5461081690385], "x": [413.45818741643825, 312.09591552054866], "z": [254.46583371126002, 71.38222085072702]}, "point_uuid": "73", "field_of_view_rads": 1.3089969389957472, "point_pitch": -0.2555400570246835, "camera_rotation_original": [1.5759177207946777, 0.006587443873286247, -0.21082322299480438], "camera_uuid": "1eea2dc63a804bb98c4433aaf5355d4d", "camera_location": [0.081101, -0.078128, 1.481538], "nonfixated_points_in_view": [8, 9, 10, 11, 13, 14, 16, 17, 18, 22, 31, 35, 38, 39, 48, 51, 53, 56, 72, 75, 83, 84, 86, 89, 91, 93, 94, 97], "point_location": [2.961655378341675, 4.124636650085449, 0.16251146793365479], "bounding_box_ranges": {"y": [-0.30346533424831035, 4.786043572022155], "x": [-0.078128, 6.8914741770540555], "z": [-0.016934199536307037, 2.4453122667260385]}, "view_id": 0, "vanishing_points_gaussian_sphere": {"y": [0.823645776002974, 0.14853483129826983, -0.5473070797675227], "x": [0.5670475482408412, -0.20201586137991873, 0.7985278140334126], "z": [-0.008044482985865119, 0.9680531987665368, 0.2506158228272233]}, "camera_rotation_from_original_to_final": [-0.25261932611465454, 0.0551486499607563, -0.3972195088863373], "point_normal": [-0.8323155641555786, -0.32859867811203003, -0.44640088081359863], "skybox_img_path": "./img/high/1eea2dc63a804bb98c4433aaf5355d4d_skybox4.jpg", "room": "0_2", "camera_distance": 5.263141091501868, "obliqueness_angle": 0.9197083115577698, "camera_rotation_final": [1.3174716234207153, 0.008044569753110409, -0.602939248085022], "skybox_img": 4, "resolution": 512}