{"model_rotation_degrees": 0.0, "vanishing_points_image": {"y": [446.02399698206887, 257.07731652095566], "x": [141.72057082105906, 263.59629434696086], "z": [255.32090479441652, 87.16241099733297]}, "point_uuid": "32", "field_of_view_rads": 1.3089969389957472, "point_pitch": -0.028251930079187915, "camera_rotation_original": [1.5762215852737427, -0.0002412118628853932, -1.888368844985962], "camera_uuid": "029e8bd017804e6aba4c5206f049bf52", "camera_location": [2.031441, 2.853197, 1.471538], "nonfixated_points_in_view": [34, 99, 68, 5, 47, 15, 87, 91, 60], "point_location": [3.3714749813079834, -0.547901451587677, 1.3815891742706299], "bounding_box_ranges": {"y": [0.9396259739832442, 4.080459468365308], "x": [-0.9803659211853581, 2.853197], "z": [-0.01016146227025061, 2.4453120311592844]}, "view_id": 0, "vanishing_points_gaussian_sphere": {"y": [0.9304177603163765, -0.00527488338577572, 0.3664627769543919], "x": [-0.36647868069629663, -0.02436028907788725, 0.9301074953526306], "z": [-0.0040209306086732444, 0.9996893277020158, 0.02459837790855324]}, "camera_rotation_from_original_to_final": [0.013428855687379837, 0.02719285525381565, -0.8777596950531006], "point_normal": [-0.9998438358306885, 0.012481548823416233, 0.012518361210823059], "skybox_img_path": "./img/high/029e8bd017804e6aba4c5206f049bf52_skybox1.jpg", "room": "0_2", "camera_distance": 3.656672321259022, "obliqueness_angle": 1.1828128099441528, "camera_rotation_final": [1.5461952686309814, 0.0040209414437413216, -2.7663679122924805], "skybox_img": 1, "resolution": 512}