{"model_rotation_degrees": 0.0, "vanishing_points_image": {"y": [402.906633471592, 247.15842540292616], "x": [324.8558739162864, 351.63110247591123], "z": [258.31962944265194, 68.16906497019609]}, "point_uuid": "98", "field_of_view_rads": 1.3089969389957472, "point_pitch": -0.31541983684035735, "camera_rotation_original": [1.5827999114990234, -0.0022284637670964003, 1.2485463619232178], "camera_uuid": "de06f753bd6d4114a5c6e6a781ee950a", "camera_location": [0.724806, 4.289951, 1.483605], "nonfixated_points_in_view": [0, 5, 20, 25, 30, 33, 44, 46, 47, 49, 52, 60, 65, 66, 67, 68, 77, 87, 92, 95, 99, 100, 104], "point_location": [-0.28769010305404663, -0.08180950582027435, 0.0024999885354191065], "bounding_box_ranges": {"y": [-0.7416977648913538, 3.1902208037568722], "x": [-0.980665346894229, 4.289951], "z": [-0.01697522061595369, 2.4453062083865453]}, "view_id": 0, "vanishing_points_gaussian_sphere": {"y": [0.9750126905890019, 0.05868113122749719, -0.21425867083564368], "x": [0.22183945621532028, -0.30810373267965796, 0.9251266646113671], "z": [0.011726417035327575, 0.9495412654259546, 0.31342283962211576]}, "camera_rotation_from_original_to_final": [-0.09879622608423233, -0.3163768947124481, 1.6827729940414429], "point_normal": [0.003909342922270298, -0.028103064745664597, 0.9995973706245422], "skybox_img_path": "./img/high/de06f753bd6d4114a5c6e6a781ee950a_skybox3.jpg", "room": "0_2", "camera_distance": 4.72558038769952, "obliqueness_angle": 1.278517246246338, "camera_rotation_final": [1.2519782781600952, -0.011726685799658298, 2.9178764820098877], "skybox_img": 3, "resolution": 512}