{"model_rotation_degrees": 0.0, "vanishing_points_image": {"y": [396.0170353335579, 253.580760154986], "x": [346.93657439049133, 279.48028037943266], "z": [256.8756299984324, 83.16584804038396]}, "point_uuid": "16", "field_of_view_rads": 1.3089969389957472, "point_pitch": -0.08258502086135344, "camera_rotation_original": [1.5785322189331055, -0.004439795855432749, -0.3697104752063751], "camera_uuid": "b20b2b0634e241d794127bb70d0381ec", "camera_location": [4.119016, 3.356542, 1.473925], "nonfixated_points_in_view": [56, 85, 31], "point_location": [4.663140296936035, 5.186703205108643, 1.3300076723098755], "bounding_box_ranges": {"y": [2.766768777695226, 4.809633013331574], "x": [3.356542, 6.892894663046204], "z": [0.4980761424636009, 2.4438606290067213]}, "view_id": 9, "vanishing_points_gaussian_sphere": {"y": [0.9586293828533013, 0.016563373121528176, -0.28417487749823334], "x": [0.28461234086829684, -0.07348833632480709, 0.9558217824729046], "z": [0.005051906151868169, 0.9971585225504765, 0.07516221889475883]}, "camera_rotation_from_original_to_final": [-0.07761220633983612, 0.029365284368395805, 0.0795704647898674], "point_normal": [-0.9998881220817566, 0.013060194440186024, 0.007297165226191282], "skybox_img_path": "./img/high/b20b2b0634e241d794127bb70d0381ec_skybox4.jpg", "room": "0_2", "camera_distance": 1.914751403286821, "obliqueness_angle": 1.2951090335845947, "camera_rotation_final": [1.495562195777893, -0.005051927641034126, -0.28860580921173096], "skybox_img": 4, "resolution": 512}