{"model_rotation_degrees": 0.0, "vanishing_points_image": {"y": [349.9617189330278, 262.5649593768193], "x": [432.4517188335697, 243.62426350158916], "z": [257.3670138445167, 95.18201472313771]}, "point_uuid": "46", "field_of_view_rads": 1.3089969389957472, "point_pitch": 0.061480478444371656, "camera_rotation_original": [1.5824408531188965, 0.001023429213091731, 1.5184667110443115], "camera_uuid": "82b91818426544f3b6c43aa394ec0dd3", "camera_location": [0.187142, 2.810302, 1.478821], "nonfixated_points_in_view": [100, 44, 95, 52, 92], "point_location": [-0.7327671051025391, 1.7683550119400024, 1.5756101608276367], "bounding_box_ranges": {"y": [-0.7413985153590353, 0.187142], "x": [-0.9396475298663374, 2.810302], "z": [-0.007204184342481712, 2.44525389356734]}, "view_id": 8, "vanishing_points_gaussian_sphere": {"y": [0.749225803220261, -0.0523472433035371, -0.6602427295377625], "x": [0.6622603666500922, 0.046448738755177355, 0.7478326827790684], "z": [0.008479537336468031, 0.9975481345712465, -0.06946809814573789]}, "camera_rotation_from_original_to_final": [0.01253487542271614, 0.05730288103222847, 0.8998377323150635], "point_normal": [0.9998667240142822, 0.01563180610537529, 0.004726110491901636], "skybox_img_path": "./img/high/82b91818426544f3b6c43aa394ec0dd3_skybox3.jpg", "room": "0_2", "camera_distance": 1.3932890759196206, "obliqueness_angle": 0.8345429301261902, "camera_rotation_final": [1.6403229236602783, -0.008479638956487179, 2.417729377746582], "skybox_img": 3, "resolution": 512}