{"model_rotation_degrees": 0.0, "vanishing_points_image": {"y": [443.17973892654874, 285.546949742811], "x": [143.9903903976315, 352.1215380631911], "z": [258.22640718961594, 66.2972865040816]}, "point_uuid": "60", "field_of_view_rads": 1.3089969389957472, "point_pitch": -0.362073345980372, "camera_rotation_original": [1.5824408531188965, 0.001023429213091731, 1.5184667110443115], "camera_uuid": "82b91818426544f3b6c43aa394ec0dd3", "camera_location": [0.187142, 2.810302, 1.478821], "nonfixated_points_in_view": [32, 34, 99, 68, 5, 104, 77, 15, 87, 92, 95], "point_location": [1.2836822271347046, 0.11872674524784088, 0.3644964098930359], "bounding_box_ranges": {"y": [-0.731478244696492, 3.384195711719039], "x": [-0.980834590983906, 2.810302], "z": [-0.016856928916096692, 2.445312120966269]}, "view_id": 2, "vanishing_points_gaussian_sphere": {"y": [0.924446778463814, -0.14592702532773782, 0.3522832057689862], "x": [-0.38115362092808774, -0.3270886525899254, 0.8647166764902333], "z": [0.010957693246470333, 0.9336585653363358, 0.35799666525375823]}, "camera_rotation_from_original_to_final": [-0.007961912080645561, -0.3778921365737915, 2.01381778717041], "point_normal": [-0.16449224948883057, 0.9850834608078003, -0.050525885075330734], "skybox_img_path": "./img/high/82b91818426544f3b6c43aa394ec0dd3_skybox3.jpg", "room": "0_2", "camera_distance": 3.112667200277869, "obliqueness_angle": 0.469758003950119, "camera_rotation_final": [1.2046518325805664, -0.010957912541925907, 3.532661199569702], "skybox_img": 3, "resolution": 512}