{"model_rotation_degrees": 0.0, "vanishing_points_image": {"y": [445.09052424906497, 232.9777841142816], "x": [138.19517647124496, 176.716356482112], "z": [256.4294862033906, 116.46194269237834]}, "point_uuid": "57", "field_of_view_rads": 1.3089969389957472, "point_pitch": 0.28485198418167634, "camera_rotation_original": [1.5717558860778809, 0.008724818006157875, 1.7450741529464722], "camera_uuid": "fe33a7c2947347d5a33b56488f8bfdae", "camera_location": [4.698266, 1.058042, 1.474498], "nonfixated_points_in_view": [82, 27], "point_location": [5.538299083709717, -0.8856225609779358, 2.113563299179077], "bounding_box_ranges": {"y": [4.079423513009103, 7.545520433766479], "x": [-0.9140998444836286, 1.058042], "z": [0.5338371849723808, 2.454911237992523]}, "view_id": 4, "vanishing_points_gaussian_sphere": {"y": [0.9182862001063973, 0.11180350378572736, 0.3798031480061595], "x": [-0.3959062668468849, 0.2664482691536356, 0.8787852682745626], "z": [0.0029466193369668335, 0.9573428311771424, -0.28893947641022755]}, "camera_rotation_from_original_to_final": [-0.040509749203920364, 0.2896505892276764, 1.7968157529830933], "point_normal": [0.00561416195705533, 0.9972900152206421, 0.07335606962442398], "skybox_img_path": "./img/high/fe33a7c2947347d5a33b56488f8bfdae_skybox3.jpg", "room": "0_5", "camera_distance": 2.2117621295950354, "obliqueness_angle": 0.5489434599876404, "camera_rotation_final": [1.8639165163040161, -0.0029466236010193825, 3.5486490726470947], "skybox_img": 3, "resolution": 512}