{"model_rotation_degrees": 0.0, "vanishing_points_image": {"y": [357.04638744503075, 273.60428342052256], "x": [422.4027793885603, 205.12731149083442], "z": [254.78015254782682, 110.69894928622918]}, "point_uuid": "17", "field_of_view_rads": 1.3089969389957472, "point_pitch": 0.2333306829121451, "camera_rotation_original": [1.5759177207946777, 0.006587443873286247, -0.21082322299480438], "camera_uuid": "1eea2dc63a804bb98c4433aaf5355d4d", "camera_location": [0.081101, -0.078128, 1.481538], "nonfixated_points_in_view": [8, 9, 11, 13, 14, 16, 18, 22, 31, 35, 39, 48, 51, 53, 56, 72, 73, 75, 79, 83, 84, 86, 89, 91, 94], "point_location": [2.4947097301483154, 2.995417356491089, 2.417383909225464], "bounding_box_ranges": {"y": [-0.023487010093855204, 4.785991522162497], "x": [-0.078128, 6.892694664347349], "z": [-0.015474101897730907, 2.4424618936506217]}, "view_id": 4, "vanishing_points_gaussian_sphere": {"y": [0.7876621648049, -0.13722636048113077, -0.6006307019491772], "x": [0.6160532933420708, 0.18833992684734768, 0.7648571184983012], "z": [-0.008164183807772334, 0.9724695357409601, -0.23288698580752518]}, "camera_rotation_from_original_to_final": [0.22536292672157288, -0.045997001230716705, -0.4598347246646881], "point_normal": [-0.07032286375761032, -0.015370506793260574, -0.9974059462547302], "skybox_img_path": "./img/high/1eea2dc63a804bb98c4433aaf5355d4d_skybox4.jpg", "room": "0_2", "camera_distance": 4.0184569929815845, "obliqueness_angle": 1.2804573774337769, "camera_rotation_final": [1.805849552154541, 0.008164274506270885, -0.6637485027313232], "skybox_img": 4, "resolution": 512}