{"model_rotation_degrees": 0.0, "vanishing_points_image": {"y": [356.44633207763457, 251.90239720978914], "x": [425.4260651358433, 267.77471818664003], "z": [256.18971310153506, 84.84538448261135]}, "point_uuid": "32", "field_of_view_rads": 1.3089969389957472, "point_pitch": -0.061123772463526294, "camera_rotation_original": [1.5743488073349, -0.006772358436137438, -1.2924582958221436], "camera_uuid": "b2b91e26cb9a4190a097925afea72a8a", "camera_location": [1.962995, 0.554659, 1.477478], "nonfixated_points_in_view": [5, 87], "point_location": [3.3714749813079834, -0.547901451587677, 1.3815891742706299], "bounding_box_ranges": {"y": [1.962995, 3.3846150551828673], "x": [-0.9809350840856355, 0.566858861692976], "z": [0.005666415156199811, 2.4453110658482684]}, "view_id": 6, "vanishing_points_gaussian_sphere": {"y": [0.7874671642766936, 0.03212389723743905, -0.6155189033752753], "x": [0.6163556117118572, -0.04283528408006376, 0.7863020401531989], "z": [0.001106841147259192, 0.9985655680344976, 0.05353112401786498]}, "camera_rotation_from_original_to_final": [-0.010262394323945045, 0.0564650259912014, -0.942959725856781], "point_normal": [-0.9998438358306885, 0.012481548823416233, 0.012518361210823059], "skybox_img_path": "./img/high/b2b91e26cb9a4190a097925afea72a8a_skybox1.jpg", "room": "0_2", "camera_distance": 1.7912705135036011, "obliqueness_angle": 0.652559757232666, "camera_rotation_final": [1.5172395706176758, -0.001106841373257339, -2.23490309715271], "skybox_img": 1, "resolution": 512}