{"model_rotation_degrees": 0.0, "vanishing_points_image": {"y": [407.90306585525633, 250.76812651738464], "x": [309.6426164280817, 335.15354975158607], "z": [257.62909940734386, 71.39907672389681]}, "point_uuid": "98", "field_of_view_rads": 1.3089969389957472, "point_pitch": -0.258485003313746, "camera_rotation_original": [1.577962040901184, 0.007169065065681934, 1.18436598777771], "camera_uuid": "57ed0722da4246b593ad7c4c816002a1", "camera_location": [0.693011, 5.590496, 1.490906], "nonfixated_points_in_view": [5, 20, 25, 30, 44, 46, 49, 52, 60, 65, 66, 67, 68, 70, 77, 79, 80, 87, 92, 95, 99, 100, 104], "point_location": [-0.28769010305404663, -0.08180950582027435, 0.0024999885354191065], "bounding_box_ranges": {"y": [-0.7416690817233018, 3.3818388413096327], "x": [-0.9793883585495511, 5.590496], "z": [-0.016762533175712413, 2.4453070411765467]}, "view_id": 4, "vanishing_points_gaussian_sphere": {"y": [0.9857189519759136, 0.03395031441345799, -0.16494097085543627], "x": [0.16818190604391436, -0.2481645332347115, 0.9540069239391472], "z": [0.008543664023269558, 0.9681227921062623, 0.25033031220655716]}, "camera_rotation_from_original_to_final": [-0.0853089988231659, -0.24661365151405334, 1.798634648323059], "point_normal": [0.003909342922270298, -0.028103064745664597, 0.9995973706245422], "skybox_img_path": "./img/high/57ed0722da4246b593ad7c4c816002a1_skybox3.jpg", "room": "0_2", "camera_distance": 5.945769589431521, "obliqueness_angle": 1.3448140621185303, "camera_rotation_final": [1.317765474319458, -0.008543767966330051, 2.9726014137268066], "skybox_img": 3, "resolution": 512}