{"model_rotation_degrees": 0.0, "vanishing_points_image": {"y": [419.5033631401811, 257.2090001956782], "x": [268.49959832254643, 294.80672304610124], "z": [258.10638148348073, 80.06388886790442]}, "point_uuid": "48", "field_of_view_rads": 1.3089969389957472, "point_pitch": -0.11080352862807707, "camera_rotation_original": [1.5771442651748657, -0.011866987682878971, -1.0165622234344482], "camera_uuid": "22149045c4a4476eb44710bdb469a325", "camera_location": [2.693772, -0.285035, 1.48261], "nonfixated_points_in_view": [97, 38, 10, 74, 13, 80, 17, 18, 83, 84, 53, 85, 86, 56, 89, 91, 93], "point_location": [2.8807075023651123, 4.485979080200195, 0.9209252595901489], "bounding_box_ranges": {"y": [-0.3800492166306513, 4.235124848221611], "x": [-0.285035, 6.885016574704922], "z": [-0.013175835000730496, 2.4452996834556204]}, "view_id": 1, "vanishing_points_gaussian_sphere": {"y": [0.9992164413266346, -0.00738855060769027, -0.03888332164892805], "x": [0.037751043623154956, -0.11720330980096723, 0.9923901666567747], "z": [0.011889578962227731, 0.9930804567061101, 0.11683254863472277]}, "camera_rotation_from_original_to_final": [-0.06530547142028809, 0.10483380407094955, 0.9739038348197937], "point_normal": [0.022127626463770866, -0.008345723152160645, 0.9997203350067139], "skybox_img_path": "./img/high/22149045c4a4476eb44710bdb469a325_skybox3.jpg", "room": "0_2", "camera_distance": 4.807599364624833, "obliqueness_angle": 1.4462528228759766, "camera_rotation_final": [1.4536880254745483, -0.011889859102666378, -0.03776268661022186], "skybox_img": 3, "resolution": 512}