{"model_rotation_degrees": 0.0, "vanishing_points_image": {"y": [399.2154014546359, 240.9141309066761], "x": [336.5079754018759, 361.80889295152656], "z": [254.89759111449638, 66.07402470718604]}, "point_uuid": "60", "field_of_view_rads": 1.3089969389957472, "point_pitch": -0.3728077848765512, "camera_rotation_original": [1.5762215852737427, -0.0002412118628853932, -1.888368844985962], "camera_uuid": "029e8bd017804e6aba4c5206f049bf52", "camera_location": [2.031441, 2.853197, 1.471538], "nonfixated_points_in_view": [34, 98, 68, 5, 99, 104, 44, 77, 47, 20, 87, 25, 92, 30, 95], "point_location": [1.2836822271347046, 0.11872674524784088, 0.3644964098930359], "bounding_box_ranges": {"y": [-0.7398507574520128, 3.3848420348888126], "x": [-0.9807568911441007, 2.853197], "z": [-0.013520884059414984, 2.445311109041991]}, "view_id": 5, "vanishing_points_gaussian_sphere": {"y": [0.9640118651183074, 0.10154603941945699, -0.2457021078243823], "x": [0.26580423561226657, -0.34933746341987054, 0.898505116836821], "z": [-0.005406684908610388, 0.9314782544587891, 0.3637568270544298]}, "camera_rotation_from_original_to_final": [0.12893560528755188, 0.35608235001564026, -1.4980459213256836], "point_normal": [-0.16449224948883057, 0.9850834608078003, -0.050525885075330734], "skybox_img_path": "./img/high/029e8bd017804e6aba4c5206f049bf52_skybox1.jpg", "room": "0_2", "camera_distance": 3.043355474027656, "obliqueness_angle": 0.5982769727706909, "camera_rotation_final": [1.1984927654266357, 0.005406711250543594, -3.410634756088257], "skybox_img": 1, "resolution": 512}