{"model_rotation_degrees": 0.0, "vanishing_points_image": {"y": [433.16041917314953, 254.66794543718905], "x": [211.73169266374174, 251.32770084425445], "z": [255.0906279067305, 90.45025868934262]}, "point_uuid": "103", "field_of_view_rads": 1.3089969389957472, "point_pitch": 0.02018173138168855, "camera_rotation_original": [1.5776946544647217, 0.0030656252056360245, -2.669447660446167], "camera_uuid": "c3d17a6983f9472b926dbc4e505ec89c", "camera_location": [5.294113, 2.145316, 1.475611], "nonfixated_points_in_view": [96, 1, 62], "point_location": [3.5099494457244873, 1.9043967723846436, 1.502623438835144], "bounding_box_ranges": {"y": [3.464468928309734, 5.294113], "x": [0.3488596797457566, 2.69318149941644], "z": [0.02585062716287201, 2.435591144357704]}, "view_id": 0, "vanishing_points_gaussian_sphere": {"y": [0.9909800695860221, 0.007451097313427762, 0.13380202850520861], "x": [-0.13389673575915875, 0.014132132965748022, 0.9908945185895826], "z": [-0.0054923434274307195, 0.9998723738391138, -0.015002339717887708]}, "camera_rotation_from_original_to_final": [-0.006114325951784849, -0.005847316700965166, -1.9086560010910034], "point_normal": [0.998180627822876, -0.007966052740812302, 0.05976657196879387], "skybox_img_path": "./img/high/c3d17a6983f9472b926dbc4e505ec89c_skybox1.jpg", "room": "0_5", "camera_distance": 1.8005587655559283, "obliqueness_angle": 0.16061514616012573, "camera_rotation_final": [1.5857994556427002, 0.005492371041327715, -4.578086853027344], "skybox_img": 1, "resolution": 512}