{"model_rotation_degrees": 0.0, "vanishing_points_image": {"y": [419.4701269341666, 256.60904345607133], "x": [269.1324941571931, 241.186413955449], "z": [256.32111102817794, 92.98796347685239]}, "point_uuid": "5", "field_of_view_rads": 1.3089969389957472, "point_pitch": 0.05289538303879304, "camera_rotation_original": [1.5784746408462524, 0.0036877563688904047, -0.2543734312057495], "camera_uuid": "cd8bc18ce92741768974d88f6ccbaad1", "camera_location": [3.10099, 5.636439, 1.471228], "nonfixated_points_in_view": [32, 34, 67, 68, 37, 99, 8, 104, 77, 47, 17, 49, 87, 91, 60, 29], "point_location": [2.8425519466400146, -0.9270831942558289, 1.7644292116165161], "bounding_box_ranges": {"y": [-0.01839616117017817, 5.9224904620325525], "x": [-0.9801333167638955, 5.636439], "z": [-0.012328228277661335, 2.4453026395081983]}, "view_id": 4, "vanishing_points_gaussian_sphere": {"y": [0.999220296233524, -0.003722812198217432, -0.039305728136307505], "x": [0.039432562360178926, 0.04448032860229221, 0.9982317232953193], "z": [0.0019678975326761026, 0.9990033238366972, -0.04459244714670837]}, "camera_rotation_from_original_to_final": [0.034320421516895294, -0.014762387610971928, -2.9269471168518066], "point_normal": [-0.7061556577682495, 0.5578699111938477, 0.43603378534317017], "skybox_img_path": "./img/high/cd8bc18ce92741768974d88f6ccbaad1_skybox2.jpg", "room": "0_2", "camera_distance": 6.575148358638426, "obliqueness_angle": 1.0359787940979004, "camera_rotation_final": [1.615403652191162, -0.001967898802831769, -3.1810355186462402], "skybox_img": 2, "resolution": 512}