{"model_rotation_degrees": 0.0, "vanishing_points_image": {"y": [446.27695496327146, 244.7092197230046], "x": [89.01712602377118, 240.3323491714225], "z": [255.39977113487703, 95.55052471970743]}, "point_uuid": "6", "field_of_view_rads": 1.3089969389957472, "point_pitch": 0.08138127724197908, "camera_rotation_original": [1.5784746408462524, 0.0036877563688904047, -0.2543734312057495], "camera_uuid": "cd8bc18ce92741768974d88f6ccbaad1", "camera_location": [3.10099, 5.636439, 1.471228], "nonfixated_points_in_view": [32, 64, 34, 90, 8, 16, 50, 58, 91, 29], "point_location": [7.5388593673706055, -0.24421626329421997, 2.015354871749878], "bounding_box_ranges": {"y": [3.012144486942297, 5.922255744611867], "x": [-0.9034990910151057, 5.636439], "z": [-0.007120631076234174, 2.4435726092721883]}, "view_id": 5, "vanishing_points_gaussian_sphere": {"y": [0.7980412489270534, 0.047354701442187834, 0.6007392922576898], "x": [-0.6025912766027288, 0.05653986836699404, 0.7960445946348337], "z": [-0.0037307336064690403, 0.9972766795309937, -0.07365667716095618]}, "camera_rotation_from_original_to_final": [0.06393861025571823, -0.01655883900821209, -2.241244316101074], "point_normal": [-0.9994006752967834, -0.03062376379966736, -0.01614181324839592], "skybox_img_path": "./img/high/cd8bc18ce92741768974d88f6ccbaad1_skybox1.jpg", "room": "0_2", "camera_distance": 7.3873447715761635, "obliqueness_angle": 0.9555124044418335, "camera_rotation_final": [1.6445202827453613, 0.003730742260813713, -2.4948432445526123], "skybox_img": 1, "resolution": 512}