{"model_rotation_degrees": 0.0, "vanishing_points_image": {"y": [374.89645255938734, 236.66813798753378], "x": [394.30222622159533, 328.9094431781862], "z": [255.4215999047317, 69.23310729067319]}, "point_uuid": "89", "field_of_view_rads": 1.3089969389957472, "point_pitch": -0.2875668247553964, "camera_rotation_original": [1.5785316228866577, 0.0028458000160753727, 1.9192692041397095], "camera_uuid": "4c0d1c450c3c414c8e903e49190ad5f3", "camera_location": [0.164657, 1.413222, 1.481392], "nonfixated_points_in_view": [35, 38, 39, 72, 9, 10, 11, 73, 13, 14, 75, 16, 17, 18, 48, 51, 53, 83, 86, 94, 31], "point_location": [1.5399540662765503, 3.9235665798187256, 0.6108058094978333], "bounding_box_ranges": {"y": [-0.4383696251456442, 5.922133841822022], "x": [1.413222, 6.879306747597198], "z": [-0.012714814820814269, 2.445309443291621]}, "view_id": 5, "vanishing_points_gaussian_sphere": {"y": [0.8765730314081464, 0.14252560545124138, -0.4596805112234909], "x": [0.48125974476058797, -0.253707991354745, 0.839059779274227], "z": [-0.0029628838834099983, 0.9567228997538931, 0.2909854195756132]}, "camera_rotation_from_original_to_final": [0.10610435158014297, -0.2843436598777771, -2.4356775283813477], "point_normal": [0.01606062240898609, -0.9996132850646973, -0.022704102098941803], "skybox_img_path": "./img/high/4c0d1c450c3c414c8e903e49190ad5f3_skybox2.jpg", "room": "0_2", "camera_distance": 2.991854238252819, "obliqueness_angle": 0.6010436415672302, "camera_rotation_final": [1.2755383253097534, 0.002962888218462467, -0.5020936727523804], "skybox_img": 2, "resolution": 512}