{"model_rotation_degrees": 0.0, "vanishing_points_image": {"y": [414.03646798957465, 251.50695183247916], "x": [288.91965377446604, 349.567838457505], "z": [256.4884249552205, 68.99364721530617]}, "point_uuid": "37", "field_of_view_rads": 1.3089969389957472, "point_pitch": -0.2921665151927133, "camera_rotation_original": [1.5784746408462524, 0.0036877563688904047, -0.2543734312057495], "camera_uuid": "cd8bc18ce92741768974d88f6ccbaad1", "camera_location": [3.10099, 5.636439, 1.471228], "nonfixated_points_in_view": [32, 34, 67, 68, 5, 99, 104, 77, 47, 17, 49, 87, 91, 60, 29], "point_location": [2.7156472206115723, 1.964609980583191, 0.3279053568840027], "bounding_box_ranges": {"y": [-0.016119486164245966, 5.919452379756816], "x": [-0.9809427155933088, 5.636439], "z": [-0.00836937371505897, 2.445285937786182]}, "view_id": 2, "vanishing_points_gaussian_sphere": {"y": [0.9946155668364747, 0.02827736981730786, -0.09970087543634451], "x": [0.10360332831328163, -0.29447270477662335, 0.9500274609209726], "z": [0.002494908609277242, 0.955241444085083, 0.29581676580828975]}, "camera_rotation_from_original_to_final": [-0.3001200258731842, 0.07052523642778397, -3.0014915466308594], "point_normal": [0.1463414877653122, 0.9865273237228394, -0.07313109934329987], "skybox_img_path": "./img/high/cd8bc18ce92741768974d88f6ccbaad1_skybox2.jpg", "room": "0_2", "camera_distance": 3.8649712097574924, "obliqueness_angle": 0.37587979435920715, "camera_rotation_final": [1.2704849243164062, -0.0024949111975729465, -3.24538254737854], "skybox_img": 2, "resolution": 512}