{"model_rotation_degrees": 0.0, "vanishing_points_image": {"y": [360.65088531183284, 273.28714214116513], "x": [418.23770496710625, 206.39760649613052], "z": [256.21243369484824, 109.8301518247508]}, "point_uuid": "26", "field_of_view_rads": 1.3089969389957472, "point_pitch": 0.2396039525654654, "camera_rotation_original": [1.5771442651748657, -0.011866987682878971, -1.0165622234344482], "camera_uuid": "22149045c4a4476eb44710bdb469a325", "camera_location": [2.693772, -0.285035, 1.48261], "nonfixated_points_in_view": [0, 33, 65, 97, 100, 38, 10, 44, 46, 79, 80, 19, 52, 54, 86, 93, 63], "point_location": [-0.6686898469924927, 2.1689658164978027, 2.440702438354492], "bounding_box_ranges": {"y": [-0.7415981389592479, 2.693772], "x": [-0.45701634604335345, 6.5136831458640545], "z": [-0.011672306887045236, 2.444131379247564]}, "view_id": 5, "vanishing_points_gaussian_sphere": {"y": [0.8075621402859359, -0.1334001281054426, -0.5744978637020769], "x": [0.5897807928886533, 0.18031898920055917, 0.7871744904869061], "z": [0.0014163037916506682, 0.9745201218831452, -0.22429562217847593]}, "camera_rotation_from_original_to_final": [0.12581375241279602, -0.18109402060508728, 1.9465984106063843], "point_normal": [-0.004829675890505314, 0.012352968566119671, -0.9999121427536011], "skybox_img_path": "./img/high/22149045c4a4476eb44710bdb469a325_skybox3.jpg", "room": "0_2", "camera_distance": 4.27155861705001, "obliqueness_angle": 1.3557655811309814, "camera_rotation_final": [1.7970167398452759, -0.0014163042651489377, 0.9400082230567932], "skybox_img": 3, "resolution": 512}