{"model_rotation_degrees": 0.0, "vanishing_points_image": {"y": [369.94127233588034, 255.69205778085413], "x": [405.9321912030018, 259.97040860962517], "z": [256.836430524318, 88.12414234109991]}, "point_uuid": "78", "field_of_view_rads": 1.3089969389957472, "point_pitch": -0.0056270798060555904, "camera_rotation_original": [1.5717558860778809, 0.008724818006157875, 1.7450741529464722], "camera_uuid": "fe33a7c2947347d5a33b56488f8bfdae", "camera_location": [4.698266, 1.058042, 1.474498], "nonfixated_points_in_view": [45, 28, 3, 12, 21], "point_location": [5.919722557067871, 3.100865364074707, 1.4439032077789307], "bounding_box_ranges": {"y": [4.518826187031076, 7.546288865728297], "x": [1.058042, 2.7445520400372834], "z": [-0.003161499461027173, 2.4441531601828643]}, "view_id": 4, "vanishing_points_gaussian_sphere": {"y": [0.8582995718158749, 0.0023196745956791456, -0.5131437070942759], "x": [0.5131247656085455, -0.01358824259711933, 0.8582064638432277], "z": [0.004981961447157395, 0.9999049848725088, 0.012853065286033713]}, "camera_rotation_from_original_to_final": [0.015894649550318718, -0.011227032169699669, -2.283966541290283], "point_normal": [-0.999958336353302, -0.006988245528191328, -0.005890997592359781], "skybox_img_path": "./img/high/fe33a7c2947347d5a33b56488f8bfdae_skybox1.jpg", "room": "0_5", "camera_distance": 2.380340146560502, "obliqueness_angle": 1.0250643491744995, "camera_rotation_final": [1.5579427480697632, -0.004981982056051493, -0.5388288497924805], "skybox_img": 1, "resolution": 512}