{"model_rotation_degrees": 0.0, "vanishing_points_image": {"y": [445.523261330658, 289.94434923422233], "x": [113.48315358235119, 330.58945562139945], "z": [256.35038816947184, 68.53963911707771]}, "point_uuid": "93", "field_of_view_rads": 1.3089969389957472, "point_pitch": -0.3027183254573007, "camera_rotation_original": [1.5743488073349, -0.006772358436137438, -1.2924582958221436], "camera_uuid": "b2b91e26cb9a4190a097925afea72a8a", "camera_location": [1.962995, 0.554659, 1.477478], "nonfixated_points_in_view": [0, 33, 97, 38, 10, 46, 80, 18, 19, 54, 86, 89, 26, 63], "point_location": [0.015087843872606754, 3.9101712703704834, 0.23396697640419006], "bounding_box_ranges": {"y": [-0.7416984714358443, 2.72142701501539], "x": [0.554659, 6.8767280890880365], "z": [-0.012366662631882797, 2.445308235779508]}, "view_id": 0, "vanishing_points_gaussian_sphere": {"y": [0.8645519042110675, -0.15484459037696605, 0.4780932521548562], "x": [-0.5025403831725764, -0.2630160191642441, 0.8235749734807112], "z": [0.001779945442283942, 0.9522844777134528, 0.30520665998670293]}, "camera_rotation_from_original_to_final": [-0.08422604203224182, 0.3025885224342346, 1.804792881011963], "point_normal": [0.7220650911331177, -0.6892310976982117, 0.059853971004486084], "skybox_img_path": "./img/high/b2b91e26cb9a4190a097925afea72a8a_skybox3.jpg", "room": "0_2", "camera_distance": 4.074324945691545, "obliqueness_angle": 0.37333616614341736, "camera_rotation_final": [1.2606403827667236, -0.0017799463821575046, 0.5265355706214905], "skybox_img": 3, "resolution": 512}