{"model_rotation_degrees": 0.0, "vanishing_points_image": {"y": [445.31356016490133, 287.1376697519221], "x": [96.19017057683159, 310.9491116427437], "z": [254.78521066111895, 71.9811044774607]}, "point_uuid": "2", "field_of_view_rads": 1.3089969389957472, "point_pitch": -0.22729520400496916, "camera_rotation_original": [1.5872206687927246, -0.0005325089441612363, -1.320854663848877], "camera_uuid": "79c2e897db51429e80749b3cde7e79d4", "camera_location": [6.713179, 1.533762, 1.484844], "nonfixated_points_in_view": [1, 4, 36, 42, 57, 27], "point_location": [4.3135247230529785, -0.17824366688728333, 0.7559052109718323], "bounding_box_ranges": {"y": [3.4762321290864047, 6.713179], "x": [-0.9153065099758269, 1.8157712993952995], "z": [-0.022055689702297654, 2.453732411037989]}, "view_id": 1, "vanishing_points_gaussian_sphere": {"y": [0.8149621959331139, -0.13404229308858145, 0.5637989738048763], "x": [-0.5794786909755596, -0.1992483153254071, 0.7902560063329092], "z": [-0.006408268496927242, 0.9707382615842142, 0.2400544971279008]}, "camera_rotation_from_original_to_final": [-0.0584898367524147, 0.2523950934410095, -2.7800889015197754], "point_normal": [0.7254225611686707, -0.22401155531406403, 0.6508310437202454], "skybox_img_path": "./img/high/79c2e897db51429e80749b3cde7e79d4_skybox2.jpg", "room": "0_5", "camera_distance": 3.0365533546686128, "obliqueness_angle": 0.9232804179191589, "camera_rotation_final": [1.3283692598342896, 0.0064083123579621315, -4.094285488128662], "skybox_img": 2, "resolution": 512}