{"model_rotation_degrees": 0.0, "vanishing_points_image": {"y": [388.0282059680072, 263.19351473051114], "x": [367.3625872865002, 208.63788953910074], "z": [254.77044335891918, 103.66415897663879]}, "point_uuid": "1", "field_of_view_rads": 1.3089969389957472, "point_pitch": 0.1657138625767569, "camera_rotation_original": [1.5717558860778809, 0.008724818006157875, 1.7450741529464722], "camera_uuid": "fe33a7c2947347d5a33b56488f8bfdae", "camera_location": [4.698266, 1.058042, 1.474498], "nonfixated_points_in_view": [96, 62, 103], "point_location": [3.5099005699157715, 1.5190826654434204, 1.6828476190567017], "bounding_box_ranges": {"y": [3.4988869502373285, 4.698266], "x": [0.629423800847426, 2.5753830483605813], "z": [0.5798650483232417, 2.4344699014974407]}, "view_id": 3, "vanishing_points_gaussian_sphere": {"y": [0.9327368657670474, -0.05081987090858395, -0.3569583728670614], "x": [0.3604698210087288, 0.15330652687256313, 0.9200862008313173], "z": [-0.007965386431313587, 0.9868710399738696, -0.16131367914685016]}, "camera_rotation_from_original_to_final": [-0.027519775554537773, 0.15871502459049225, -0.5465972423553467], "point_normal": [0.9998922348022461, 0.003421872854232788, -0.014281831681728363], "skybox_img_path": "./img/high/fe33a7c2947347d5a33b56488f8bfdae_skybox4.jpg", "room": "0_5", "camera_distance": 1.2915806161637702, "obliqueness_angle": 0.3999786078929901, "camera_rotation_final": [1.732823133468628, 0.007965470664203167, 1.202012538909912], "skybox_img": 4, "resolution": 512}