{"model_rotation_degrees": 0.0, "vanishing_points_image": {"y": [358.10069050040204, 253.13143792805158], "x": [423.29361592460907, 269.9104179905404], "z": [258.1459025432049, 84.85751352280221]}, "point_uuid": "84", "field_of_view_rads": 1.3089969389957472, "point_pitch": -0.042932315668787524, "camera_rotation_original": [1.5872206687927246, -0.0005325089441612363, -1.320854663848877], "camera_uuid": "79c2e897db51429e80749b3cde7e79d4", "camera_location": [6.713179, 1.533762, 1.484844], "nonfixated_points_in_view": [96, 39, 8, 71, 72, 43, 11, 74, 14, 103, 48, 83, 21, 55, 61, 62], "point_location": [2.7368404865264893, 4.552290439605713, 1.2171409130096436], "bounding_box_ranges": {"y": [3.4779622082316823, 6.713179], "x": [1.4840332078967222, 2.744605216532639], "z": [-0.01024189706135381, 2.4418956511558267]}, "view_id": 2, "vanishing_points_gaussian_sphere": {"y": [0.7968420783923237, 0.02238761512978969, -0.6037727194832524], "x": [0.6040579101286905, -0.05022724850522113, 0.7953560615966623], "z": [0.012519717023987102, 0.9984868643083871, 0.05354660109889435]}, "camera_rotation_from_original_to_final": [-0.02898000180721283, 0.06484504044055939, 2.2416112422943115], "point_normal": [0.301931232213974, -0.1624569296836853, 0.9393856525421143], "skybox_img_path": "./img/high/79c2e897db51429e80749b3cde7e79d4_skybox3.jpg", "room": "0_5", "camera_distance": 4.999444751903872, "obliqueness_angle": 1.171759843826294, "camera_rotation_final": [1.5172199010849, -0.01252004411071539, 0.9221537113189697], "skybox_img": 3, "resolution": 512}