{"model_rotation_degrees": 0.0, "vanishing_points_image": {"y": [393.7663982021538, 251.7690949924958], "x": [352.88382916477286, 292.5837511475204], "z": [257.36273215130734, 79.89281712641585]}, "point_uuid": "100", "field_of_view_rads": 1.3089969389957472, "point_pitch": -0.12599043448897795, "camera_rotation_original": [1.577962040901184, 0.007169065065681934, 1.18436598777771], "camera_uuid": "57ed0722da4246b593ad7c4c816002a1", "camera_location": [0.693011, 5.590496, 1.490906], "nonfixated_points_in_view": [5, 20, 25, 30, 44, 46, 49, 52, 60, 65, 66, 67, 68, 70, 77, 79, 80, 87, 92, 95, 98, 99, 104], "point_location": [-0.7310943007469177, 1.1805037260055542, 0.9350513815879822], "bounding_box_ranges": {"y": [-0.7405097685327215, 3.0640500072614767], "x": [-0.9808059772457902, 5.590496], "z": [-0.018005580984938208, 2.4453100918174195]}, "view_id": 5, "vanishing_points_gaussian_sphere": {"y": [0.9518669878600283, 0.029232518654552248, -0.30511423643512264], "x": [0.30641509795469546, -0.11570366064240545, 0.9448399074231367], "z": [0.007682783850343834, 0.9928535253334494, 0.11909178000706251]}, "camera_rotation_from_original_to_final": [-0.03412431851029396, -0.12278088927268982, 1.647857666015625], "point_normal": [0.9999203085899353, -0.007213909178972244, 0.010363196954131126], "skybox_img_path": "./img/high/57ed0722da4246b593ad7c4c816002a1_skybox3.jpg", "room": "0_2", "camera_distance": 4.667449063537533, "obliqueness_angle": 1.2666192054748535, "camera_rotation_final": [1.4514176845550537, -0.007682859431952238, 2.8301584720611572], "skybox_img": 3, "resolution": 512}