{"model_rotation_degrees": 0.0, "vanishing_points_image": {"y": [357.49921752976695, 243.6227280890541], "x": [423.1918131286921, 291.06909663871846], "z": [256.32010822903624, 76.99076432247179]}, "point_uuid": "33", "field_of_view_rads": 1.3089969389957472, "point_pitch": -0.14775423606368498, "camera_rotation_original": [1.5771442651748657, -0.011866987682878971, -1.0165622234344482], "camera_uuid": "22149045c4a4476eb44710bdb469a325", "camera_location": [2.693772, -0.285035, 1.48261], "nonfixated_points_in_view": [0, 65, 97, 100, 38, 10, 44, 46, 79, 80, 19, 52, 54, 86, 89, 26, 93, 63], "point_location": [-0.7357626557350159, 2.3610923290252686, 0.7786898612976074], "bounding_box_ranges": {"y": [-0.7410065273502453, 2.693772], "x": [-0.40273365969925795, 6.516599401189201], "z": [-0.015459892189695124, 2.4453005473119025]}, "view_id": 1, "vanishing_points_gaussian_sphere": {"y": [0.7919019444347386, 0.09656809117962903, -0.6029642727114128], "x": [0.610645719664602, -0.12808518164973884, 0.7814768015092026], "z": [0.0017650653756384413, 0.9870505508876819, 0.16039979593672637]}, "camera_rotation_from_original_to_final": [-0.08022048324346542, 0.1474766731262207, 1.9234083890914917], "point_normal": [0.9999902248382568, 0.004309912212193012, 0.0010702030267566442], "skybox_img_path": "./img/high/22149045c4a4476eb44710bdb469a325_skybox3.jpg", "room": "0_2", "camera_distance": 4.388530638951263, "obliqueness_angle": 0.6776599287986755, "camera_rotation_final": [1.4097003936767578, -0.0017650662921369076, 0.9139193892478943], "skybox_img": 3, "resolution": 512}