{"model_rotation_degrees": 0.0, "vanishing_points_image": {"y": [411.30454838442927, 259.2438168558672], "x": [298.5556605114909, 192.39526455676994], "z": [255.1972775429779, 107.12730899254218]}, "point_uuid": "99", "field_of_view_rads": 1.3089969389957472, "point_pitch": 0.19710524479416414, "camera_rotation_original": [1.5762215852737427, -0.0002412118628853932, -1.888368844985962], "camera_uuid": "029e8bd017804e6aba4c5206f049bf52", "camera_location": [2.031441, 2.853197, 1.471538], "nonfixated_points_in_view": [32, 65, 34, 98, 68, 5, 104, 44, 77, 15, 47, 92, 20, 87, 25, 60, 30, 95], "point_location": [1.5297740697860718, -0.9080048203468323, 2.2341792583465576], "bounding_box_ranges": {"y": [-0.7329450049410058, 3.3842036565456155], "x": [-0.979620074630136, 2.853197], "z": [-0.015707582621483418, 2.445298256383567]}, "view_id": 4, "vanishing_points_gaussian_sphere": {"y": [0.991347961129464, -0.02070609817802183, -0.12961665580741166], "x": [0.13115363466670918, 0.1960254437395369, 0.971788428373393], "z": [-0.00528621586451768, 0.980380172639655, -0.19704510401650163]}, "camera_rotation_from_original_to_final": [-0.05559699982404709, -0.18491312861442566, -1.3800901174545288], "point_normal": [0.02970127947628498, 0.9994752407073975, -0.012930529192090034], "skybox_img_path": "./img/high/029e8bd017804e6aba4c5206f049bf52_skybox1.jpg", "room": "0_2", "camera_distance": 3.870391616505459, "obliqueness_angle": 0.2116953730583191, "camera_rotation_final": [1.7691421508789062, 0.0052862404845654964, -3.2731270790100098], "skybox_img": 1, "resolution": 512}