{"model_rotation_degrees": 0.0, "vanishing_points_image": {"y": [408.8028336664414, 244.87000479989058], "x": [308.31829827849134, 355.35868991693275], "z": [252.28392642394422, 67.66326696423648]}, "point_uuid": "69", "field_of_view_rads": 1.3089969389957472, "point_pitch": -0.3263612230631967, "camera_rotation_original": [1.5862772464752197, -0.011492825113236904, -0.8451048135757446], "camera_uuid": "afeb188da5b044978973594d81adbdf2", "camera_location": [5.363377, 5.823519, 1.464672], "nonfixated_points_in_view": [59, 78, 23, 57, 27, 28], "point_location": [4.856080532073975, 2.713179588317871, 0.3811095058917999], "bounding_box_ranges": {"y": [4.775309733217128, 5.9168862484544915], "x": [3.9175407787755043, 5.823519], "z": [-0.00308967194187848, 2.1051972815264524]}, "view_id": 1, "vanishing_points_gaussian_sphere": {"y": [0.9857342241803694, 0.07179982805594144, -0.15222622629055316], "x": [0.16727229535970908, -0.3176700441950649, 0.9333304464262375], "z": [-0.01865525353941096, 0.9454789937974523, 0.3251483566053156]}, "camera_rotation_from_original_to_final": [-0.21312126517295837, 0.2772330045700073, -2.493168830871582], "point_normal": [-0.4591846764087677, 0.6858834028244019, 0.5645471811294556], "skybox_img_path": "./img/high/afeb188da5b044978973594d81adbdf2_skybox2.jpg", "room": "0_7", "camera_distance": 3.3325170540713094, "obliqueness_angle": 0.7169438004493713, "camera_rotation_final": [1.2395678758621216, 0.018656335771083832, -3.3096845149993896], "skybox_img": 2, "resolution": 512}