{"model_rotation_degrees": 0.0, "vanishing_points_image": {"y": [346.9931693560882, 233.19229401020172], "x": [432.8743482204696, 302.4961066146215], "z": [254.41381367192585, 71.06253759869386]}, "point_uuid": "14", "field_of_view_rads": 1.3089969389957472, "point_pitch": -0.2602092464778085, "camera_rotation_original": [1.5759177207946777, 0.006587443873286247, -0.21082322299480438], "camera_uuid": "1eea2dc63a804bb98c4433aaf5355d4d", "camera_location": [0.081101, -0.078128, 1.481538], "nonfixated_points_in_view": [8, 9, 11, 13, 16, 17, 18, 22, 31, 35, 39, 48, 51, 53, 56, 72, 73, 75, 83, 84, 89, 91, 94], "point_location": [3.9198901653289795, 3.9958858489990234, -0.003084688214585185], "bounding_box_ranges": {"y": [0.030073905884309277, 4.784592569710476], "x": [-0.078128, 6.892191764485372], "z": [-0.015896386678450725, 2.4453046062572996]}, "view_id": 1, "vanishing_points_gaussian_sphere": {"y": [0.7262708574116385, 0.18204193020225934, -0.6628660327115874], "x": [0.6873586533884488, -0.18069042544595126, 0.7034835120769921], "z": [-0.008289950939633419, 0.966546277112688, 0.2563582862187638]}, "camera_rotation_from_original_to_final": [-0.25839006900787354, 0.0566008985042572, -0.552432656288147], "point_normal": [-0.05377311632037163, -0.0189367588609457, 0.9983736276626587], "skybox_img_path": "./img/high/1eea2dc63a804bb98c4433aaf5355d4d_skybox4.jpg", "room": "0_2", "camera_distance": 5.791199756802057, "obliqueness_angle": 1.2609549760818481, "camera_rotation_final": [1.3115345239639282, 0.008290045894682407, -0.7578786611557007], "skybox_img": 4, "resolution": 512}