{"model_rotation_degrees": 0.0, "vanishing_points_image": {"y": [395.12398819331946, 259.534531050939], "x": [349.3498206331702, 225.94033322961528], "z": [255.2795081059489, 97.69655857408273]}, "point_uuid": "5", "field_of_view_rads": 1.3089969389957472, "point_pitch": 0.1046171943333487, "camera_rotation_original": [1.5759177207946777, 0.006587443873286247, -0.21082322299480438], "camera_uuid": "1eea2dc63a804bb98c4433aaf5355d4d", "camera_location": [0.081101, -0.078128, 1.481538], "nonfixated_points_in_view": [32, 34, 15], "point_location": [2.8425519466400146, -0.9270831942558289, 1.7644292116165161], "bounding_box_ranges": {"y": [0.081101, 3.516794656781143], "x": [-0.9805400052978618, 1.1892435820818537], "z": [-0.018618453182069228, 2.4453085058953175]}, "view_id": 0, "vanishing_points_gaussian_sphere": {"y": [0.955969620222921, -0.02428700003724119, -0.29245893188623173], "x": [0.29343068640580683, 0.09448790146287249, 0.9512993581163396], "z": [-0.004529623192004143, 0.9952297112256716, -0.09745411436878854]}, "camera_rotation_from_original_to_final": [0.09002828598022461, -0.021313175559043884, -1.659264326095581], "point_normal": [-0.7061556577682495, 0.5578699111938477, 0.43603378534317017], "skybox_img_path": "./img/high/1eea2dc63a804bb98c4433aaf5355d4d_skybox1.jpg", "room": "0_2", "camera_distance": 2.902820030810012, "obliqueness_angle": 0.6560199856758118, "camera_rotation_final": [1.668406367301941, 0.004529638681560755, -1.8686130046844482], "skybox_img": 1, "resolution": 512}