{"model_rotation_degrees": 0.0, "vanishing_points_image": {"y": [351.73552511119954, 255.57998976757673], "x": [430.791336648152, 259.49175952816734], "z": [256.9889286597908, 88.19258745646685]}, "point_uuid": "44", "field_of_view_rads": 1.3089969389957472, "point_pitch": -0.0051845749232430904, "camera_rotation_original": [1.579675316810608, 0.0016688042087480426, -0.18222443759441376], "camera_uuid": "421bc59cb37942a2a1b69459e69c6733", "camera_location": [4.087351, 5.595419, 1.470996], "nonfixated_points_in_view": [65, 66, 67, 68, 37, 70, 98, 40, 41, 99, 104, 77, 92, 48, 17, 49, 20, 84, 60, 29, 95], "point_location": [-0.7255545258522034, -0.037398211658000946, 1.381843090057373], "bounding_box_ranges": {"y": [-0.7373097916063385, 4.087351], "x": [-0.9688066770116812, 5.595419], "z": [-0.01793013070109928, 2.445261862859466]}, "view_id": 3, "vanishing_points_gaussian_sphere": {"y": [0.7603039039561221, 0.0033356000193450735, -0.6495589637604818], "x": [0.6495407990528235, -0.012975701871263765, 0.7602160097806201], "z": [0.005892706924632365, 0.9999102484390583, 0.01203208509117861]}, "camera_rotation_from_original_to_final": [-0.0219355970621109, -0.0036467243917286396, 2.6168177127838135], "point_normal": [0.9999316930770874, 0.0004343015607446432, -0.011684787459671497], "skybox_img_path": "./img/high/421bc59cb37942a2a1b69459e69c6733_skybox2.jpg", "room": "0_2", "camera_distance": 7.409496277669214, "obliqueness_angle": 0.86360102891922, "camera_rotation_final": [1.5587637424468994, -0.0058927410282194614, 2.4345974922180176], "skybox_img": 2, "resolution": 512}