{"model_rotation_degrees": 0.0, "vanishing_points_image": {"y": [395.2067365965012, 270.13881761089107], "x": [348.64020752354963, 174.4459763898149], "z": [257.920413937338, 115.7270499297221]}, "point_uuid": "91", "field_of_view_rads": 1.3089969389957472, "point_pitch": 0.28862674633530183, "camera_rotation_original": [1.5771442651748657, -0.011866987682878971, -1.0165622234344482], "camera_uuid": "22149045c4a4476eb44710bdb469a325", "camera_location": [2.693772, -0.285035, 1.48261], "nonfixated_points_in_view": [74, 13, 48, 17, 18, 83, 84, 53, 85, 86, 56, 89], "point_location": [3.363640546798706, 1.8660714626312256, 2.1443212032318115], "bounding_box_ranges": {"y": [0.18626801786487057, 4.225373242690937], "x": [-0.285035, 6.885469264381341], "z": [-0.015214510873819753, 2.4406614601892316]}, "view_id": 1, "vanishing_points_gaussian_sphere": {"y": [0.953540303617278, -0.09684827593190813, -0.28527408018690764], "x": [0.3009790270363394, 0.2649610933875815, 0.9160825531987364], "z": [0.013134483687138486, 0.9593831510089565, -0.28180038129569307]}, "camera_rotation_from_original_to_final": [0.14832614362239838, -0.23757050931453705, 0.6965964436531067], "point_normal": [-0.9979714751243591, 0.05230462923645973, -0.03629530966281891], "skybox_img_path": "./img/high/22149045c4a4476eb44710bdb469a325_skybox4.jpg", "room": "0_2", "camera_distance": 2.3481576355592084, "obliqueness_angle": 1.3212049007415771, "camera_rotation_final": [1.8564916849136353, -0.01313486136496067, -0.3057463467121124], "skybox_img": 4, "resolution": 512}