{"model_rotation_degrees": 0.0, "vanishing_points_image": {"y": [443.8232008173444, 255.4323127527772], "x": [156.70826264629295, 242.99086489115322], "z": [257.652352831339, 92.58194144091229]}, "point_uuid": "5", "field_of_view_rads": 1.3089969389957472, "point_pitch": 0.03901596466568513, "camera_rotation_original": [1.577962040901184, 0.007169065065681934, 1.18436598777771], "camera_uuid": "57ed0722da4246b593ad7c4c816002a1", "camera_location": [0.693011, 5.590496, 1.490906], "nonfixated_points_in_view": [20, 25, 30, 44, 49, 51, 52, 60, 65, 66, 67, 68, 70, 77, 79, 87, 92, 95, 98, 99, 100, 104], "point_location": [2.8425519466400146, -0.9270831942558289, 1.7644292116165161], "bounding_box_ranges": {"y": [-0.7414471447795636, 3.376658295646884], "x": [-0.9805234395752205, 5.590496], "z": [-0.01874210867377646, 2.445267597382571]}, "view_id": 6, "vanishing_points_gaussian_sphere": {"y": [0.9497608892677806, 0.002870609926793052, 0.3129632771043958], "x": [-0.31281334595088905, 0.040984589350360576, 0.9489299626583575], "z": [0.010102663623228324, 0.9991556550580248, -0.03982352512379324]}, "camera_rotation_from_original_to_final": [0.028315838426351547, 0.023748833686113358, 2.2757813930511475], "point_normal": [-0.7061556577682495, 0.5578699111938477, 0.43603378534317017], "skybox_img_path": "./img/high/57ed0722da4246b593ad7c4c816002a1_skybox3.jpg", "room": "0_2", "camera_distance": 6.868346039536114, "obliqueness_angle": 0.7480513453483582, "camera_rotation_final": [1.6106324195861816, -0.010102835483849049, 3.4597630500793457], "skybox_img": 3, "resolution": 512}