{"model_rotation_degrees": 0.0, "vanishing_points_image": {"y": [407.805179150503, 248.06609755183698], "x": [310.8544517477915, 337.54959182277855], "z": [254.7102605852756, 70.78171302238655]}, "point_uuid": "28", "field_of_view_rads": 1.3089969389957472, "point_pitch": -0.27037076552840666, "camera_rotation_original": [1.5785322189331055, -0.004439795855432749, -0.3697104752063751], "camera_uuid": "b20b2b0634e241d794127bb70d0381ec", "camera_location": [4.119016, 3.356542, 1.473925], "nonfixated_points_in_view": [64, 81, 76, 101, 78], "point_location": [5.921271800994873, 3.0443596839904785, 0.9785207509994507], "bounding_box_ranges": {"y": [4.119016, 5.92333910906261], "x": [1.809137393229622, 4.347275785262848], "z": [-0.004759364471276228, 2.2430688580456093]}, "view_id": 4, "vanishing_points_gaussian_sphere": {"y": [0.9849925898781599, 0.05147937088832111, -0.16474062115355176], "x": [0.17246572341069827, -0.25639686296069725, 0.9510605779404054], "z": [-0.006721021763087802, 0.9651997321989145, 0.2614274370252747]}, "camera_rotation_from_original_to_final": [-0.2508012354373932, 0.10762252658605576, -1.3876897096633911], "point_normal": [-0.9999451041221619, -0.009625209495425224, -0.004139683675020933], "skybox_img_path": "./img/high/b20b2b0634e241d794127bb70d0381ec_skybox1.jpg", "room": "0_2", "camera_distance": 1.8949956580341287, "obliqueness_angle": 0.3228329122066498, "camera_rotation_final": [1.3062894344329834, 0.006721072364598513, -1.7441326379776], "skybox_img": 1, "resolution": 512}