{"model_rotation_degrees": 0.0, "vanishing_points_image": {"y": [432.7904131017112, 252.26084592966865], "x": [213.95678663119685, 182.48277800997496], "z": [257.3788465744082, 110.29664819529805]}, "point_uuid": "58", "field_of_view_rads": 1.3089969389957472, "point_pitch": 0.2221556464817862, "camera_rotation_original": [1.5834180116653442, 0.001621261122636497, -2.377124547958374], "camera_uuid": "c2e7d52588e94b929f2f91a2249562c5", "camera_location": [4.816021, -0.326724, 1.48248], "nonfixated_points_in_view": [50, 101, 76, 82, 6], "point_location": [7.5393476486206055, 0.03760745748877525, 2.1284918785095215], "bounding_box_ranges": {"y": [4.816021, 7.550261437001989], "x": [-0.895704170224261, 2.520266784816862], "z": [0.10815603011532615, 2.4550756690165274]}, "view_id": 4, "vanishing_points_gaussian_sphere": {"y": [0.991412417212036, 0.02096857917890989, 0.1290803535980814], "x": [-0.13044754649891777, 0.22810200423764762, 0.9648590121231085], "z": [0.009211764771238433, 0.9734114209058706, -0.2288784590996134]}, "camera_rotation_from_original_to_final": [-0.16622798144817352, -0.14259454607963562, 0.9498850107192993], "point_normal": [-0.999993622303009, 0.003498116275295615, -0.0008064580033533275], "skybox_img_path": "./img/high/c2e7d52588e94b929f2f91a2249562c5_skybox3.jpg", "room": "0_5", "camera_distance": 2.8225125135519407, "obliqueness_angle": 0.2669276297092438, "camera_rotation_final": [1.8017317056655884, -0.009211895056068897, -1.4399703741073608], "skybox_img": 3, "resolution": 512}