{"model_rotation_degrees": 0.0, "vanishing_points_image": {"y": [435.5139705375213, 263.126053288186], "x": [200.2673416304551, 331.4602306419662], "z": [255.47330405681137, 72.01877135279618]}, "point_uuid": "33", "field_of_view_rads": 1.3089969389957472, "point_pitch": -0.2370275696131845, "camera_rotation_original": [1.5762215852737427, -0.0002412118628853932, -1.888368844985962], "camera_uuid": "029e8bd017804e6aba4c5206f049bf52", "camera_location": [2.031441, 2.853197, 1.471538], "nonfixated_points_in_view": [0, 100, 44, 46, 19, 20, 52, 54, 26, 63], "point_location": [-0.7357626557350159, 2.3610923290252686, 0.7786898612976074], "bounding_box_ranges": {"y": [-0.7416986213125205, 2.031441], "x": [-0.3865254057732179, 4.108738922745525], "z": [-0.010459157000193287, 2.4453085637406065]}, "view_id": 3, "vanishing_points_gaussian_sphere": {"y": [0.984668776038541, -0.03908777767130323, 0.16999866802854866], "x": [-0.17441237224924158, -0.23614875410163735, 0.955936237592569], "z": [-0.0027795505309191793, 0.9709304360112331, 0.23934569669388853]}, "camera_rotation_from_original_to_final": [0.0815468356013298, 0.23355485498905182, -2.6388237476348877], "point_normal": [0.9999902248382568, 0.004309912212193012, 0.0010702030267566442], "skybox_img_path": "./img/high/029e8bd017804e6aba4c5206f049bf52_skybox2.jpg", "room": "0_2", "camera_distance": 2.8947574949197974, "obliqueness_angle": 0.2946094572544098, "camera_rotation_final": [1.3291034698486328, 0.002779554110020399, -4.537079334259033], "skybox_img": 2, "resolution": 512}