{"model_rotation_degrees": 0.0, "vanishing_points_image": {"y": [401.3066958150667, 265.90049127147296], "x": [330.0657703148541, 163.7747666398965], "z": [254.97456250319146, 118.10847026804187]}, "point_uuid": "75", "field_of_view_rads": 1.3089969389957472, "point_pitch": 0.31818445126083894, "camera_rotation_original": [1.5761680603027344, 0.00989445485174656, -0.4241592288017273], "camera_uuid": "4941e1733c7d43ffb521d1025e32e0eb", "camera_location": [1.857551, 5.637887, 1.476438], "nonfixated_points_in_view": [64, 101, 8, 16, 81, 50, 24, 90, 31], "point_location": [4.656252384185791, 4.942971229553223, 2.398334503173828], "bounding_box_ranges": {"y": [1.857551, 5.922885033688526], "x": [2.483583010021376, 6.892187824268481], "z": [0.3328114320466138, 2.441846596769932]}, "view_id": 1, "vanishing_points_gaussian_sphere": {"y": [0.9710484519626156, -0.06616251693637612, -0.22953741589041993], "x": [0.23877757943096786, 0.297321122707141, 0.924437892750645], "z": [-0.007083184460093206, 0.9524823732462502, -0.3045113415836845]}, "camera_rotation_from_original_to_final": [0.27760374546051025, -0.12569470703601837, -1.4079335927963257], "point_normal": [-0.997501015663147, -0.006629338022321463, -0.07034127414226532], "skybox_img_path": "./img/high/4941e1733c7d43ffb521d1025e32e0eb_skybox1.jpg", "room": "0_2", "camera_distance": 3.027462613633305, "obliqueness_angle": 0.34217894077301025, "camera_rotation_final": [1.8802297115325928, 0.007083243690431118, -1.8119093179702759], "skybox_img": 1, "resolution": 512}