{"model_rotation_degrees": 0.0, "vanishing_points_image": {"y": [382.21904487177505, 257.5211853276747], "x": [381.78355323418253, 246.36675193044144], "z": [255.52706320551044, 92.00002695429667]}, "point_uuid": "46", "field_of_view_rads": 1.3089969389957472, "point_pitch": 0.04026503960159822, "camera_rotation_original": [1.5743488073349, -0.006772358436137438, -1.2924582958221436], "camera_uuid": "b2b91e26cb9a4190a097925afea72a8a", "camera_location": [1.962995, 0.554659, 1.477478], "nonfixated_points_in_view": [0, 33, 97, 100, 44, 19, 52, 54, 26, 93, 63], "point_location": [-0.7327671051025391, 1.7683550119400024, 1.5756101608276367], "bounding_box_ranges": {"y": [-0.7409806382474253, 1.962995], "x": [-0.09514195315687024, 4.222947283642889], "z": [-0.009426956194634961, 2.445211018666414]}, "view_id": 0, "vanishing_points_gaussian_sphere": {"y": [0.911880642686877, -0.010989937815287723, -0.4103083167080391], "x": [0.41044535158134177, 0.03143433135029083, 0.9113432373029544], "z": [-0.002882162076838103, 0.9994453982481365, -0.03317512716458829]}, "camera_rotation_from_original_to_final": [0.01742619462311268, -0.025835344567894936, 2.440142869949341], "point_normal": [0.9998667240142822, 0.01563180610537529, 0.004726110491901636], "skybox_img_path": "./img/high/b2b91e26cb9a4190a097925afea72a8a_skybox2.jpg", "room": "0_2", "camera_distance": 2.958009738581456, "obliqueness_angle": 0.4402361512184143, "camera_rotation_final": [1.6039776802062988, 0.0028821660671383142, 1.1478520631790161], "skybox_img": 2, "resolution": 512}