{"model_rotation_degrees": 0.0, "vanishing_points_image": {"y": [366.86321308741947, 234.25156215397453], "x": [407.294766430045, 328.56152450323975], "z": [257.1191206270235, 68.35619673834164]}, "point_uuid": "80", "field_of_view_rads": 1.3089969389957472, "point_pitch": -0.3227141340586801, "camera_rotation_original": [1.577962040901184, 0.007169065065681934, 1.18436598777771], "camera_uuid": "57ed0722da4246b593ad7c4c816002a1", "camera_location": [0.693011, 5.590496, 1.490906], "nonfixated_points_in_view": [65, 98, 100, 70, 104, 44, 77, 46, 79, 20, 52, 25, 92, 30, 95], "point_location": [-0.005057885777205229, 4.5240864753723145, 1.0765630006790161], "bounding_box_ranges": {"y": [-0.7389863248448827, 1.2269536959769074], "x": [-0.9597715553090591, 5.590496], "z": [-0.01013719769477106, 2.4453058028786714]}, "view_id": 4, "vanishing_points_gaussian_sphere": {"y": [0.837676661177951, 0.16433006308710482, -0.5208583700811081], "x": [0.546137017700868, -0.26192931538283626, 0.7956930260093277], "z": [0.005671791124682439, 0.9509935142307054, 0.30915880494750764]}, "camera_rotation_from_original_to_final": [-0.11286310851573944, -0.3019338846206665, 1.3969001770019531], "point_normal": [0.9999657273292542, 0.006691290531307459, 0.00488837668672204], "skybox_img_path": "./img/high/57ed0722da4246b593ad7c4c816002a1_skybox3.jpg", "room": "0_2", "camera_distance": 1.3402274780629657, "obliqueness_angle": 1.0149338245391846, "camera_rotation_final": [1.256482720375061, -0.0056718215346336365, 2.5638363361358643], "skybox_img": 3, "resolution": 512}