{"model_rotation_degrees": 0.0, "vanishing_points_image": {"y": [363.79584903829357, 236.2799624290458], "x": [412.7251491947476, 318.655541018959], "z": [256.9957999067347, 70.19222790768329]}, "point_uuid": "70", "field_of_view_rads": 1.3089969389957472, "point_pitch": -0.2684352835032602, "camera_rotation_original": [1.579675316810608, 0.0016688042087480426, -0.18222443759441376], "camera_uuid": "421bc59cb37942a2a1b69459e69c6733", "camera_location": [4.087351, 5.595419, 1.470996], "nonfixated_points_in_view": [65, 66, 67, 68, 37, 98, 99, 104, 44, 77, 92, 48, 17, 49, 20, 84, 60, 29, 95], "point_location": [1.1233402490615845, 1.3123148679733276, -0.0034054070711135864], "bounding_box_ranges": {"y": [-0.7379241802556074, 4.345718643759954], "x": [-0.9701660018198419, 5.595419], "z": [-0.015678911989428057, 2.4453109767947017]}, "view_id": 0, "vanishing_points_gaussian_sphere": {"y": [0.8231202952906819, 0.15058059557359108, -0.5475385499828148], "x": [0.5678436305968175, -0.22701238487897943, 0.7912136173639729], "z": [0.005156614316174626, 0.9621802644766005, 0.27236473336416644]}, "camera_rotation_from_original_to_final": [-0.2814440131187439, 0.04427165165543556, 2.713151693344116], "point_normal": [0.02043328620493412, -0.03306230530142784, 0.9992443919181824], "skybox_img_path": "./img/high/421bc59cb37942a2a1b69459e69c6733_skybox2.jpg", "room": "0_2", "camera_distance": 5.413335313718337, "obliqueness_angle": 1.310685634613037, "camera_rotation_final": [1.2949427366256714, -0.005156637169420719, 2.5376996994018555], "skybox_img": 2, "resolution": 512}