{"model_rotation_degrees": 0.0, "vanishing_points_image": {"y": [427.9396061255822, 256.4632090091103], "x": [234.83048678458272, 258.3091592272509], "z": [256.3753580703267, 88.59812052304255]}, "point_uuid": "78", "field_of_view_rads": 1.3089969389957472, "point_pitch": -0.01203875144454436, "camera_rotation_original": [1.5762215852737427, -0.0002412118628853932, -1.888368844985962], "camera_uuid": "029e8bd017804e6aba4c5206f049bf52", "camera_location": [2.031441, 2.853197, 1.471538], "nonfixated_points_in_view": [24, 69, 75, 12, 28], "point_location": [5.919722557067871, 3.100865364074707, 1.4439032077789307], "bounding_box_ranges": {"y": [2.031441, 5.9233255844640595], "x": [1.9467245714981791, 5.156905358968529], "z": [-0.010040966135262286, 2.442502036237123]}, "view_id": 0, "vanishing_points_gaussian_sphere": {"y": [0.9979740473060114, -0.0026885636182788215, 0.06356549794762471], "x": [-0.06358280793165737, -0.006935578826771496, 0.9979524659430747], "z": [0.0022421951710274524, 0.9999723343033087, 0.007092474096316094]}, "camera_rotation_from_original_to_final": [0.0020079300738871098, 0.012516694143414497, 0.38119542598724365], "point_normal": [-0.999958336353302, -0.006988245528191328, -0.005890997592359781], "skybox_img_path": "./img/high/029e8bd017804e6aba4c5206f049bf52_skybox4.jpg", "room": "0_2", "camera_distance": 3.8962593154561307, "obliqueness_angle": 0.05809106305241585, "camera_rotation_final": [1.5637037754058838, -0.00224219704978168, -1.5071704387664795], "skybox_img": 4, "resolution": 512}