{"model_rotation_degrees": 0.0, "vanishing_points_image": {"y": [399.14342587002983, 247.2849884403376], "x": [336.4164971065605, 338.3611599939418], "z": [258.2849091739341, 70.30057548433402]}, "point_uuid": "92", "field_of_view_rads": 1.3089969389957472, "point_pitch": -0.2710117538783212, "camera_rotation_original": [1.5827999114990234, -0.0022284637670964003, 1.2485463619232178], "camera_uuid": "de06f753bd6d4114a5c6e6a781ee950a", "camera_location": [0.724806, 4.289951, 1.483605], "nonfixated_points_in_view": [0, 20, 25, 26, 30, 33, 44, 46, 47, 49, 52, 60, 63, 65, 66, 68, 77, 95, 98, 99, 100, 104], "point_location": [-0.6486530900001526, -0.7832125425338745, 0.006644810549914837], "bounding_box_ranges": {"y": [-0.7416979001287448, 3.00577368451666], "x": [-0.9791274208990526, 4.289951], "z": [-0.017320315003422015, 2.4453119843388555]}, "view_id": 3, "vanishing_points_gaussian_sphere": {"y": [0.9660483181229191, 0.05881598968630222, -0.2515776747032617], "x": [0.25808981419186033, -0.2643310420658495, 0.929257094678751], "z": [0.011844613218267885, 0.9626368887371827, 0.2705363664650406]}, "camera_rotation_from_original_to_final": [-0.08332760632038116, -0.2740435302257538, 1.6414530277252197], "point_normal": [-0.0302384365350008, 0.02888224832713604, 0.9991253614425659], "skybox_img_path": "./img/high/de06f753bd6d4114a5c6e6a781ee950a_skybox3.jpg", "room": "0_2", "camera_distance": 5.459376263413613, "obliqueness_angle": 1.2770589590072632, "camera_rotation_final": [1.2968264818191528, -0.01184489019215107, 2.8805294036865234], "skybox_img": 3, "resolution": 512}