{"model_rotation_degrees": 0.0, "vanishing_points_image": {"y": [373.9274595083075, 233.46477601222406], "x": [394.40480160180124, 342.7576574937566], "z": [257.4797404170707, 66.58558589794612]}, "point_uuid": "14", "field_of_view_rads": 1.3089969389957472, "point_pitch": -0.3556801517817636, "camera_rotation_original": [1.5743488073349, -0.006772358436137438, -1.2924582958221436], "camera_uuid": "b2b91e26cb9a4190a097925afea72a8a", "camera_location": [1.962995, 0.554659, 1.477478], "nonfixated_points_in_view": [39, 72, 73, 74, 11, 75, 13, 16, 48, 18, 83, 84, 53, 85, 56, 89, 31], "point_location": [3.9198901653289795, 3.9958858489990234, -0.003084688214585185], "bounding_box_ranges": {"y": [1.1375066799819684, 4.780323919028497], "x": [0.554659, 6.89107844341457], "z": [-0.013133537958641694, 2.4453094159989845]}, "view_id": 3, "vanishing_points_gaussian_sphere": {"y": [0.8706034271487239, 0.1663670473113159, -0.46300289222186397], "x": [0.4919310264548122, -0.3083620149719087, 0.8141969865662605], "z": [0.007316956198555522, 0.9366081749009981, 0.35030213938914173]}, "camera_rotation_from_original_to_final": [-0.10450123250484467, 0.34664830565452576, 0.7572501301765442], "point_normal": [-0.05377311632037163, -0.0189367588609457, 0.9983736276626587], "skybox_img_path": "./img/high/b2b91e26cb9a4190a097925afea72a8a_skybox4.jpg", "room": "0_2", "camera_distance": 4.226528992581771, "obliqueness_angle": 1.1701127290725708, "camera_rotation_final": [1.2128926515579224, -0.007317021489143372, -0.5143214464187622], "skybox_img": 4, "resolution": 512}