{"model_rotation_degrees": 0.0, "vanishing_points_image": {"y": [442.6599169371804, 263.55418602644846], "x": [79.22613792090768, 263.1633228349476], "z": [256.8186332361015, 85.90451332810878]}, "point_uuid": "16", "field_of_view_rads": 1.3089969389957472, "point_pitch": -0.04274062713118987, "camera_rotation_original": [1.5762215852737427, -0.0002412118628853932, -1.888368844985962], "camera_uuid": "029e8bd017804e6aba4c5206f049bf52", "camera_location": [2.031441, 2.853197, 1.471538], "nonfixated_points_in_view": [74, 75, 12, 48, 84, 85, 56, 31], "point_location": [4.663140296936035, 5.186703205108643, 1.3300076723098755], "bounding_box_ranges": {"y": [2.031441, 5.923339382592533], "x": [2.853197, 6.892233939785132], "z": [-0.01006172444596043, 2.443589243466049]}, "view_id": 2, "vanishing_points_gaussian_sphere": {"y": [0.7480879964262439, -0.03027535842662385, 0.6629085549871171], "x": [-0.6635821159962669, -0.02689002134406111, 0.7476200252013271], "z": [0.004808839037127443, 0.9991798283713775, 0.04020628859842208]}, "camera_rotation_from_original_to_final": [0.009918026626110077, 0.044786322861909866, 1.0432865619659424], "point_normal": [-0.9998881220817566, 0.013060194440186024, 0.007297165226191282], "skybox_img_path": "./img/high/029e8bd017804e6aba4c5206f049bf52_skybox3.jpg", "room": "0_2", "camera_distance": 3.520102717019509, "obliqueness_angle": 0.738956093788147, "camera_rotation_final": [1.5305787324905396, -0.004808857571333647, -0.8451891541481018], "skybox_img": 3, "resolution": 512}