{"model_rotation_degrees": 0.0, "vanishing_points_image": {"y": [427.8104933280017, 259.81056371893663], "x": [234.57328332690835, 309.18587142628047], "z": [258.12183323881203, 76.83032326866314]}, "point_uuid": "104", "field_of_view_rads": 1.3089969389957472, "point_pitch": -0.16334275802108245, "camera_rotation_original": [1.5824408531188965, 0.001023429213091731, 1.5184667110443115], "camera_uuid": "82b91818426544f3b6c43aa394ec0dd3", "camera_location": [0.187142, 2.810302, 1.478821], "nonfixated_points_in_view": [99, 68, 5, 100, 44, 77, 92, 52, 87, 60, 95], "point_location": [0.4250602126121521, -0.9414658546447754, 0.857938289642334], "bounding_box_ranges": {"y": [-0.7394473717194282, 3.3861287189184157], "x": [-0.9787928094519032, 2.810302], "z": [-0.01702172247963718, 2.4453122633032547]}, "view_id": 0, "vanishing_points_gaussian_sphere": {"y": [0.9978032115285074, -0.02213015423470255, 0.06244203181307462], "x": [-0.06520925731756701, -0.16186386502467973, 0.9846562049565136], "z": [0.011683485074586263, 0.986564922077012, 0.16295137527401046]}, "camera_rotation_from_original_to_final": [0.0036057380493730307, -0.17575666308403015, 1.6871312856674194], "point_normal": [0.531001091003418, 0.8473368883132935, 0.007627560757100582], "skybox_img_path": "./img/high/82b91818426544f3b6c43aa394ec0dd3_skybox3.jpg", "room": "0_2", "camera_distance": 3.8102312612316505, "obliqueness_angle": 0.6394541263580322, "camera_rotation_final": [1.4071037769317627, -0.01168375089764595, 3.206852674484253], "skybox_img": 3, "resolution": 512}