{"model_rotation_degrees": 0.0, "vanishing_points_image": {"y": [405.782745689644, 254.7759119060283], "x": [317.5630960787236, 263.53985300666756], "z": [255.3984669749431, 87.20213647570426]}, "point_uuid": "62", "field_of_view_rads": 1.3089969389957472, "point_pitch": -0.017453595003809497, "camera_rotation_original": [1.5776946544647217, 0.0030656252056360245, -2.669447660446167], "camera_uuid": "c3d17a6983f9472b926dbc4e505ec89c", "camera_location": [5.294113, 2.145316, 1.475611], "nonfixated_points_in_view": [96, 1, 103], "point_location": [3.5081350803375244, 2.486759662628174, 1.4317649602890015], "bounding_box_ranges": {"y": [3.4735256493250564, 5.294113], "x": [1.2184054252260985, 2.691605194899306], "z": [0.094806954850577, 2.435869345356757]}, "view_id": 2, "vanishing_points_gaussian_sphere": {"y": [0.9821888517236792, 0.008026863667714075, -0.18772487584063166], "x": [0.18786262969636094, -0.023008209521257428, 0.9819257887733644], "z": [-0.003562571162603113, 0.9997030517880228, 0.024106354606732595]}, "camera_rotation_from_original_to_final": [0.02784310095012188, 0.01365616638213396, -2.231635093688965], "point_normal": [0.9984113574028015, -0.0527174174785614, -0.019892165437340736], "skybox_img_path": "./img/high/c3d17a6983f9472b926dbc4e505ec89c_skybox1.jpg", "room": "0_5", "camera_distance": 1.8188524119103748, "obliqueness_angle": 0.14307169616222382, "camera_rotation_final": [1.5466874837875366, 0.0035625786986202, -4.901375770568848], "skybox_img": 1, "resolution": 512}