{"model_rotation_degrees": 0.0, "vanishing_points_image": {"y": [397.9439606287179, 248.79142136924924], "x": [340.2966951576225, 324.73773655790967], "z": [258.23054918193753, 72.94316686782005]}, "point_uuid": "95", "field_of_view_rads": 1.3089969389957472, "point_pitch": -0.22295646270247893, "camera_rotation_original": [1.5827999114990234, -0.0022284637670964003, 1.2485463619232178], "camera_uuid": "de06f753bd6d4114a5c6e6a781ee950a", "camera_location": [0.724806, 4.289951, 1.483605], "nonfixated_points_in_view": [0, 20, 25, 26, 30, 33, 44, 46, 47, 49, 52, 54, 60, 63, 65, 66, 68, 77, 92, 98, 99, 100, 104], "point_location": [-0.7208322286605835, -0.8461699485778809, 0.2580554485321045], "bounding_box_ranges": {"y": [-0.7416974950432994, 2.933917267767251], "x": [-0.9799108976569011, 4.289951], "z": [-0.017743730332358654, 2.4452947697533918]}, "view_id": 3, "vanishing_points_gaussian_sphere": {"y": [0.9632645639266165, 0.048919082717746844, -0.26406117327111855], "x": [0.26829157070077814, -0.21877198475046392, 0.9381676032454181], "z": [0.011874888385785865, 0.9745489941682752, 0.22385987802960158]}, "camera_rotation_from_original_to_final": [-0.06718195229768753, -0.22847460210323334, 1.6274336576461792], "point_normal": [0.9992681741714478, 0.02664410136640072, -0.02744772657752037], "skybox_img_path": "./img/high/de06f753bd6d4114a5c6e6a781ee950a_skybox3.jpg", "room": "0_2", "camera_distance": 5.474630344226865, "obliqueness_angle": 1.2841675281524658, "camera_rotation_final": [1.345007061958313, -0.011875167489051819, 2.8699538707733154], "skybox_img": 3, "resolution": 512}