{"model_rotation_degrees": 0.0, "vanishing_points_image": {"y": [369.13022686436074, 242.10865023045886], "x": [405.61352338964, 307.4015363781639], "z": [256.94356744394446, 73.90075971486289]}, "point_uuid": "28", "field_of_view_rads": 1.3089969389957472, "point_pitch": -0.20234148105117278, "camera_rotation_original": [1.5717558860778809, 0.008724818006157875, 1.7450741529464722], "camera_uuid": "fe33a7c2947347d5a33b56488f8bfdae", "camera_location": [4.698266, 1.058042, 1.474498], "nonfixated_points_in_view": [45, 3, 12, 21, 78], "point_location": [5.921271800994873, 3.0443596839904785, 0.9785207509994507], "bounding_box_ranges": {"y": [4.392715470507623, 7.546426126827665], "x": [1.058042, 2.744625320682856], "z": [-0.006278266004437594, 2.445132081596814]}, "view_id": 1, "vanishing_points_gaussian_sphere": {"y": [0.8520861890192308, 0.1046283350925584, -0.5128372431663316], "x": [0.5233769572761836, -0.17981248686231602, 0.8329129787443064], "z": [0.005068241806352114, 0.9781208417491924, 0.20797579633419755]}, "camera_rotation_from_original_to_final": [0.05070023238658905, -0.20482049882411957, -2.3007166385650635], "point_normal": [-0.9999451041221619, -0.009625209495425224, -0.004139683675020933], "skybox_img_path": "./img/high/fe33a7c2947347d5a33b56488f8bfdae_skybox1.jpg", "room": "0_5", "camera_distance": 2.38478391423191, "obliqueness_angle": 1.0239863395690918, "camera_rotation_final": [1.3612885475158691, -0.005068263504654169, -0.5508171319961548], "skybox_img": 1, "resolution": 512}