{"model_rotation_degrees": 0.0, "vanishing_points_image": {"y": [406.869498400729, 252.08793863127772], "x": [313.3325273585524, 316.76777179408754], "z": [257.5700788571453, 75.04816563093567]}, "point_uuid": "64", "field_of_view_rads": 1.3089969389957472, "point_pitch": -0.19316880305739836, "camera_rotation_original": [1.5717558860778809, 0.008724818006157875, 1.7450741529464722], "camera_uuid": "fe33a7c2947347d5a33b56488f8bfdae", "camera_location": [4.698266, 1.058042, 1.474498], "nonfixated_points_in_view": [101, 6, 76, 81, 50, 82, 58], "point_location": [7.368668079376221, 0.5712490081787109, 0.9495174288749695], "bounding_box_ranges": {"y": [4.698266, 7.5457112527566705], "x": [-0.8970496044473806, 2.582374065519321], "z": [-0.005518886468719231, 2.4550670661567726]}, "view_id": 4, "vanishing_points_gaussian_sphere": {"y": [0.9840462571466413, 0.0255164190802436, -0.17607349645249748], "x": [0.1777087430949397, -0.1883566771559133, 0.9658888987861906], "z": [0.008518592800632493, 0.9817691554169465, 0.18988617392688864]}, "camera_rotation_from_original_to_final": [0.05081089958548546, -0.18604688346385956, 2.7839291095733643], "point_normal": [-0.1480383723974228, 0.9002692699432373, 0.4093896448612213], "skybox_img_path": "./img/high/fe33a7c2947347d5a33b56488f8bfdae_skybox2.jpg", "room": "0_5", "camera_distance": 2.7647096309808776, "obliqueness_angle": 1.181821584701538, "camera_rotation_final": [1.3797430992126465, -0.008518695831298828, 4.533724784851074], "skybox_img": 2, "resolution": 512}