{"model_rotation_degrees": 0.0, "vanishing_points_image": {"y": [446.19813025828415, 259.6114362555569], "x": [140.0665809432793, 263.22000500136556], "z": [257.30386406720464, 86.88192069127956]}, "point_uuid": "87", "field_of_view_rads": 1.3089969389957472, "point_pitch": -0.01863507827254729, "camera_rotation_original": [1.5827999114990234, -0.0022284637670964003, 1.2485463619232178], "camera_uuid": "de06f753bd6d4114a5c6e6a781ee950a", "camera_location": [0.724806, 4.289951, 1.483605], "nonfixated_points_in_view": [5, 15, 20, 25, 29, 30, 32, 34, 37, 47, 49, 60, 65, 66, 67, 68, 77, 91, 92, 95, 98, 99, 104], "point_location": [2.8112218379974365, -0.9091724157333374, 1.3261260986328125], "bounding_box_ranges": {"y": [-0.7303111062138893, 3.4523468815379776], "x": [-0.9783915287516516, 4.289951], "z": [-0.018716788796741213, 2.4453049122950477]}, "view_id": 2, "vanishing_points_gaussian_sphere": {"y": [0.9279512962836496, -0.01761971555787064, 0.3722847530441638], "x": [-0.3726217940494071, -0.02320583002333676, 0.9276931001426761], "z": [0.007706511850090389, 0.9995754274073507, 0.028099370073307393]}, "camera_rotation_from_original_to_final": [-0.0075065139681100845, -0.039777614176273346, 2.274840831756592], "point_normal": [0.32426273822784424, 0.9422584772109985, 0.08368226140737534], "skybox_img_path": "./img/high/de06f753bd6d4114a5c6e6a781ee950a_skybox3.jpg", "room": "0_2", "camera_distance": 5.604356717747177, "obliqueness_angle": 0.7139822840690613, "camera_rotation_final": [1.5426924228668213, -0.0077065881341695786, 3.523437261581421], "skybox_img": 3, "resolution": 512}