{"model_rotation_degrees": 0.0, "vanishing_points_image": {"y": [424.98102287310206, 257.5353113460304], "x": [246.93885788701846, 300.7368479895003], "z": [256.969267641922, 78.71191245535135]}, "point_uuid": "63", "field_of_view_rads": 1.3089969389957472, "point_pitch": -0.12890915473433928, "camera_rotation_original": [1.5785322189331055, -0.004439795855432749, -0.3697104752063751], "camera_uuid": "b20b2b0634e241d794127bb70d0381ec", "camera_location": [4.119016, 3.356542, 1.473925], "nonfixated_points_in_view": [0, 33, 65, 66, 97, 98, 70, 100, 44, 46, 79, 18, 19, 20, 52, 54, 89, 26, 93], "point_location": [-0.73255854845047, 3.2270584106445312, 0.8098087310791016], "bounding_box_ranges": {"y": [-0.7416529717788984, 4.119016], "x": [-0.6785468922034283, 4.726744850246619], "z": [-0.01671266630744994, 2.4452706907622037]}, "view_id": 7, "vanishing_points_gaussian_sphere": {"y": [0.999609327086299, -0.009082153222767118, 0.026433079557908086], "x": [-0.027419943609820533, -0.1353782816622851, 0.9904144927991518], "z": [0.005416631288059008, 0.9907523582343901, 0.1355744251637603]}, "camera_rotation_from_original_to_final": [-0.13450446724891663, 0.05082552507519722, 1.9637969732284546], "point_normal": [0.9999049305915833, 0.009478474967181683, -0.010022217407822609], "skybox_img_path": "./img/high/b20b2b0634e241d794127bb70d0381ec_skybox3.jpg", "room": "0_2", "camera_distance": 4.898529911424401, "obliqueness_angle": 0.14701983332633972, "camera_rotation_final": [1.4348011016845703, -0.005416657775640488, 1.5982201099395752], "skybox_img": 3, "resolution": 512}