{"model_rotation_degrees": 0.0, "vanishing_points_image": {"y": [422.58761660302935, 256.87463510184034], "x": [256.1505726625248, 373.4771458562857], "z": [257.207561228156, 65.56749010853333]}, "point_uuid": "3", "field_of_view_rads": 1.3089969389957472, "point_pitch": -0.3831987818095346, "camera_rotation_original": [1.5776946544647217, 0.0030656252056360245, -2.669447660446167], "camera_uuid": "c3d17a6983f9472b926dbc4e505ec89c", "camera_location": [5.294113, 2.145316, 1.475611], "nonfixated_points_in_view": [102, 7, 45, 78, 85, 88, 59], "point_location": [5.304539680480957, 5.761106967926025, -0.001976726111024618], "bounding_box_ranges": {"y": [1.8336829413136289, 5.923339007397752], "x": [2.145316, 6.893053606639352], "z": [-0.007968624691261805, 2.4453034782805183]}, "view_id": 2, "vanishing_points_gaussian_sphere": {"y": [0.9999826548668272, -0.005250209763563866, -0.002669318813968228], "x": [0.000484861210447592, -0.3782898580970556, 0.9256870681664059], "z": [0.005869827518643915, 0.9256723062500833, 0.37828075098602787]}, "camera_rotation_from_original_to_final": [0.35161393880844116, 0.18372073769569397, 2.701127290725708], "point_normal": [-0.004332066513597965, -0.020118311047554016, 0.9997882843017578], "skybox_img_path": "./img/high/c3d17a6983f9472b926dbc4e505ec89c_skybox2.jpg", "room": "0_2", "camera_distance": 3.90606185376439, "obliqueness_angle": 1.1627297401428223, "camera_rotation_final": [1.182850956916809, -0.005869861226528883, -0.00048486958257853985], "skybox_img": 2, "resolution": 512}