{"model_rotation_degrees": 0.0, "vanishing_points_image": {"y": [403.15349975587657, 245.11729705770077], "x": [323.6566018324231, 366.7775834143387], "z": [258.31344722897325, 65.83999222122094]}, "point_uuid": "92", "field_of_view_rads": 1.3089969389957472, "point_pitch": -0.3826889236781259, "camera_rotation_original": [1.5824408531188965, 0.001023429213091731, 1.5184667110443115], "camera_uuid": "82b91818426544f3b6c43aa394ec0dd3", "camera_location": [0.187142, 2.810302, 1.478821], "nonfixated_points_in_view": [99, 68, 100, 104, 44, 77, 46, 60, 95], "point_location": [-0.6486530900001526, -0.7832125425338745, 0.006644810549914837], "bounding_box_ranges": {"y": [-0.7416989184968037, 1.9353693058080361], "x": [-0.9584348314332471, 2.810302], "z": [-0.011612131226129474, 2.4453101539289372]}, "view_id": 4, "vanishing_points_gaussian_sphere": {"y": [0.9749516541037927, 0.07210232343992311, -0.2104056251977198], "x": [0.2221297222669524, -0.3637042531071787, 0.9046422512559071], "z": [0.011298612564612067, 0.9287198023226995, 0.37061013225194045]}, "camera_rotation_from_original_to_final": [-0.0083534587174654, -0.3914375603199005, 1.3987326622009277], "point_normal": [-0.0302384365350008, 0.02888224832713604, 0.9991253614425659], "skybox_img_path": "./img/high/82b91818426544f3b6c43aa394ec0dd3_skybox3.jpg", "room": "0_2", "camera_distance": 3.9723044420653317, "obliqueness_angle": 1.1701085567474365, "camera_rotation_final": [1.1911050081253052, -0.01129885297268629, 2.9175798892974854], "skybox_img": 3, "resolution": 512}