{"model_rotation_degrees": 0.0, "vanishing_points_image": {"y": [415.00692129425937, 255.4644015427094], "x": [285.250179190174, 307.656894391423], "z": [257.9587386948495, 77.22895677252616]}, "point_uuid": "19", "field_of_view_rads": 1.3089969389957472, "point_pitch": -0.15300385554763274, "camera_rotation_original": [1.5825356245040894, -0.0012060842709615827, -0.39747294783592224], "camera_uuid": "f9db34b350e54e138bcc5d0815a85293", "camera_location": [5.237017, 3.272563, 1.485191], "nonfixated_points_in_view": [0, 33, 97, 38, 74, 43, 46, 79, 48, 17, 18, 61, 84, 93, 54, 86, 89, 26, 29, 63], "point_location": [-0.74021315574646, 3.8177809715270996, 0.5307125449180603], "bounding_box_ranges": {"y": [-0.7416243667707372, 5.237017], "x": [1.5180685627925259, 6.718852472557071], "z": [-0.013488451364347842, 2.445311329387354]}, "view_id": 3, "vanishing_points_gaussian_sphere": {"y": [0.9959621577816766, 0.003354796073565248, -0.08971134605038283], "x": [0.08911961815464196, -0.15738852993983657, 0.9835072670312854], "z": [0.010820070556034274, 0.9875310607705876, 0.15705199803402847]}, "camera_rotation_from_original_to_final": [-0.16015322506427765, 0.05642584338784218, 1.8734753131866455], "point_normal": [0.9993535876274109, 0.01568739116191864, 0.03234681859612465], "skybox_img_path": "./img/high/f9db34b350e54e138bcc5d0815a85293_skybox3.jpg", "room": "0_2", "camera_distance": 6.0774642271356605, "obliqueness_angle": 0.16423138976097107, "camera_rotation_final": [1.4130821228027344, -0.010820281691849232, 1.481553077697754], "skybox_img": 3, "resolution": 512}