{"model_rotation_degrees": 0.0, "vanishing_points_image": {"y": [426.7669788691462, 257.4278052308416], "x": [239.68117211248108, 297.4359853135163], "z": [256.38653443350313, 79.41998876008199]}, "point_uuid": "28", "field_of_view_rads": 1.3089969389957472, "point_pitch": -0.13090042670699553, "camera_rotation_original": [1.5762215852737427, -0.0002412118628853932, -1.888368844985962], "camera_uuid": "029e8bd017804e6aba4c5206f049bf52", "camera_location": [2.031441, 2.853197, 1.471538], "nonfixated_points_in_view": [24, 75, 12, 69, 78], "point_location": [5.921271800994873, 3.0443596839904785, 0.9785207509994507], "bounding_box_ranges": {"y": [2.031441, 5.923335994568846], "x": [1.8519584920902659, 5.118864838792398], "z": [-0.010542305017195774, 2.4433366252117796]}, "view_id": 3, "vanishing_points_gaussian_sphere": {"y": [0.998778722854991, -0.008350920619368804, 0.04869625136457623], "x": [-0.049359362168264684, -0.125330925724942, 0.990886377150918], "z": [0.0021716672155444442, 0.9920798461725437, 0.1255900580450812]}, "camera_rotation_from_original_to_final": [0.03938021510839462, 0.1253529191017151, 0.3692651391029358], "point_normal": [-0.9999451041221619, -0.009625209495425224, -0.004139683675020933], "skybox_img_path": "./img/high/029e8bd017804e6aba4c5206f049bf52_skybox4.jpg", "room": "0_2", "camera_distance": 3.9256073571593513, "obliqueness_angle": 0.1358928233385086, "camera_rotation_final": [1.4448734521865845, -0.0021716689225286245, -1.5214167833328247], "skybox_img": 4, "resolution": 512}