{"model_rotation_degrees": 0.0, "vanishing_points_image": {"y": [404.1299190495865, 249.29222385804064], "x": [322.16287448751353, 327.419262518092], "z": [256.63667864766546, 72.64633512922504]}, "point_uuid": "45", "field_of_view_rads": 1.3089969389957472, "point_pitch": -0.2419786890360971, "camera_rotation_original": [1.5825356245040894, -0.0012060842709615827, -0.39747294783592224], "camera_uuid": "f9db34b350e54e138bcc5d0815a85293", "camera_location": [5.237017, 3.272563, 1.485191], "nonfixated_points_in_view": [88, 59, 102, 7], "point_location": [5.888344764709473, 6.326374053955078, 0.751869261264801], "bounding_box_ranges": {"y": [4.7694649245096175, 5.923113814557611], "x": [3.272563, 6.893058888086468], "z": [-0.008236073766427765, 2.4453105532834747]}, "view_id": 1, "vanishing_points_gaussian_sphere": {"y": [0.9781624721235875, 0.04429419077231919, -0.20306699089930236], "x": [0.20781422214918815, -0.2243242694884271, 0.9520986667310334], "z": [0.0033804144124439245, 0.9735073943131141, 0.22863054480119493]}, "camera_rotation_from_original_to_final": [-0.22500184178352356, 0.09100629389286041, 0.17728452384471893], "point_normal": [0.006352371536195278, -0.9999582767486572, -0.00656272005289793], "skybox_img_path": "./img/high/f9db34b350e54e138bcc5d0815a85293_skybox4.jpg", "room": "0_2", "camera_distance": 3.2074522887388333, "obliqueness_angle": 0.31989455223083496, "camera_rotation_final": [1.340124249458313, -0.0033804208505898714, -0.20934107899665833], "skybox_img": 4, "resolution": 512}