{"model_rotation_degrees": 0.0, "vanishing_points_image": {"y": [381.30856433163825, 269.1704265269053], "x": [382.7851326289988, 200.07066435529748], "z": [257.12975484194914, 108.34915306347149]}, "point_uuid": "15", "field_of_view_rads": 1.3089969389957472, "point_pitch": 0.21442468563583894, "camera_rotation_original": [1.5785316228866577, 0.0028458000160753727, 1.9192692041397095], "camera_uuid": "4c0d1c450c3c414c8e903e49190ad5f3", "camera_location": [0.164657, 1.413222, 1.481392], "nonfixated_points_in_view": [32, 34, 99, 68, 5, 22, 87, 91], "point_location": [3.363327980041504, -0.07421228289604187, 2.2368175983428955], "bounding_box_ranges": {"y": [0.164657, 3.3850447776609482], "x": [-0.9808023806469388, 2.2137774076547485], "z": [-0.017613484355579523, 2.4452992719737887]}, "view_id": 0, "vanishing_points_gaussian_sphere": {"y": [0.9060538132345066, -0.09522984514486657, -0.4123078511463182], "x": [0.42309633894054877, 0.1866425239298, 0.8866532897566096], "z": [0.007481677506687352, 0.9778015365373481, -0.20939956935697634]}, "camera_rotation_from_original_to_final": [-0.06044068932533264, 0.19442792236804962, 2.3508236408233643], "point_normal": [-0.999674916267395, 0.00196625292301178, -0.025422783568501472], "skybox_img_path": "./img/high/4c0d1c450c3c414c8e903e49190ad5f3_skybox2.jpg", "room": "0_2", "camera_distance": 3.6075786149651456, "obliqueness_angle": 0.46794068813323975, "camera_rotation_final": [1.7817631959915161, -0.007481747306883335, 4.275516033172607], "skybox_img": 2, "resolution": 512}