{"model_rotation_degrees": 0.0, "vanishing_points_image": {"y": [437.586977535113, 252.79865018004892], "x": [190.59256806575397, 259.6477463038913], "z": [252.79298460407654, 88.59688563530422]}, "point_uuid": "78", "field_of_view_rads": 1.3089969389957472, "point_pitch": -0.00967351993056731, "camera_rotation_original": [1.5862772464752197, -0.011492825113236904, -0.8451048135757446], "camera_uuid": "afeb188da5b044978973594d81adbdf2", "camera_location": [5.363377, 5.823519, 1.464672], "nonfixated_points_in_view": [69, 59, 23, 57, 27, 28], "point_location": [5.919722557067871, 3.100865364074707, 1.4439032077789307], "bounding_box_ranges": {"y": [4.778767359627693, 5.915578300204106], "x": [3.917482418435523, 5.823519], "z": [0.0028718936071625567, 2.4466828956097904]}, "view_id": 2, "vanishing_points_gaussian_sphere": {"y": [0.9796036055881412, 0.017270257311081803, 0.20019618910239692], "x": [-0.20002480716922258, -0.011155303448874252, 0.9797273272303263], "z": [-0.019153392274711634, 0.9997886263692806, 0.007473295591535046]}, "camera_rotation_from_original_to_final": [0.007694673724472523, 0.03750993683934212, -2.094834804534912], "point_normal": [-0.999958336353302, -0.006988245528191328, -0.005890997592359781], "skybox_img_path": "./img/high/afeb188da5b044978973594d81adbdf2_skybox1.jpg", "room": "0_7", "camera_distance": 2.7789918670139824, "obliqueness_angle": 1.3762739896774292, "camera_rotation_final": [1.563321590423584, 0.019154563546180725, -2.940171957015991], "skybox_img": 1, "resolution": 512}