{"model_rotation_degrees": 0.0, "vanishing_points_image": {"y": [365.1645695897687, 233.89140642403063], "x": [410.8280939073598, 321.09989620938546], "z": [254.4357458213985, 69.34773926442035]}, "point_uuid": "72", "field_of_view_rads": 1.3089969389957472, "point_pitch": -0.2952846725794931, "camera_rotation_original": [1.5759177207946777, 0.006587443873286247, -0.21082322299480438], "camera_uuid": "1eea2dc63a804bb98c4433aaf5355d4d", "camera_location": [0.081101, -0.078128, 1.481538], "nonfixated_points_in_view": [8, 9, 10, 11, 13, 14, 16, 17, 18, 22, 31, 35, 38, 39, 48, 51, 53, 56, 73, 75, 83, 84, 86, 89, 91, 93, 94, 97], "point_location": [2.829725742340088, 4.017667293548584, -0.006452821660786867], "bounding_box_ranges": {"y": [-0.3566592526085627, 4.786310583210238], "x": [-0.078128, 6.891827632675469], "z": [-0.015712261012463147, 2.4452947914168117]}, "view_id": 1, "vanishing_points_gaussian_sphere": {"y": [0.8289754378309775, 0.1678885476152152, -0.5334914798313024], "x": [0.5592274601452268, -0.23513594137944718, 0.7949690163088873], "z": [-0.008023172219147794, 0.9573528736318991, 0.28880980602515405]}, "camera_rotation_from_original_to_final": [-0.29153043031692505, 0.0631931871175766, -0.3897382616996765], "point_normal": [-0.03280169889330864, -0.03782361373305321, 0.9987459778785706], "skybox_img_path": "./img/high/1eea2dc63a804bb98c4433aaf5355d4d_skybox4.jpg", "room": "0_2", "camera_distance": 5.152144467980518, "obliqueness_angle": 1.228112816810608, "camera_rotation_final": [1.2778031826019287, 0.008023258298635483, -0.593475341796875], "skybox_img": 4, "resolution": 512}