{"model_rotation_degrees": 0.0, "vanishing_points_image": {"y": [446.903647875196, 238.45442185355773], "x": [126.63059877954811, 207.20853374543714], "z": [255.28644200135741, 105.71157798826155]}, "point_uuid": "75", "field_of_view_rads": 1.3089969389957472, "point_pitch": 0.19431717793015046, "camera_rotation_original": [1.5824408531188965, 0.001023429213091731, 1.5184667110443115], "camera_uuid": "82b91818426544f3b6c43aa394ec0dd3", "camera_location": [0.187142, 2.810302, 1.478821], "nonfixated_points_in_view": [69, 39, 8, 9, 12, 78, 16, 18, 51, 24, 28], "point_location": [4.656252384185791, 4.942971229553223, 2.398334503173828], "bounding_box_ranges": {"y": [0.187142, 5.923339499228392], "x": [2.0554386737450447, 6.877629147157737], "z": [-0.013422005219000832, 2.4439065995232676]}, "view_id": 0, "vanishing_points_gaussian_sphere": {"y": [0.9021223836127946, 0.08291229086246088, 0.42343920107697697], "x": [-0.43145499658041625, 0.16272257355619515, 0.8873375625888051], "z": [-0.004668073538725207, 0.9831820360844615, -0.18256859809466058]}, "camera_rotation_from_original_to_final": [0.005374427419155836, 0.17191049456596375, -2.6431803703308105], "point_normal": [-0.997501015663147, -0.006629338022321463, -0.07034127414226532], "skybox_img_path": "./img/high/82b91818426544f3b6c43aa394ec0dd3_skybox2.jpg", "room": "0_2", "camera_distance": 5.036539578760503, "obliqueness_angle": 0.44925883412361145, "camera_rotation_final": [1.754396677017212, 0.004668090492486954, -1.1246861219406128], "skybox_img": 2, "resolution": 512}