{"model_rotation_degrees": 0.0, "vanishing_points_image": {"y": [399.00583808725844, 247.93786228506158], "x": [338.04057297234795, 316.95866099728505], "z": [255.4847915630426, 74.39614160526212]}, "point_uuid": "2", "field_of_view_rads": 1.3089969389957472, "point_pitch": -0.18991796573134856, "camera_rotation_original": [1.5825356245040894, -0.0012060842709615827, -0.39747294783592224], "camera_uuid": "f9db34b350e54e138bcc5d0815a85293", "camera_location": [5.237017, 3.272563, 1.485191], "nonfixated_points_in_view": [4, 71, 42, 23, 57, 27], "point_location": [4.3135247230529785, -0.17824366688728333, 0.7559052109718323], "bounding_box_ranges": {"y": [3.4971486379378343, 5.9233333291753185], "x": [-0.9145727411048838, 3.272563], "z": [-0.017466996243076682, 2.445311597952503]}, "view_id": 2, "vanishing_points_gaussian_sphere": {"y": [0.9658555952971899, 0.054451349162951114, -0.25329433394263934], "x": [0.2590660969913578, -0.19249405276226936, 0.9464833844504726], "z": [-0.0027796443613061048, 0.9797862472118555, 0.20002795642542975]}, "camera_rotation_from_original_to_final": [-0.19544784724712372, 0.08563005179166794, -3.0144076347351074], "point_normal": [0.7254225611686707, -0.22401155531406403, 0.6508310437202454], "skybox_img_path": "./img/high/f9db34b350e54e138bcc5d0815a85293_skybox2.jpg", "room": "0_2", "camera_distance": 3.645924129263753, "obliqueness_angle": 1.468712568283081, "camera_rotation_final": [1.3694090843200684, 0.0027796479407697916, -3.403648853302002], "skybox_img": 2, "resolution": 512}