{"model_rotation_degrees": 0.0, "vanishing_points_image": {"y": [446.3676106612802, 229.43743330081386], "x": [99.52598892906275, 203.68554566202278], "z": [257.3355730789979, 109.3735476724824]}, "point_uuid": "94", "field_of_view_rads": 1.3089969389957472, "point_pitch": 0.22071726719406648, "camera_rotation_original": [1.5785322189331055, -0.004439795855432749, -0.3697104752063751], "camera_uuid": "b20b2b0634e241d794127bb70d0381ec", "camera_location": [4.119016, 3.356542, 1.473925], "nonfixated_points_in_view": [74, 43, 48, 84, 85, 56, 61], "point_location": [1.7540602684020996, 6.847204685211182, 2.423340082168579], "bounding_box_ranges": {"y": [0.7165902679055818, 4.411239267709156], "x": [3.356542, 6.888278711542769], "z": [0.42446654720482746, 2.4436632128646534]}, "view_id": 0, "vanishing_points_gaussian_sphere": {"y": [0.8289721247675289, 0.11566898002981663, 0.5471982304588259], "x": [-0.5592193296429767, 0.1869655790459601, 0.8076618188361194], "z": [0.0088858152168586, 0.9755329616731927, -0.21967358279288182]}, "camera_rotation_from_original_to_final": [0.19808247685432434, -0.08097716420888901, 0.9565598964691162], "point_normal": [-0.08466596156358719, -0.5575627684593201, -0.8258060216903687], "skybox_img_path": "./img/high/b20b2b0634e241d794127bb70d0381ec_skybox3.jpg", "room": "0_2", "camera_distance": 4.321935959149549, "obliqueness_angle": 0.9454220533370972, "camera_rotation_final": [1.7922850847244263, -0.00888593215495348, 0.5934704542160034], "skybox_img": 3, "resolution": 512}