{"model_rotation_degrees": 0.0, "vanishing_points_image": {"y": [447.31653950808305, 236.0702761783463], "x": [117.91831884634912, 207.3867093729511], "z": [255.3783298579793, 106.32351227715895]}, "point_uuid": "52", "field_of_view_rads": 1.3089969389957472, "point_pitch": 0.19357891479996248, "camera_rotation_original": [1.5762215852737427, -0.0002412118628853932, -1.888368844985962], "camera_uuid": "029e8bd017804e6aba4c5206f049bf52", "camera_location": [2.031441, 2.853197, 1.471538], "nonfixated_points_in_view": [0, 33, 65, 98, 100, 44, 46, 20, 54, 25, 26, 92, 30, 95], "point_location": [-0.582731306552887, 1.4692943096160889, 2.0403730869293213], "bounding_box_ranges": {"y": [-0.7416946740515122, 2.031441], "x": [-0.9405790430184653, 3.409241721563994], "z": [-0.018363598084317312, 2.444201522185196]}, "view_id": 5, "vanishing_points_gaussian_sphere": {"y": [0.8834232790852931, 0.09202749545365745, 0.4594499429216589], "x": [-0.4685580802454945, 0.16496141950415466, 0.867894610832347], "z": [-0.0040786525771679, 0.9819972862262408, -0.18885098474049164]}, "camera_rotation_from_original_to_final": [-0.05407349392771721, -0.17660821974277496, -2.3319244384765625], "point_normal": [0.5518802404403687, 0.833149254322052, 0.03592600300908089], "skybox_img_path": "./img/high/029e8bd017804e6aba4c5206f049bf52_skybox1.jpg", "room": "0_2", "camera_distance": 3.0120850673006885, "obliqueness_angle": 0.5452847480773926, "camera_rotation_final": [1.7607898712158203, 0.004078663885593414, -4.224726676940918], "skybox_img": 1, "resolution": 512}