{"model_rotation_degrees": 0.0, "vanishing_points_image": {"y": [371.87558652872104, 251.80205547084486], "x": [402.51671959210097, 267.48039727621546], "z": [254.65961296998756, 85.17100533529864]}, "point_uuid": "84", "field_of_view_rads": 1.3089969389957472, "point_pitch": -0.052357955774988696, "camera_rotation_original": [1.5759177207946777, 0.006587443873286247, -0.21082322299480438], "camera_uuid": "1eea2dc63a804bb98c4433aaf5355d4d", "camera_location": [0.081101, -0.078128, 1.481538], "nonfixated_points_in_view": [8, 9, 10, 11, 13, 14, 16, 17, 18, 22, 31, 35, 38, 39, 48, 51, 53, 56, 72, 73, 75, 79, 83, 86, 89, 91, 93, 94, 97], "point_location": [2.7368404865264893, 4.552290439605713, 1.2171409130096436], "bounding_box_ranges": {"y": [-0.508252528291749, 4.7872900370461835], "x": [-0.078128, 6.891779120756206], "z": [-0.016520961905489573, 2.4451484333500213]}, "view_id": 7, "vanishing_points_gaussian_sphere": {"y": [0.8672324967027686, 0.03141812718364611, -0.4969111569958504], "x": [0.4978417274972666, -0.039008659409367166, 0.8663901770297384], "z": [-0.007836518692616276, 0.9987448251557333, 0.049470831804448646]}, "camera_rotation_from_original_to_final": [-0.053142353892326355, 0.012654192745685577, -0.310245156288147], "point_normal": [0.301931232213974, -0.1624569296836853, 0.9393856525421143], "skybox_img_path": "./img/high/1eea2dc63a804bb98c4433aaf5355d4d_skybox4.jpg", "room": "0_2", "camera_distance": 5.3444954508338185, "obliqueness_angle": 1.5335973501205444, "camera_rotation_final": [1.5213037729263306, 0.00783659890294075, -0.5211260318756104], "skybox_img": 4, "resolution": 512}