{"model_rotation_degrees": 0.0, "vanishing_points_image": {"y": [364.64520925649947, 267.4410984284574], "x": [413.1747820222525, 214.9538783478029], "z": [254.6896315449497, 104.45217364077654]}, "point_uuid": "101", "field_of_view_rads": 1.3089969389957472, "point_pitch": 0.16770751873520418, "camera_rotation_original": [1.5785322189331055, -0.004439795855432749, -0.3697104752063751], "camera_uuid": "b20b2b0634e241d794127bb70d0381ec", "camera_location": [4.119016, 3.356542, 1.473925], "nonfixated_points_in_view": [64, 81, 28, 78, 76], "point_location": [7.536747455596924, 1.056921124458313, 2.1824684143066406], "bounding_box_ranges": {"y": [4.119016, 5.923339504650466], "x": [1.81823940290521, 3.5494052827305524], "z": [0.49611700094309774, 2.442347246994044]}, "view_id": 4, "vanishing_points_gaussian_sphere": {"y": [0.8304621345008865, -0.087453455950365, -0.5501677346069737], "x": [0.5570099045617146, 0.14546287903158608, 0.8176677302205291], "z": [-0.008521113799339973, 0.9854909658978005, -0.16951385416372008]}, "camera_rotation_from_original_to_final": [0.15641433000564575, -0.04648290574550629, -1.7958672046661377], "point_normal": [-0.9986716508865356, -0.025304408743977547, -0.04488521069288254], "skybox_img_path": "./img/high/b20b2b0634e241d794127bb70d0381ec_skybox1.jpg", "room": "0_2", "camera_distance": 4.179853838881716, "obliqueness_angle": 0.6261862516403198, "camera_rotation_final": [1.7411389350891113, 0.008521216921508312, -2.1616017818450928], "skybox_img": 1, "resolution": 512}