{"model_rotation_degrees": 0.0, "vanishing_points_image": {"y": [419.05999437593425, 259.6561781827272], "x": [271.2130079430685, 143.51011102753853], "z": [256.7300595135905, 124.21292347253998]}, "point_uuid": "18", "field_of_view_rads": 1.3089969389957472, "point_pitch": 0.3709109584477286, "camera_rotation_original": [1.5762215852737427, -0.0002412118628853932, -1.888368844985962], "camera_uuid": "029e8bd017804e6aba4c5206f049bf52", "camera_location": [2.031441, 2.853197, 1.471538], "nonfixated_points_in_view": [56, 74, 84, 85, 31], "point_location": [2.081400156021118, 3.921308755874634, 1.8853280544281006], "bounding_box_ranges": {"y": [-0.03640645013355748, 4.671724473957009], "x": [2.853197, 6.8926274236529625], "z": [0.6152417655997138, 2.441204288956897]}, "view_id": 2, "vanishing_points_gaussian_sphere": {"y": [0.9987991811293129, -0.022395363062208868, -0.043573426405621424], "x": [0.048718636315917434, 0.3602413152334089, 0.9315861147926269], "z": [0.005166260826906255, 0.9325902865204075, -0.36089980221226614]}, "camera_rotation_from_original_to_final": [-0.12329109013080597, -0.34319666028022766, 1.8620178699493408], "point_normal": [-0.015624864026904106, -0.9997193217277527, 0.017810897901654243], "skybox_img_path": "./img/high/029e8bd017804e6aba4c5206f049bf52_skybox3.jpg", "room": "0_2", "camera_distance": 1.1465516297103417, "obliqueness_angle": 0.38823798298835754, "camera_rotation_final": [1.940034031867981, -0.005166283808648586, -0.04873858019709587], "skybox_img": 3, "resolution": 512}