{"model_rotation_degrees": 0.0, "vanishing_points_image": {"y": [350.7223119992216, 253.42919241192345], "x": [431.8336780720747, 258.93481391825213], "z": [254.60979805617364, 87.402371377102]}, "point_uuid": "16", "field_of_view_rads": 1.3089969389957472, "point_pitch": -0.022998853525843188, "camera_rotation_original": [1.5759177207946777, 0.006587443873286247, -0.21082322299480438], "camera_uuid": "1eea2dc63a804bb98c4433aaf5355d4d", "camera_location": [0.081101, -0.078128, 1.481538], "nonfixated_points_in_view": [8, 9, 11, 13, 14, 17, 18, 22, 31, 35, 39, 48, 51, 53, 56, 72, 73, 75, 79, 83, 84, 86, 89, 91, 94], "point_location": [4.663140296936035, 5.186703205108643, 1.3300076723098755], "bounding_box_ranges": {"y": [0.081101, 4.784437836796581], "x": [-0.078128, 6.891768174681199], "z": [-0.013943170254671067, 2.4451035828296437]}, "view_id": 5, "vanishing_points_gaussian_sphere": {"y": [0.7541837487915329, 0.020468897594193486, -0.6563443435347246], "x": [0.6566116953632665, -0.010959408706956332, 0.7541491714992273], "z": [-0.008243456248867543, 0.9997304214597414, 0.021705525494691364]}, "camera_rotation_from_original_to_final": [-0.02588779665529728, 0.007235399447381496, -0.5054185390472412], "point_normal": [-0.9998881220817566, 0.013060194440186024, 0.007297165226191282], "skybox_img_path": "./img/high/1eea2dc63a804bb98c4433aaf5355d4d_skybox4.jpg", "room": "0_2", "camera_distance": 6.981152695102142, "obliqueness_angle": 0.8677038550376892, "camera_rotation_final": [1.5490883588790894, 0.00824354961514473, -0.7163470983505249], "skybox_img": 4, "resolution": 512}