{"model_rotation_degrees": 0.0, "vanishing_points_image": {"y": [359.09847418609553, 276.7025815408138], "x": [419.37089957536807, 198.0618768574907], "z": [255.8184355377034, 114.19704636140453]}, "point_uuid": "54", "field_of_view_rads": 1.3089969389957472, "point_pitch": 0.27803154388931794, "camera_rotation_original": [1.5743488073349, -0.006772358436137438, -1.2924582958221436], "camera_uuid": "b2b91e26cb9a4190a097925afea72a8a", "camera_location": [1.962995, 0.554659, 1.477478], "nonfixated_points_in_view": [0, 33, 100, 38, 46, 80, 19, 52, 26, 93, 63], "point_location": [-0.7286279797554016, 2.590883255004883, 2.4133124351501465], "bounding_box_ranges": {"y": [-0.7416932533643095, 1.962995], "x": [0.4098783271266433, 6.502491491070003], "z": [-0.004272774103134758, 2.4439518379428087]}, "view_id": 6, "vanishing_points_gaussian_sphere": {"y": [0.7977090664914658, -0.16018313680449503, -0.5813790570022166], "x": [0.6030412281615146, 0.2138635278868218, 0.7685074290969833], "z": [-0.0012338455196949025, 0.9636408844187108, -0.2671979107365148]}, "camera_rotation_from_original_to_final": [0.08268988132476807, -0.2542167007923126, 2.206116199493408], "point_normal": [0.9274620413780212, 0.0078078461810946465, -0.37383586168289185], "skybox_img_path": "./img/high/b2b91e26cb9a4190a097925afea72a8a_skybox3.jpg", "room": "0_2", "camera_distance": 3.5024034898791085, "obliqueness_angle": 0.6298595666885376, "camera_rotation_final": [1.8412805795669556, 0.0012338458327576518, 0.923487663269043], "skybox_img": 3, "resolution": 512}