{"model_rotation_degrees": 0.0, "vanishing_points_image": {"y": [387.1364152719612, 260.08453423856116], "x": [370.03592475957174, 227.1181660635557], "z": [254.8453856726653, 97.67232958534731]}, "point_uuid": "46", "field_of_view_rads": 1.3089969389957472, "point_pitch": 0.09341009060410066, "camera_rotation_original": [1.5785316228866577, 0.0028458000160753727, 1.9192692041397095], "camera_uuid": "4c0d1c450c3c414c8e903e49190ad5f3", "camera_location": [0.164657, 1.413222, 1.481392], "nonfixated_points_in_view": [0], "point_location": [-0.7327671051025391, 1.7683550119400024, 1.5756101608276367], "bounding_box_ranges": {"y": [-0.7409461201193885, 0.164657], "x": [1.1338283813172323, 3.0101591042819313], "z": [0.6373468501350441, 2.4434345280996728]}, "view_id": 7, "vanishing_points_gaussian_sphere": {"y": [0.9300771586500355, -0.02896931406224001, -0.366220231281998], "x": [0.3672925296470307, 0.09302403492344802, 0.9254419088154838], "z": [-0.00725786628161516, 0.995242336202256, -0.09715974273182165]}, "camera_rotation_from_original_to_final": [-0.03483033925294876, 0.08266519755125046, -0.7264731526374817], "point_normal": [0.9998667240142822, 0.01563180610537529, 0.004726110491901636], "skybox_img_path": "./img/high/4c0d1c450c3c414c8e903e49190ad5f3_skybox4.jpg", "room": "0_2", "camera_distance": 0.9697250042544596, "obliqueness_angle": 0.404918372631073, "camera_rotation_final": [1.6681121587753296, 0.007257930003106594, 1.1946895122528076], "skybox_img": 4, "resolution": 512}