{"model_rotation_degrees": 0.0, "vanishing_points_image": {"y": [419.84480144574144, 257.59564833187176], "x": [267.8538525603773, 216.3030343865429], "z": [256.8609539388162, 99.7867321046574]}, "point_uuid": "18", "field_of_view_rads": 1.3089969389957472, "point_pitch": 0.1258278648045401, "camera_rotation_original": [1.5743488073349, -0.006772358436137438, -1.2924582958221436], "camera_uuid": "b2b91e26cb9a4190a097925afea72a8a", "camera_location": [1.962995, 0.554659, 1.477478], "nonfixated_points_in_view": [10, 11, 13, 14, 16, 17, 31, 38, 39, 48, 53, 56, 72, 73, 74, 75, 80, 83, 84, 85, 86, 89, 93, 97], "point_location": [2.081400156021118, 3.921308755874634, 1.8853280544281006], "bounding_box_ranges": {"y": [-0.505579590759689, 4.7848923449673535], "x": [0.554659, 6.892833887814743], "z": [-0.014778273754950666, 2.4435297246401664]}, "view_id": 6, "vanishing_points_gaussian_sphere": {"y": [0.9993436472143786, -0.009732387049047523, -0.03489348670728037], "x": [0.035809760541012016, 0.11992209499672093, 0.9921372647882917], "z": [0.005471363839025708, 0.9927356001342579, -0.12019189824533111]}, "camera_rotation_from_original_to_final": [0.03347713500261307, -0.11206412315368652, 1.255479097366333], "point_normal": [-0.015624864026904106, -0.9997193217277527, 0.017810897901654243], "skybox_img_path": "./img/high/b2b91e26cb9a4190a097925afea72a8a_skybox3.jpg", "room": "0_2", "camera_distance": 3.3933303731427924, "obliqueness_angle": 0.13966071605682373, "camera_rotation_final": [1.6912813186645508, -0.005471391137689352, -0.0358179546892643], "skybox_img": 3, "resolution": 512}