{"model_rotation_degrees": 0.0, "vanishing_points_image": {"y": [424.03812028548464, 255.62359167359514], "x": [251.0730991797198, 201.62456932526953], "z": [256.0366462377358, 104.03724113904998]}, "point_uuid": "24", "field_of_view_rads": 1.3089969389957472, "point_pitch": 0.17770595947769685, "camera_rotation_original": [1.5824408531188965, 0.001023429213091731, 1.5184667110443115], "camera_uuid": "82b91818426544f3b6c43aa394ec0dd3", "camera_location": [0.187142, 2.810302, 1.478821], "nonfixated_points_in_view": [69, 39, 8, 75, 12, 78, 16, 18, 22, 91, 28], "point_location": [5.881033420562744, 2.8957903385162354, 2.433004140853882], "bounding_box_ranges": {"y": [0.187142, 5.923338902514501], "x": [0.368391191522198, 5.198911355210451], "z": [-0.01542746625111846, 2.440475603167622]}, "view_id": 1, "vanishing_points_gaussian_sphere": {"y": [0.9998878784394192, 0.0022397663237154683, 0.014805877101083668], "x": [-0.014972440798818466, 0.16524240011824645, 0.9861393285026651], "z": [0.00023783700956719444, 0.9862504411405738, -0.16525740765115607]}, "camera_rotation_from_original_to_final": [0.009401560761034489, 0.15409532189369202, -3.073625087738037], "point_normal": [-0.036969270557165146, 0.010942223481833935, -0.9992564916610718], "skybox_img_path": "./img/high/82b91818426544f3b6c43aa394ec0dd3_skybox2.jpg", "room": "0_2", "camera_distance": 5.77392208111344, "obliqueness_angle": 1.3679794073104858, "camera_rotation_final": [1.736815333366394, -0.00023783701180946082, -1.5558233261108398], "skybox_img": 2, "resolution": 512}