{"model_rotation_degrees": 0.0, "vanishing_points_image": {"y": [445.94951532996146, 252.69570731516157], "x": [142.02049179351553, 246.2466373717892], "z": [255.4022466844049, 92.15995817013687]}, "point_uuid": "46", "field_of_view_rads": 1.3089969389957472, "point_pitch": 0.039057807126317456, "camera_rotation_original": [1.5762215852737427, -0.0002412118628853932, -1.888368844985962], "camera_uuid": "029e8bd017804e6aba4c5206f049bf52", "camera_location": [2.031441, 2.853197, 1.471538], "nonfixated_points_in_view": [0, 33, 65, 98, 100, 44, 20, 52, 54, 95, 26, 92, 30, 63], "point_location": [-0.7327671051025391, 1.7683550119400024, 1.5756101608276367], "bounding_box_ranges": {"y": [-0.7416937336352776, 2.031441], "x": [-0.9422922183791287, 3.6720287521495836], "z": [-0.016789452539471394, 2.4453040444273]}, "view_id": 9, "vanishing_points_gaussian_sphere": {"y": [0.9308241836426815, 0.01619227896179877, 0.36510840752844764], "x": [-0.3654491002331978, 0.03127191591553951, 0.9303058757278262], "z": [-0.00364613283929932, 0.9993797463311905, -0.03502610938033893]}, "camera_rotation_from_original_to_final": [-0.005553660914301872, -0.029341474175453186, -2.449871301651001], "point_normal": [0.9998667240142822, 0.01563180610537529, 0.004726110491901636], "skybox_img_path": "./img/high/029e8bd017804e6aba4c5206f049bf52_skybox2.jpg", "room": "0_2", "camera_distance": 2.9712892259216463, "obliqueness_angle": 0.36049124598503113, "camera_rotation_final": [1.6058298349380493, 0.003646140918135643, -4.338271141052246], "skybox_img": 2, "resolution": 512}