{"model_rotation_degrees": 0.0, "vanishing_points_image": {"y": [443.73370602387064, 255.37215021286565], "x": [157.15393081380876, 249.67150609544112], "z": [256.52420085205694, 90.86535607374272]}, "point_uuid": "46", "field_of_view_rads": 1.3089969389957472, "point_pitch": 0.028251485028539136, "camera_rotation_original": [1.5785322189331055, -0.004439795855432749, -0.3697104752063751], "camera_uuid": "b20b2b0634e241d794127bb70d0381ec", "camera_location": [4.119016, 3.356542, 1.473925], "nonfixated_points_in_view": [0, 33, 65, 66, 97, 98, 70, 100, 44, 79, 18, 19, 20, 52, 54, 89, 26, 93, 63], "point_location": [-0.7327671051025391, 1.7683550119400024, 1.5756101608276367], "bounding_box_ranges": {"y": [-0.7416957624484715, 4.119016], "x": [-0.7348466923714918, 4.190142159479865], "z": [-0.015929819521180777, 2.4451780841716686]}, "view_id": 1, "vanishing_points_gaussian_sphere": {"y": [0.9503927865983279, 0.003178459113164949, 0.3110360888699752], "x": [-0.31103613706893435, 0.019913693217588038, 0.9501894370385681], "z": [0.0031737389779668257, 0.999796650434528, -0.01991444603291809]}, "camera_rotation_from_original_to_final": [0.011814357712864876, -0.0032208519987761974, 2.2568187713623047], "point_normal": [0.9998667240142822, 0.01563180610537529, 0.004726110491901636], "skybox_img_path": "./img/high/b20b2b0634e241d794127bb70d0381ec_skybox3.jpg", "room": "0_2", "camera_distance": 5.106121685659698, "obliqueness_angle": 0.30170679092407227, "camera_rotation_final": [1.5907121896743774, -0.0031737443059682846, 1.8870810270309448], "skybox_img": 3, "resolution": 512}