{"model_rotation_degrees": 0.0, "vanishing_points_image": {"y": [388.1220943020392, 272.0890910803632], "x": [366.0719944340773, 172.75672925410512], "z": [256.5428824890576, 117.59474978062002]}, "point_uuid": "12", "field_of_view_rads": 1.3089969389957472, "point_pitch": 0.3123074332859854, "camera_rotation_original": [1.5717558860778809, 0.008724818006157875, 1.7450741529464722], "camera_uuid": "fe33a7c2947347d5a33b56488f8bfdae", "camera_location": [4.698266, 1.058042, 1.474498], "nonfixated_points_in_view": [45, 3, 28, 21, 78], "point_location": [5.790200233459473, 3.836068630218506, 2.4121391773223877], "bounding_box_ranges": {"y": [4.120112815973265, 7.395915435726174], "x": [1.058042, 2.708634425156906], "z": [0.7413392192127328, 2.442691807374839]}, "view_id": 3, "vanishing_points_gaussian_sphere": {"y": [0.9302496632035671, -0.1132806109214719, -0.34900296173371953], "x": [0.36690810948425046, 0.277478674332135, 0.8879099191278214], "z": [0.0037420989221729735, 0.9540299201178856, -0.29968801813805906]}, "camera_rotation_from_original_to_final": [-0.04181058332324028, 0.3008573651313782, -2.1278600692749023], "point_normal": [-0.014189704321324825, -0.9360116124153137, -0.35168299078941345], "skybox_img_path": "./img/high/fe33a7c2947347d5a33b56488f8bfdae_skybox1.jpg", "room": "0_5", "camera_distance": 3.128725425267076, "obliqueness_angle": 0.34391626715660095, "camera_rotation_final": [1.8751641511917114, -0.003742107655853033, -0.3756859004497528], "skybox_img": 1, "resolution": 512}