{"model_rotation_degrees": 0.0, "vanishing_points_image": {"y": [380.250891718321, 267.4016339191792], "x": [385.21036419068673, 206.69793057099406], "z": [256.59915116415783, 105.85677539563602]}, "point_uuid": "67", "field_of_view_rads": 1.3089969389957472, "point_pitch": 0.19326193729904695, "camera_rotation_original": [1.579675316810608, 0.0016688042087480426, -0.18222443759441376], "camera_uuid": "421bc59cb37942a2a1b69459e69c6733", "camera_location": [4.087351, 5.595419, 1.470996], "nonfixated_points_in_view": [65, 66, 98, 68, 37, 70, 99, 104, 44, 77, 92, 48, 17, 49, 20, 84, 60, 29, 95], "point_location": [1.9129235744476318, 1.0338019132614136, 2.4173190593719482], "bounding_box_ranges": {"y": [-0.7407514215369728, 4.790230547819881], "x": [-0.9682176776214035, 5.595419], "z": [-0.01882598535776614, 2.4437808460288286]}, "view_id": 1, "vanishing_points_gaussian_sphere": {"y": [0.9023661692823389, -0.08280382201629093, -0.4229406856690565], "x": [0.4309523314298967, 0.16443604890233848, 0.8872659544108094], "z": [0.003922316898681611, 0.9829060549619594, -0.1840660276891533]}, "camera_rotation_from_original_to_final": [0.1723918318748474, -0.03725491464138031, 2.8752450942993164], "point_normal": [-2.1528958313865587e-05, -0.026295719668269157, -0.999654233455658], "skybox_img_path": "./img/high/421bc59cb37942a2a1b69459e69c6733_skybox2.jpg", "room": "0_2", "camera_distance": 5.141207160567183, "obliqueness_angle": 1.4094347953796387, "camera_rotation_final": [1.755919337272644, -0.0039223269559443, 2.6960411071777344], "skybox_img": 2, "resolution": 512}