{"model_rotation_degrees": 0.0, "vanishing_points_image": {"y": [431.06971192080624, 262.1692888697193], "x": [220.12276849834387, 336.9902890497252], "z": [257.30994652008764, 71.16335862530191]}, "point_uuid": "104", "field_of_view_rads": 1.3089969389957472, "point_pitch": -0.26191739638778166, "camera_rotation_original": [1.5785316228866577, 0.0028458000160753727, 1.9192692041397095], "camera_uuid": "4c0d1c450c3c414c8e903e49190ad5f3", "camera_location": [0.164657, 1.413222, 1.481392], "nonfixated_points_in_view": [99, 68, 77], "point_location": [0.4250602126121521, -0.9414658546447754, 0.857938289642334], "bounding_box_ranges": {"y": [-0.730501203625916, 2.592663195611572], "x": [-0.9677883202560997, 1.413222], "z": [-0.017613258268135645, 2.4453124280994873]}, "view_id": 7, "vanishing_points_gaussian_sphere": {"y": [0.9937173870764029, -0.035017648389746525, 0.10629919530880073], "x": [-0.11170847732848058, -0.2521739133556247, 0.9612125329581706], "z": [0.006853518439372714, 0.967048127925473, 0.2545013704498254]}, "camera_rotation_from_original_to_final": [0.10169409960508347, -0.24540606141090393, 1.3211820125579834], "point_normal": [0.531001091003418, 0.8473368883132935, 0.007627560757100582], "skybox_img_path": "./img/high/4c0d1c450c3c414c8e903e49190ad5f3_skybox3.jpg", "room": "0_2", "camera_distance": 2.4497058238071556, "obliqueness_angle": 0.7075346112251282, "camera_rotation_final": [1.3134580850601196, -0.006853572092950344, 3.25353741645813], "skybox_img": 3, "resolution": 512}