{"model_rotation_degrees": 0.0, "vanishing_points_image": {"y": [366.172402155691, 252.23399875432426], "x": [412.0997918392715, 264.268363393474], "z": [254.5573658466672, 85.94568634874788]}, "point_uuid": "76", "field_of_view_rads": 1.3089969389957472, "point_pitch": -0.04253141482802825, "camera_rotation_original": [1.5785322189331055, -0.004439795855432749, -0.3697104752063751], "camera_uuid": "b20b2b0634e241d794127bb70d0381ec", "camera_location": [4.119016, 3.356542, 1.473925], "nonfixated_points_in_view": [64, 81, 28, 101, 78], "point_location": [7.533676624298096, 1.149141788482666, 1.3121997117996216], "bounding_box_ranges": {"y": [4.119016, 5.923338093614092], "x": [1.812228139535276, 3.5374084546976743], "z": [-0.005586147857467472, 2.442975178498233]}, "view_id": 2, "vanishing_points_gaussian_sphere": {"y": [0.8395906799082846, 0.02869956072959248, -0.5424608976000694], "x": [0.5431534234830252, -0.028769992777384883, 0.8391404209512606], "z": [-0.008476365365778785, 0.9991739702021455, 0.03974328245965814]}, "camera_rotation_from_original_to_final": [-0.03962592035531998, 0.029196303337812424, -1.7757800817489624], "point_normal": [-0.9999690055847168, -0.007791904266923666, -0.0011926405131816864], "skybox_img_path": "./img/high/b20b2b0634e241d794127bb70d0381ec_skybox1.jpg", "room": "0_2", "camera_distance": 4.069235523533014, "obliqueness_angle": 0.582953691482544, "camera_rotation_final": [1.531041145324707, 0.008476466871798038, -2.145007848739624], "skybox_img": 1, "resolution": 512}