{"model_rotation_degrees": 0.0, "vanishing_points_image": {"y": [372.9867960315414, 280.2083669304503], "x": [397.06350588807487, 174.12578161840065], "z": [257.41114092838285, 122.07306572967774]}, "point_uuid": "52", "field_of_view_rads": 1.3089969389957472, "point_pitch": 0.3421592275288443, "camera_rotation_original": [1.5824408531188965, 0.001023429213091731, 1.5184667110443115], "camera_uuid": "82b91818426544f3b6c43aa394ec0dd3", "camera_location": [0.187142, 2.810302, 1.478821], "nonfixated_points_in_view": [100, 44, 104, 46], "point_location": [-0.582731306552887, 1.4692943096160889, 2.0403730869293213], "bounding_box_ranges": {"y": [-0.7410390418214802, 0.774636677845466], "x": [-0.9545480609431083, 2.810302], "z": [0.31138488094275707, 2.443623103337429]}, "view_id": 2, "vanishing_points_gaussian_sphere": {"y": [0.8654043161398729, -0.17908025468669997, -0.4679803756439213], "x": [0.5009763423435032, 0.29077007691550877, 0.8151536461199658], "z": [0.009903232735023852, 0.9398845805480032, -0.3413486505458901]}, "camera_rotation_from_original_to_final": [0.02980208396911621, 0.33562615513801575, 1.1049294471740723], "point_normal": [0.5518802404403687, 0.833149254322052, 0.03592600300908089], "skybox_img_path": "./img/high/82b91818426544f3b6c43aa394ec0dd3_skybox3.jpg", "room": "0_2", "camera_distance": 1.6450979746829206, "obliqueness_angle": 0.38936471939086914, "camera_rotation_final": [1.9191654920578003, -0.009903394617140293, 2.616837739944458], "skybox_img": 3, "resolution": 512}