{"model_rotation_degrees": 0.0, "vanishing_points_image": {"y": [361.3346152136391, 256.7289688620341], "x": [419.2096637019062, 250.47106652141585], "z": [254.87556418019489, 90.81398879476009]}, "point_uuid": "103", "field_of_view_rads": 1.3089969389957472, "point_pitch": 0.024819330373082593, "camera_rotation_original": [1.5717558860778809, 0.008724818006157875, 1.7450741529464722], "camera_uuid": "fe33a7c2947347d5a33b56488f8bfdae", "camera_location": [4.698266, 1.058042, 1.474498], "nonfixated_points_in_view": [96, 1, 62], "point_location": [3.5099494457244873, 1.9043967723846436, 1.502623438835144], "bounding_box_ranges": {"y": [3.498063162684553, 4.698266], "x": [1.0109999837987622, 2.576182875146511], "z": [0.3521240193752284, 2.43599230500225]}, "view_id": 1, "vanishing_points_gaussian_sphere": {"y": [0.8145820733879875, -0.005637320323111916, -0.5800209188766402], "x": [0.5800083866812716, 0.019648516602783855, 0.8143735059385827], "z": [-0.0068056663388781444, 0.999791056378724, -0.019275022459107664]}, "camera_rotation_from_original_to_final": [-0.0012875099200755358, 0.01837175525724888, -0.7931873798370361], "point_normal": [0.998180627822876, -0.007966052740812302, 0.05976657196879387], "skybox_img_path": "./img/high/fe33a7c2947347d5a33b56488f8bfdae_skybox1.jpg", "room": "0_5", "camera_distance": 1.4591790989377218, "obliqueness_angle": 0.6157159209251404, "camera_rotation_final": [1.5900729894638062, 0.006805718876421452, 0.9520408511161804], "skybox_img": 1, "resolution": 512}