{"model_rotation_degrees": 0.0, "vanishing_points_image": {"y": [435.62883662099154, 262.93210699707964], "x": [201.08963203358317, 351.09406703132015], "z": [252.76843328114003, 68.57767599712761]}, "point_uuid": "82", "field_of_view_rads": 1.3089969389957472, "point_pitch": -0.30928318103286223, "camera_rotation_original": [1.5872206687927246, -0.0005325089441612363, -1.320854663848877], "camera_uuid": "79c2e897db51429e80749b3cde7e79d4", "camera_location": [6.713179, 1.533762, 1.484844], "nonfixated_points_in_view": [50, 6], "point_location": [7.157175540924072, -0.8899115324020386, 0.6957626938819885], "bounding_box_ranges": {"y": [5.344299358903945, 7.5520772208329925], "x": [-0.8943463774108225, 1.533762], "z": [-0.0009311537404330661, 2.3930217670083955]}, "view_id": 2, "vanishing_points_gaussian_sphere": {"y": [0.9844326221905638, -0.03799051642715572, 0.17160749700583844], "x": [-0.1749938663054572, -0.30305530756411214, 0.9367681822695993], "z": [-0.016418255768461787, 0.9522154174444034, 0.3049856384466356]}, "camera_rotation_from_original_to_final": [-0.06631667912006378, 0.3202539086341858, -1.6529130935668945], "point_normal": [0.021471038460731506, 0.9981982707977295, -0.0560295470058918], "skybox_img_path": "./img/high/79c2e897db51429e80749b3cde7e79d4_skybox1.jpg", "room": "0_5", "camera_distance": 2.5872718733506965, "obliqueness_angle": 0.417001873254776, "camera_rotation_final": [1.2608298063278198, 0.01641899347305298, -2.9656691551208496], "skybox_img": 1, "resolution": 512}