{"model_rotation_degrees": 0.0, "vanishing_points_image": {"y": [357.8049016966835, 240.84123756722968], "x": [422.12697092416397, 300.2720798883778], "z": [257.0257666279698, 74.35498987051935]}, "point_uuid": "98", "field_of_view_rads": 1.3089969389957472, "point_pitch": -0.19494859775039153, "camera_rotation_original": [1.579675316810608, 0.0016688042087480426, -0.18222443759441376], "camera_uuid": "421bc59cb37942a2a1b69459e69c6733", "camera_location": [4.087351, 5.595419, 1.470996], "nonfixated_points_in_view": [65, 66, 67, 68, 37, 70, 99, 104, 44, 77, 92, 48, 17, 49, 20, 84, 60, 29, 95], "point_location": [-0.28769010305404663, -0.08180950582027435, 0.0024999885354191065], "bounding_box_ranges": {"y": [-0.7374155945569107, 4.173262983560764], "x": [-0.9681370507224933, 5.595419], "z": [-0.016783994150859183, 2.445306397205562]}, "view_id": 1, "vanishing_points_gaussian_sphere": {"y": [0.7927673966014288, 0.11804316323914632, -0.5979846707887161], "x": [0.6094991804008939, -0.162428751072137, 0.7759688459698523], "z": [0.005532086083182871, 0.9796339686013558, 0.2007154293668682]}, "camera_rotation_from_original_to_final": [-0.2088506519794464, 0.030907653272151947, 2.6647279262542725], "point_normal": [0.003909342922270298, -0.028103064745664597, 0.9995973706245422], "skybox_img_path": "./img/high/421bc59cb37942a2a1b69459e69c6733_skybox2.jpg", "room": "0_2", "camera_distance": 7.316309661960881, "obliqueness_angle": 1.388625144958496, "camera_rotation_final": [1.3687050342559814, -0.005532114300876856, 2.486152172088623], "skybox_img": 2, "resolution": 512}