{"model_rotation_degrees": 0.0, "vanishing_points_image": {"y": [345.18672448866494, 246.44637836078493], "x": [436.39244079895656, 276.0694192373852], "z": [255.69638363628377, 80.61439723705621]}, "point_uuid": "90", "field_of_view_rads": 1.3089969389957472, "point_pitch": -0.09821288188430266, "camera_rotation_original": [1.5761680603027344, 0.00989445485174656, -0.4241592288017273], "camera_uuid": "4941e1733c7d43ffb521d1025e32e0eb", "camera_location": [1.857551, 5.637887, 1.476438], "nonfixated_points_in_view": [64, 101, 8, 40, 75, 16, 48, 50, 81, 24], "point_location": [7.387649059295654, 0.2979590594768524, 0.6325351595878601], "bounding_box_ranges": {"y": [1.857551, 5.923295030586553], "x": [2.488893017184555, 5.637887], "z": [-0.012035955350621741, 2.4429959339205736]}, "view_id": 2, "vanishing_points_gaussian_sphere": {"y": [0.7192349768405732, 0.07704396453418084, -0.6904819154894616], "x": [0.6947647709477063, -0.07729550860202178, 0.7150715470496195], "z": [-0.0017207960720365613, 0.9940269774401551, 0.10912106571174882]}, "camera_rotation_from_original_to_final": [-0.10794796049594879, 0.0397266261279583, -1.9162110090255737], "point_normal": [0.26993680000305176, 0.21104004979133606, 0.9394658803939819], "skybox_img_path": "./img/high/4941e1733c7d43ffb521d1025e32e0eb_skybox1.jpg", "room": "0_2", "camera_distance": 7.733627163731699, "obliqueness_angle": 1.5155574083328247, "camera_rotation_final": [1.461457371711731, 0.0017207969212904572, -2.338890552520752], "skybox_img": 1, "resolution": 512}