{"model_rotation_degrees": 0.0, "vanishing_points_image": {"y": [414.7191430765515, 254.14921389354495], "x": [286.43889911518465, 317.8195640804496], "z": [257.14845700621885, 75.05511577138869]}, "point_uuid": "19", "field_of_view_rads": 1.3089969389957472, "point_pitch": -0.18450836738082366, "camera_rotation_original": [1.5785322189331055, -0.004439795855432749, -0.3697104752063751], "camera_uuid": "b20b2b0634e241d794127bb70d0381ec", "camera_location": [4.119016, 3.356542, 1.473925], "nonfixated_points_in_view": [0, 33, 97, 100, 46, 79, 48, 18, 52, 84, 54, 89, 26, 93, 63], "point_location": [-0.74021315574646, 3.8177809715270996, 0.5307125449180603], "bounding_box_ranges": {"y": [-0.7416660508437651, 4.119016], "x": [0.1883013514691858, 6.51403328577052], "z": [-0.01295841079422444, 2.44526259060956]}, "view_id": 5, "vanishing_points_gaussian_sphere": {"y": [0.9956190374007465, 0.011609676350474666, -0.09277902661834811], "x": [0.0932946925214387, -0.18947588087434464, 0.9774430883249529], "z": [0.006231589888714656, 0.9818167374728994, 0.1897289153121645]}, "camera_rotation_from_original_to_final": [-0.18618707358837128, 0.06960413604974747, 1.8395099639892578], "point_normal": [0.9993535876274109, 0.01568739116191864, 0.03234681859612465], "skybox_img_path": "./img/high/b20b2b0634e241d794127bb70d0381ec_skybox3.jpg", "room": "0_2", "camera_distance": 4.971367947049939, "obliqueness_angle": 0.19268850982189178, "camera_rotation_final": [1.3799065351486206, -0.0062316302210092545, 1.47736394405365], "skybox_img": 3, "resolution": 512}