{"model_rotation_degrees": 0.0, "vanishing_points_image": {"y": [444.5726218949534, 291.22703258417357], "x": [125.66565259866005, 350.86502678813065], "z": [254.49380346676344, 65.7273642576885]}, "point_uuid": "95", "field_of_view_rads": 1.3089969389957472, "point_pitch": -0.3807846744868417, "camera_rotation_original": [1.5743488073349, -0.006772358436137438, -1.2924582958221436], "camera_uuid": "b2b91e26cb9a4190a097925afea72a8a", "camera_location": [1.962995, 0.554659, 1.477478], "nonfixated_points_in_view": [104, 44, 77], "point_location": [-0.7208322286605835, -0.8461699485778809, 0.2580554485321045], "bounding_box_ranges": {"y": [-0.7380241601522097, 1.962995], "x": [-0.9590739314272898, 1.2689273260002596], "z": [-0.01709597608850455, 2.32174111624879]}, "view_id": 2, "vanishing_points_gaussian_sphere": {"y": [0.8878481710389783, -0.16585788613795585, 0.4292048308076111], "x": [-0.4600779423269267, -0.3348718675751256, 0.8223071927758925], "z": [-0.007342490514964467, 0.927551612533015, 0.3736229301320266]}, "camera_rotation_from_original_to_final": [-0.09737488627433777, 0.37486863136291504, -2.9602043628692627], "point_normal": [0.9992681741714478, 0.02664410136640072, -0.02744772657752037], "skybox_img_path": "./img/high/b2b91e26cb9a4190a097925afea72a8a_skybox2.jpg", "room": "0_2", "camera_distance": 3.2637773607466642, "obliqueness_angle": 0.6043248176574707, "camera_rotation_final": [1.1878737211227417, 0.007342556491494179, -4.234292030334473], "skybox_img": 2, "resolution": 512}