{"model_rotation_degrees": 0.0, "vanishing_points_image": {"y": [434.8782492869249, 265.5039777341396], "x": [201.89472408877137, 339.077917489406], "z": [257.4121415423802, 70.50587855170615]}, "point_uuid": "7", "field_of_view_rads": 1.3089969389957472, "point_pitch": -0.279046698412623, "camera_rotation_original": [1.5825356245040894, -0.0012060842709615827, -0.39747294783592224], "camera_uuid": "f9db34b350e54e138bcc5d0815a85293", "camera_location": [5.237017, 3.272563, 1.485191], "nonfixated_points_in_view": [88, 59, 45, 102], "point_location": [4.777639865875244, 5.963573932647705, 0.7302563190460205], "bounding_box_ranges": {"y": [1.511837783008568, 5.923336245023834], "x": [3.272563, 6.893066093411208], "z": [-0.007787649224533899, 2.4453082272989564]}, "view_id": 1, "vanishing_points_gaussian_sphere": {"y": [0.9853702882748001, -0.052353694856577246, 0.16218657657186622], "x": [-0.17026908009623495, -0.2614458636241127, 0.9500813127080354], "z": [0.007337257554383001, 0.9637972561844667, 0.2665352014704144]}, "camera_rotation_from_original_to_final": [-0.26293423771858215, 0.10202531516551971, 0.5538673996925354], "point_normal": [0.9991674423217773, -0.027423562481999397, -0.030206546187400818], "skybox_img_path": "./img/high/f9db34b350e54e138bcc5d0815a85293_skybox4.jpg", "room": "0_2", "camera_distance": 2.8324007174767405, "obliqueness_angle": 1.3897539377212524, "camera_rotation_final": [1.300992488861084, -0.007337323389947414, 0.17110738158226013], "skybox_img": 4, "resolution": 512}