{"model_rotation_degrees": 0.0, "vanishing_points_image": {"y": [382.9872040412519, 250.92777701365154], "x": [380.0524636612494, 274.74330167427826], "z": [254.49055101885483, 83.51786614592945]}, "point_uuid": "88", "field_of_view_rads": 1.3089969389957472, "point_pitch": -0.056251688799585864, "camera_rotation_original": [1.5873322486877441, -0.0034176630433648825, -2.326549768447876], "camera_uuid": "97361dcaf0dd4a85b572c7c5868aa0c0", "camera_location": [7.139169, 5.882577, 1.474251], "nonfixated_points_in_view": [102, 7], "point_location": [4.890251636505127, 6.875192165374756, 1.3001559972763062], "bounding_box_ranges": {"y": [4.769229038544244, 7.139169], "x": [5.2378701052167305, 6.905832739389082], "z": [-0.007100089513751184, 2.4553031055160375]}, "view_id": 3, "vanishing_points_gaussian_sphere": {"y": [0.9145660705596999, 0.03653031878802812, -0.40278336409319976], "x": [0.40434231136090765, -0.06109278040787366, 0.9125650483255177], "z": [-0.008729136515652965, 0.9974633867923577, 0.07064413765069771]}, "camera_rotation_from_original_to_final": [0.06874415278434753, 0.055113837122917175, -2.799988269805908], "point_normal": [-0.3560677468776703, -0.9324744939804077, 0.06088721379637718], "skybox_img_path": "./img/high/97361dcaf0dd4a85b572c7c5868aa0c0_skybox2.jpg", "room": "0_7", "camera_distance": 2.464391228537513, "obliqueness_angle": 1.5158172845840454, "camera_rotation_final": [1.5000905990600586, 0.008729247376322746, -5.128665447235107], "skybox_img": 2, "resolution": 512}