{"model_rotation_degrees": 0.0, "vanishing_points_image": {"y": [431.0061647321631, 261.5244773980927], "x": [220.4587059656885, 320.477153989468], "z": [257.8009001113059, 74.37379515523244]}, "point_uuid": "60", "field_of_view_rads": 1.3089969389957472, "point_pitch": -0.20478610595199065, "camera_rotation_original": [1.577962040901184, 0.007169065065681934, 1.18436598777771], "camera_uuid": "57ed0722da4246b593ad7c4c816002a1", "camera_location": [0.693011, 5.590496, 1.490906], "nonfixated_points_in_view": [5, 20, 25, 30, 44, 46, 49, 51, 52, 65, 66, 67, 68, 70, 77, 79, 87, 92, 95, 98, 99, 100, 104], "point_location": [1.2836822271347046, 0.11872674524784088, 0.3644964098930359], "bounding_box_ranges": {"y": [-0.7416944841178468, 3.3787280536869106], "x": [-0.9792293181243803, 5.590496], "z": [-0.01647387834012637, 2.445296700524287]}, "view_id": 3, "vanishing_points_gaussian_sphere": {"y": [0.9939616986509153, -0.031376717198337935, 0.10514581890328568], "x": [-0.10929678926550918, -0.19828051013627596, 0.9740323665856023], "z": [0.009713571497544296, 0.9796429660432181, 0.20051260711189312]}, "camera_rotation_from_original_to_final": [-0.06403879821300507, -0.1998557597398758, 2.0729031562805176], "point_normal": [-0.16449224948883057, 0.9850834608078003, -0.050525885075330734], "skybox_img_path": "./img/high/57ed0722da4246b593ad7c4c816002a1_skybox3.jpg", "room": "0_2", "camera_distance": 5.617646385623262, "obliqueness_angle": 0.2589174509048462, "camera_rotation_final": [1.3689055442810059, -0.009713724255561829, 3.2511134147644043], "skybox_img": 3, "resolution": 512}