{"model_rotation_degrees": 0.0, "vanishing_points_image": {"y": [445.1266565685616, 224.06826660196145], "x": [95.46148805991525, 202.93229385088213], "z": [256.0777951401466, 111.05027804993469]}, "point_uuid": "66", "field_of_view_rads": 1.3089969389957472, "point_pitch": 0.24758012692001863, "camera_rotation_original": [1.5785322189331055, -0.004439795855432749, -0.3697104752063751], "camera_uuid": "b20b2b0634e241d794127bb70d0381ec", "camera_location": [4.119016, 3.356542, 1.473925], "nonfixated_points_in_view": [0, 33, 65, 98, 100, 70, 44, 46, 79, 20, 52, 54, 26, 63], "point_location": [0.9620901942253113, 1.094639778137207, 2.4188599586486816], "bounding_box_ranges": {"y": [-0.741699040253204, 4.119016], "x": [-0.7264769067360044, 3.5889006071212357], "z": [-0.018637001430164224, 2.4434504998815023]}, "view_id": 0, "vanishing_points_gaussian_sphere": {"y": [0.8129592668789039, 0.13725827466331472, 0.5659128876710314], "x": [-0.5823203228844782, 0.19249215285504917, 0.7898416377002073], "z": [0.0005214896282370651, 0.9716516542082757, -0.2364165622854905]}, "camera_rotation_from_original_to_final": [0.21717998385429382, -0.07924871891736984, 2.554018259048462], "point_normal": [0.0004684966115746647, -0.0036102260928601027, -0.9999933838844299], "skybox_img_path": "./img/high/b20b2b0634e241d794127bb70d0381ec_skybox2.jpg", "room": "0_2", "camera_distance": 3.996909460078763, "obliqueness_angle": 1.3338433504104614, "camera_rotation_final": [1.8094725608825684, -0.0005214896518737078, 2.1923763751983643], "skybox_img": 2, "resolution": 512}