{"model_rotation_degrees": 0.0, "vanishing_points_image": {"y": [442.0285757591254, 243.84870052337956], "x": [165.48356779904663, 183.45137046185445], "z": [257.23021769720003, 111.54170453968699]}, "point_uuid": "29", "field_of_view_rads": 1.3089969389957472, "point_pitch": 0.25205238262680574, "camera_rotation_original": [1.5825356245040894, -0.0012060842709615827, -0.39747294783592224], "camera_uuid": "f9db34b350e54e138bcc5d0815a85293", "camera_location": [5.237017, 3.272563, 1.485191], "nonfixated_points_in_view": [0, 33, 97, 46, 79, 17, 18, 19, 54, 89, 26, 93, 63], "point_location": [3.387643814086914, 2.706162214279175, 1.9659401178359985], "bounding_box_ranges": {"y": [-0.7416987355500906, 5.237017], "x": [1.521262652017581, 4.474686941750708], "z": [-0.014679743258074751, 2.443747635789675]}, "view_id": 2, "vanishing_points_gaussian_sphere": {"y": [0.9567282497099606, 0.06249304136490106, 0.28419302593110923], "x": [-0.2908655315664698, 0.23312778886582483, 0.9279270858236042], "z": [0.008264305988420925, 0.9704360122334168, -0.24121701309616117]}, "camera_rotation_from_original_to_final": [0.21168600022792816, -0.09563995152711868, 2.254345655441284], "point_normal": [0.2567818760871887, 0.9315142631530762, 0.2575739324092865], "skybox_img_path": "./img/high/f9db34b350e54e138bcc5d0815a85293_skybox3.jpg", "room": "0_2", "camera_distance": 1.9930156332891975, "obliqueness_angle": 1.114224910736084, "camera_rotation_final": [1.8144245147705078, -0.008264400064945221, 1.8659380674362183], "skybox_img": 3, "resolution": 512}