{"model_rotation_degrees": 0.0, "vanishing_points_image": {"y": [442.99366389336564, 279.49368122174377], "x": [82.6633582752104, 286.16931581813355], "z": [255.99498642293622, 77.84862008817885]}, "point_uuid": "53", "field_of_view_rads": 1.3089969389957472, "point_pitch": -0.14018349250289397, "camera_rotation_original": [1.5785316228866577, 0.0028458000160753727, 1.9192692041397095], "camera_uuid": "4c0d1c450c3c414c8e903e49190ad5f3", "camera_location": [0.164657, 1.413222, 1.481392], "nonfixated_points_in_view": [8, 9, 11, 12, 13, 14, 16, 17, 18, 22, 31, 35, 39, 48, 51, 72, 73, 75, 83, 89, 91, 94], "point_location": [3.513011932373047, 4.258610725402832, 0.8243696093559265], "bounding_box_ranges": {"y": [0.164657, 5.9233239409062435], "x": [1.3932194343834905, 6.878976229266858], "z": [-0.013431127143275434, 2.4450705403590423]}, "view_id": 0, "vanishing_points_gaussian_sphere": {"y": [0.7620220688088429, -0.09573962665781982, 0.640434454519518], "x": [-0.6475510527160203, -0.11270653465625863, 0.7536410758259874], "z": [-2.783280978843692e-05, 0.9890051369599648, 0.14788116273594773]}, "camera_rotation_from_original_to_final": [0.056349631398916245, -0.14574402570724487, -2.7895891666412354], "point_normal": [0.027210483327507973, -0.6037908792495728, -0.7966782450675964], "skybox_img_path": "./img/high/4c0d1c450c3c414c8e903e49190ad5f3_skybox2.jpg", "room": "0_2", "camera_distance": 4.442904086419675, "obliqueness_angle": 1.3198015689849854, "camera_rotation_final": [1.4223707914352417, 2.7832809792016633e-05, -0.8664300441741943], "skybox_img": 2, "resolution": 512}