{"model_rotation_degrees": 0.0, "vanishing_points_image": {"y": [446.3330382239197, 253.61431240151873], "x": [139.33873289882484, 240.77296999366718], "z": [257.24916032995657, 93.4478425626014]}, "point_uuid": "5", "field_of_view_rads": 1.3089969389957472, "point_pitch": 0.05933065811661287, "camera_rotation_original": [1.5827999114990234, -0.0022284637670964003, 1.2485463619232178], "camera_uuid": "de06f753bd6d4114a5c6e6a781ee950a", "camera_location": [0.724806, 4.289951, 1.483605], "nonfixated_points_in_view": [32, 65, 34, 66, 67, 37, 68, 98, 99, 104, 77, 15, 47, 49, 87, 25, 91, 60, 29, 30], "point_location": [2.8425519466400146, -0.9270831942558289, 1.7644292116165161], "bounding_box_ranges": {"y": [-0.7178701299917963, 3.5025857844870396], "x": [-0.9790612543976938, 4.289951], "z": [-0.019388878287507794, 2.4452823286283096]}, "view_id": 3, "vanishing_points_gaussian_sphere": {"y": [0.9266868286053074, 0.011615352202168399, 0.375654901848302], "x": [-0.3757560611522464, 0.04904497405522401, 0.9254198901186811], "z": [0.007674906956247227, 0.9987290293734042, -0.04981387045864798]}, "camera_rotation_from_original_to_final": [0.017156852409243584, 0.03415657579898834, 2.2787511348724365], "point_normal": [-0.7061556577682495, 0.5578699111938477, 0.43603378534317017], "skybox_img_path": "./img/high/de06f753bd6d4114a5c6e6a781ee950a_skybox3.jpg", "room": "0_2", "camera_distance": 5.637477390155155, "obliqueness_angle": 0.7077690362930298, "camera_rotation_final": [1.620632290840149, -0.00767498230561614, 3.5268170833587646], "skybox_img": 3, "resolution": 512}