{"model_rotation_degrees": 0.0, "vanishing_points_image": {"y": [444.4827026662095, 258.6324634709927], "x": [82.68521853557773, 261.67710370237836], "z": [255.1277267025214, 87.29541138594908]}, "point_uuid": "62", "field_of_view_rads": 1.3089969389957472, "point_pitch": -0.015883608660425708, "camera_rotation_original": [1.5717558860778809, 0.008724818006157875, 1.7450741529464722], "camera_uuid": "fe33a7c2947347d5a33b56488f8bfdae", "camera_location": [4.698266, 1.058042, 1.474498], "nonfixated_points_in_view": [96, 1, 103, 55], "point_location": [3.5081350803375244, 2.486759662628174, 1.4317649602890015], "bounding_box_ranges": {"y": [3.495477429902856, 4.698266], "x": [1.058042, 2.579160259901446], "z": [0.2755484645298649, 2.4363206674143902]}, "view_id": 3, "vanishing_points_gaussian_sphere": {"y": [0.7684105475618291, -0.010732086650754003, 0.6398672149062263], "x": [-0.6399363343298723, -0.02096177199782761, 0.7681419739339579], "z": [-0.005168984443408817, 0.9997226747607718, 0.022975098889711002]}, "camera_rotation_from_original_to_final": [0.007651717867702246, -0.022957710549235344, -1.0505691766738892], "point_normal": [0.9984113574028015, -0.0527174174785614, -0.019892165437340736], "skybox_img_path": "./img/high/fe33a7c2947347d5a33b56488f8bfdae_skybox1.jpg", "room": "0_5", "camera_distance": 1.8599655293077304, "obliqueness_angle": 0.82454913854599, "camera_rotation_final": [1.547818899154663, 0.005169007461518049, 0.6944265365600586], "skybox_img": 1, "resolution": 512}