{"model_rotation_degrees": 0.0, "vanishing_points_image": {"y": [437.6902052320732, 254.06529722709155], "x": [190.22456789995948, 231.78028233719272], "z": [256.76997688882886, 95.65949788906524]}, "point_uuid": "59", "field_of_view_rads": 1.3089969389957472, "point_pitch": 0.0807752172139029, "camera_rotation_original": [1.5776946544647217, 0.0030656252056360245, -2.669447660446167], "camera_uuid": "c3d17a6983f9472b926dbc4e505ec89c", "camera_location": [5.294113, 2.145316, 1.475611], "nonfixated_points_in_view": [3, 102, 71, 7, 45, 85, 88], "point_location": [4.782374382019043, 4.624932289123535, 1.665702223777771], "bounding_box_ranges": {"y": [4.78090976398588, 5.294113], "x": [2.145316, 2.7082984155663103], "z": [1.0764940570261936, 2.0009696758520765]}, "view_id": 2, "vanishing_points_gaussian_sphere": {"y": [0.9794223927522077, 0.010429242548798758, 0.20155150080165302], "x": [-0.2017643324688108, 0.07429331911323728, 0.976612337050149], "z": [0.004788603027563899, 0.997181895962315, -0.07486878953240389]}, "camera_rotation_from_original_to_final": [-0.06418116390705109, -0.023934585973620415, 2.8734359741210938], "point_normal": [0.9999818801879883, -0.006021793931722641, -2.014445090026129e-05], "skybox_img_path": "./img/high/c3d17a6983f9472b926dbc4e505ec89c_skybox2.jpg", "room": "0_5", "camera_distance": 2.538997606768669, "obliqueness_angle": 1.3618489503860474, "camera_rotation_final": [1.6457360982894897, -0.004788621328771114, 0.2031613290309906], "skybox_img": 2, "resolution": 512}