{"model_rotation_degrees": 0.0, "vanishing_points_image": {"y": [357.7821065679294, 278.8106825056009], "x": [421.2856446191715, 199.61409522171417], "z": [257.7090797109384, 114.8970456717751]}, "point_uuid": "74", "field_of_view_rads": 1.3089969389957472, "point_pitch": 0.27552886406448884, "camera_rotation_original": [1.5825356245040894, -0.0012060842709615827, -0.39747294783592224], "camera_uuid": "f9db34b350e54e138bcc5d0815a85293", "camera_location": [5.237017, 3.272563, 1.485191], "nonfixated_points_in_view": [97, 38, 43, 48, 18, 19, 84, 93, 86, 89, 59, 61], "point_location": [2.624454975128174, 5.289552211761475, 2.424999952316284], "bounding_box_ranges": {"y": [-0.7416933068225173, 5.237017], "x": [3.127776258446706, 6.873884280979801], "z": [-0.01042611717404096, 2.443710423944953]}, "view_id": 5, "vanishing_points_gaussian_sphere": {"y": [0.7894651163256611, -0.176929312282736, -0.5877421616321808], "x": [0.6136848907585967, 0.20935380016767255, 0.7612895908982097], "z": [0.011648388709166178, 0.9617000596914365, -0.2738563678828152]}, "camera_rotation_from_original_to_final": [0.24186104536056519, -0.11152800917625427, 1.2956478595733643], "point_normal": [0.009722517803311348, -0.0022673839703202248, -0.9999501705169678], "skybox_img_path": "./img/high/f9db34b350e54e138bcc5d0815a85293_skybox3.jpg", "room": "0_2", "camera_distance": 3.4317586202206813, "obliqueness_angle": 1.2843167781829834, "camera_rotation_final": [1.8482160568237305, -0.011648652143776417, 0.9100243449211121], "skybox_img": 3, "resolution": 512}