{"model_rotation_degrees": 0.0, "vanishing_points_image": {"y": [371.70889879817605, 274.1838257347409], "x": [399.6738210213423, 184.98354910730714], "z": [254.55851819811474, 115.97094171581574]}, "point_uuid": "9", "field_of_view_rads": 1.3089969389957472, "point_pitch": 0.29443879524735017, "camera_rotation_original": [1.5824408531188965, 0.001023429213091731, 1.5184667110443115], "camera_uuid": "82b91818426544f3b6c43aa394ec0dd3", "camera_location": [0.187142, 2.810302, 1.478821], "nonfixated_points_in_view": [35, 38, 75, 16, 18, 51, 86, 94], "point_location": [1.387424349784851, 4.844126224517822, 2.178821325302124], "bounding_box_ranges": {"y": [-0.08702228186021002, 4.672151232599913], "x": [2.810302, 6.877227176516734], "z": [-0.005924560559471548, 2.443213541656279]}, "view_id": 1, "vanishing_points_gaussian_sphere": {"y": [0.8626499734601402, -0.13556672780058726, -0.4872952755800747], "x": [0.5057050744320933, 0.2499646722645284, 0.8256997276936199], "z": [-0.009869193627166449, 0.9587175417885753, -0.2841888000678794]}, "camera_rotation_from_original_to_final": [0.005620951764285564, 0.27661094069480896, -2.0494275093078613], "point_normal": [-0.9991857409477234, -0.039748404175043106, -0.006924840155988932], "skybox_img_path": "./img/high/82b91818426544f3b6c43aa394ec0dd3_skybox1.jpg", "room": "0_2", "camera_distance": 2.4631522067720395, "obliqueness_angle": 1.0219695568084717, "camera_rotation_final": [1.8589709997177124, 0.009869353845715523, -0.5302276015281677], "skybox_img": 1, "resolution": 512}