{"model_rotation_degrees": 0.0, "vanishing_points_image": {"y": [444.5783476106647, 269.6749430791955], "x": [148.0392518868335, 305.2153919601015], "z": [257.563428154649, 76.18651849329999]}, "point_uuid": "10", "field_of_view_rads": 1.3089969389957472, "point_pitch": -0.1629677255961557, "camera_rotation_original": [1.5771442651748657, -0.011866987682878971, -1.0165622234344482], "camera_uuid": "22149045c4a4476eb44710bdb469a325", "camera_location": [2.693772, -0.285035, 1.48261], "nonfixated_points_in_view": [0, 13, 17, 18, 19, 26, 33, 38, 48, 53, 54, 56, 63, 74, 79, 80, 83, 84, 85, 86, 89, 93, 97], "point_location": [0.18336328864097595, 6.503581523895264, 0.21524910628795624], "bounding_box_ranges": {"y": [-0.7416987618758886, 4.237860292985581], "x": [-0.285035, 6.887989721034528], "z": [-0.016111208209676375, 2.445299390664014]}, "view_id": 4, "vanishing_points_gaussian_sphere": {"y": [0.9373682727381379, -0.0679741759133588, 0.34164342913748513], "x": [-0.348234658693213, -0.15874755891570635, 0.9238678666471336], "z": [0.0085640964930049, 0.9849765093377629, 0.17247588905135236]}, "camera_rotation_from_original_to_final": [-0.09264608472585678, 0.15421874821186066, 1.3632593154907227], "point_normal": [0.025455135852098465, -0.9996576309204102, 0.0060666631907224655], "skybox_img_path": "./img/high/22149045c4a4476eb44710bdb469a325_skybox3.jpg", "room": "0_2", "camera_distance": 7.348038650774965, "obliqueness_angle": 0.3673163950443268, "camera_rotation_final": [1.3974472284317017, -0.008564201183617115, 0.35570085048675537], "skybox_img": 3, "resolution": 512}