{"model_rotation_degrees": 0.0, "vanishing_points_image": {"y": [415.81683167207984, 261.00755065878724], "x": [283.38064378751585, 171.4535224639637], "z": [257.3210978595912, 113.9771103827821]}, "point_uuid": "79", "field_of_view_rads": 1.3089969389957472, "point_pitch": 0.2635036269810538, "camera_rotation_original": [1.577962040901184, 0.007169065065681934, 1.18436598777771], "camera_uuid": "57ed0722da4246b593ad7c4c816002a1", "camera_location": [0.693011, 5.590496, 1.490906], "nonfixated_points_in_view": [5, 20, 25, 30, 44, 46, 49, 52, 60, 65, 66, 67, 68, 70, 77, 80, 87, 92, 95, 98, 99, 100, 104], "point_location": [0.4133884310722351, 2.225884199142456, 2.4188120365142822], "bounding_box_ranges": {"y": [-0.7416864947417949, 3.380400537330358], "x": [-0.9789280952194792, 5.590496], "z": [-0.019356881745368426, 2.4432887009195583]}, "view_id": 2, "vanishing_points_gaussian_sphere": {"y": [0.996316981607587, -0.031217661527960242, -0.07986194193151741], "x": [0.08527619025075987, 0.2633174573741003, 0.9609328218030412], "z": [0.008969032091789866, 0.9642040107004144, -0.2650097775791901]}, "camera_rotation_from_original_to_final": [0.11542192101478577, 0.23523510992527008, 1.8857331275939941], "point_normal": [-0.0014863654505461454, 0.008470503613352776, -0.9999630451202393], "skybox_img_path": "./img/high/57ed0722da4246b593ad7c4c816002a1_skybox3.jpg", "room": "0_2", "camera_distance": 3.501401330140165, "obliqueness_angle": 1.2942644357681274, "camera_rotation_final": [1.8390214443206787, -0.008969152346253395, 3.0562093257904053], "skybox_img": 3, "resolution": 512}