{"model_rotation_degrees": 0.0, "vanishing_points_image": {"y": [434.46372701984205, 251.51279783358825], "x": [205.7338081513268, 195.61441204801733], "z": [256.68083134991707, 106.24032928801603]}, "point_uuid": "54", "field_of_view_rads": 1.3089969389957472, "point_pitch": 0.19684524933365388, "camera_rotation_original": [1.5785322189331055, -0.004439795855432749, -0.3697104752063751], "camera_uuid": "b20b2b0634e241d794127bb70d0381ec", "camera_location": [4.119016, 3.356542, 1.473925], "nonfixated_points_in_view": [0, 33, 65, 66, 97, 98, 70, 100, 44, 46, 79, 18, 19, 20, 52, 89, 26, 93, 63], "point_location": [-0.7286279797554016, 2.590883255004883, 2.4133124351501465], "bounding_box_ranges": {"y": [-0.7416953055519713, 4.119016], "x": [-0.7457025049954504, 4.546093289246793], "z": [-0.015628436578888127, 2.4446014902467743]}, "view_id": 0, "vanishing_points_gaussian_sphere": {"y": [0.9878785058439585, 0.02483872014553274, 0.15322889960134817], "x": [-0.15516481877535768, 0.18640200235220583, 0.9701433773074466], "z": [0.004465053853934761, 0.9821595244666828, -0.18799662708001252]}, "camera_rotation_from_original_to_final": [0.1693364828824997, -0.06532219797372818, 2.091566562652588], "point_normal": [0.9274620413780212, 0.0078078461810946465, -0.37383586168289185], "skybox_img_path": "./img/high/b20b2b0634e241d794127bb70d0381ec_skybox3.jpg", "room": "0_2", "camera_distance": 4.996832702724896, "obliqueness_angle": 0.24038085341453552, "camera_rotation_final": [1.7599202394485474, -0.004465068690478802, 1.7265921831130981], "skybox_img": 3, "resolution": 512}