{"model_rotation_degrees": 0.0, "vanishing_points_image": {"y": [377.3335258923902, 245.52000341026655], "x": [391.06936337514065, 303.33808476664547], "z": [256.75756747090696, 75.88183976964262]}, "point_uuid": "60", "field_of_view_rads": 1.3089969389957472, "point_pitch": -0.1699111898753305, "camera_rotation_original": [1.579675316810608, 0.0016688042087480426, -0.18222443759441376], "camera_uuid": "421bc59cb37942a2a1b69459e69c6733", "camera_location": [4.087351, 5.595419, 1.470996], "nonfixated_points_in_view": [65, 66, 67, 68, 37, 70, 98, 99, 104, 44, 77, 48, 17, 49, 20, 84, 92, 29, 95], "point_location": [1.2836822271347046, 0.11872674524784088, 0.3644964098930359], "bounding_box_ranges": {"y": [-0.7401052200960034, 4.707876044704497], "x": [-0.9679011401951714, 5.595419], "z": [-0.016565533176182923, 2.4452946013791927]}, "view_id": 0, "vanishing_points_gaussian_sphere": {"y": [0.8904714445103609, 0.07691310075337464, -0.44849189674299883], "x": [0.45502029740147704, -0.15947205843497547, 0.8760851508450438], "z": [0.004139500489532226, 0.9842017260252154, 0.17700233621250358]}, "camera_rotation_from_original_to_final": [-0.184828519821167, 0.027978356927633286, 2.84859299659729], "point_normal": [-0.16449224948883057, 0.9850834608078003, -0.050525885075330734], "skybox_img_path": "./img/high/421bc59cb37942a2a1b69459e69c6733_skybox2.jpg", "room": "0_2", "camera_distance": 6.251324370257814, "obliqueness_angle": 0.6756504774093628, "camera_rotation_final": [1.392854928970337, -0.004139512311667204, 2.6691932678222656], "skybox_img": 2, "resolution": 512}