{"model_rotation_degrees": 0.0, "vanishing_points_image": {"y": [403.71546701500904, 265.5448892043865], "x": [324.14117225420375, 181.76882394042732], "z": [257.7410832354199, 111.63655116445223]}, "point_uuid": "65", "field_of_view_rads": 1.3089969389957472, "point_pitch": 0.24802883068588777, "camera_rotation_original": [1.5827999114990234, -0.0022284637670964003, 1.2485463619232178], "camera_uuid": "de06f753bd6d4114a5c6e6a781ee950a", "camera_location": [0.724806, 4.289951, 1.483605], "nonfixated_points_in_view": [0, 5, 20, 25, 26, 30, 33, 44, 46, 47, 49, 52, 54, 60, 66, 67, 68, 77, 87, 92, 95, 98, 99, 100, 104], "point_location": [-0.07654492557048798, 0.595660388469696, 2.426851272583008], "bounding_box_ranges": {"y": [-0.741698569563147, 3.225698825827814], "x": [-0.9799925546893213, 4.289951], "z": [-0.013485648953097451, 2.4446744176676782]}, "view_id": 4, "vanishing_points_gaussian_sphere": {"y": [0.9765826377331092, -0.06310356839709211, -0.20568007033691038], "x": [0.21482421494968415, 0.2340237714476024, 0.9482001007533655], "z": [0.01170078414016772, 0.9701808151334441, -0.2420997265539788]}, "camera_rotation_from_original_to_final": [0.08409518003463745, 0.21726150810718536, 1.6873230934143066], "point_normal": [-0.0043112109415233135, -0.005842018406838179, -0.9999736547470093], "skybox_img_path": "./img/high/de06f753bd6d4114a5c6e6a781ee950a_skybox3.jpg", "room": "0_2", "camera_distance": 3.8961080804457633, "obliqueness_angle": 1.3328913450241089, "camera_rotation_final": [1.8153427839279175, -0.011701051145792007, 2.925065755844116], "skybox_img": 3, "resolution": 512}