{"model_rotation_degrees": 0.0, "vanishing_points_image": {"y": [366.5773098824703, 283.15650870127104], "x": [407.4418070454778, 177.1812067996009], "z": [257.72553971678735, 123.33801997416013]}, "point_uuid": "26", "field_of_view_rads": 1.3089969389957472, "point_pitch": 0.3596945563938956, "camera_rotation_original": [1.5827999114990234, -0.0022284637670964003, 1.2485463619232178], "camera_uuid": "de06f753bd6d4114a5c6e6a781ee950a", "camera_location": [0.724806, 4.289951, 1.483605], "nonfixated_points_in_view": [0, 33, 65, 66, 100, 104, 44, 77, 46, 52, 54, 92, 95], "point_location": [-0.6686898469924927, 2.1689658164978027, 2.440702438354492], "bounding_box_ranges": {"y": [-0.7413502589836595, 1.1431381662994098], "x": [-0.961314115173165, 4.289951], "z": [-0.0025263502929182557, 2.443668546144362]}, "view_id": 0, "vanishing_points_gaussian_sphere": {"y": [0.8331681088925537, -0.20461645361793177, -0.5137733052944913], "x": [0.5528858934788241, 0.287752766238711, 0.7819945871386145], "z": [0.012169269350626271, 0.9355909642738062, -0.35287597885472655]}, "camera_rotation_from_original_to_final": [0.12464319914579391, 0.32662129402160645, 1.3302736282348633], "point_normal": [-0.004829675890505314, 0.012352968566119671, -0.9999121427536011], "skybox_img_path": "./img/high/de06f753bd6d4114a5c6e6a781ee950a_skybox3.jpg", "room": "0_2", "camera_distance": 2.712276457879119, "obliqueness_angle": 1.2025030851364136, "camera_rotation_final": [1.9314672946929932, -0.012169569730758667, 2.5557198524475098], "skybox_img": 3, "resolution": 512}