{"model_rotation_degrees": 0.0, "vanishing_points_image": {"y": [443.3192782313013, 249.45824156590382], "x": [159.3480535148581, 214.2027428860923], "z": [257.4080654862761, 101.29152492594964]}, "point_uuid": "86", "field_of_view_rads": 1.3089969389957472, "point_pitch": 0.14669628540543123, "camera_rotation_original": [1.5771442651748657, -0.011866987682878971, -1.0165622234344482], "camera_uuid": "22149045c4a4476eb44710bdb469a325", "camera_location": [2.693772, -0.285035, 1.48261], "nonfixated_points_in_view": [0, 10, 13, 17, 18, 19, 26, 33, 38, 48, 53, 54, 56, 63, 74, 79, 80, 83, 84, 85, 89, 91, 93, 97], "point_location": [0.5567976832389832, 6.327682971954346, 2.438554525375366], "bounding_box_ranges": {"y": [-0.7416981117203179, 4.230080106812713], "x": [-0.285035, 6.887460717893347], "z": [-0.015049609514927065, 2.445070264386758]}, "view_id": 4, "vanishing_points_gaussian_sphere": {"y": [0.9518890316050127, 0.03324285764723392, 0.3046345087568329], "x": [-0.3063102689433794, 0.13246426516226253, 0.9426702698159396], "z": [0.009016132757769822, 0.9906301685646706, -0.13627390975394643]}, "camera_rotation_from_original_to_final": [0.07123217731714249, -0.10929495096206665, 1.3253546953201294], "point_normal": [-0.0011294455034658313, 0.0041487752459943295, -0.9999907612800598], "skybox_img_path": "./img/high/22149045c4a4476eb44710bdb469a325_skybox3.jpg", "room": "0_2", "camera_distance": 7.014879331488946, "obliqueness_angle": 1.438392162322998, "camera_rotation_final": [1.7075011730194092, -0.009016254916787148, 0.31132763624191284], "skybox_img": 3, "resolution": 512}