{"model_rotation_degrees": 0.0, "vanishing_points_image": {"y": [388.9808595307683, 266.9169202174383], "x": [364.662167859539, 192.53029871272858], "z": [255.7568758346582, 109.47756364198143]}, "point_uuid": "4", "field_of_view_rads": 1.3089969389957472, "point_pitch": 0.23429699341324373, "camera_rotation_original": [1.5825356245040894, -0.0012060842709615827, -0.39747294783592224], "camera_uuid": "f9db34b350e54e138bcc5d0815a85293", "camera_location": [5.237017, 3.272563, 1.485191], "nonfixated_points_in_view": [2, 71, 42, 23, 57, 27], "point_location": [3.742464303970337, -0.6665377616882324, 2.438861846923828], "bounding_box_ranges": {"y": [3.4978627126506856, 5.923333461433], "x": [-0.9148188794692471, 3.272563], "z": [-0.019435635413503904, 2.445312259254068]}, "view_id": 1, "vanishing_points_gaussian_sphere": {"y": [0.9350937690999345, -0.07676551429362441, -0.3459865587067135], "x": [0.3543967041736243, 0.20700353576756672, 0.9118950116381811], "z": [-0.001618351430146902, 0.9753238395502087, -0.22077316173776074]}, "camera_rotation_from_original_to_final": [0.19592523574829102, -0.0785222202539444, -3.1141533851623535], "point_normal": [0.006900846026837826, -0.03225775435566902, -0.9994557499885559], "skybox_img_path": "./img/high/f9db34b350e54e138bcc5d0815a85293_skybox2.jpg", "room": "0_2", "camera_distance": 4.319686444192782, "obliqueness_angle": 1.3759406805038452, "camera_rotation_final": [1.7934037446975708, 0.0016183521365746856, 2.7793233394622803], "skybox_img": 2, "resolution": 512}