{"model_rotation_degrees": 0.0, "vanishing_points_image": {"y": [426.4940195665357, 258.1589711146555], "x": [241.42485589224628, 370.821793003284], "z": [254.9802153779265, 65.88466817826672]}, "point_uuid": "47", "field_of_view_rads": 1.3089969389957472, "point_pitch": -0.38011614879104094, "camera_rotation_original": [1.5762215852737427, -0.0002412118628853932, -1.888368844985962], "camera_uuid": "029e8bd017804e6aba4c5206f049bf52", "camera_location": [2.031441, 2.853197, 1.471538], "nonfixated_points_in_view": [32, 34, 99, 68, 5, 104, 77, 15, 92, 87, 25, 60, 30], "point_location": [2.2111260890960693, -0.8247860074043274, 0.009488865733146667], "bounding_box_ranges": {"y": [-0.7254935366937767, 4.085612021718727], "x": [-0.9807222318029143, 2.853197], "z": [-0.015311970654482643, 2.445309855054196]}, "view_id": 1, "vanishing_points_gaussian_sphere": {"y": [0.9988909569036294, -0.012648987501898535, 0.04535261107509368], "x": [-0.046818823330889194, -0.36883486032202206, 0.9283150562137542], "z": [-0.00498537842724916, 0.9294088706949226, 0.3690180172776471]}, "camera_rotation_from_original_to_final": [0.1305372267961502, 0.36154958605766296, -1.1815754175186157], "point_normal": [-0.06307537853717804, 0.07131332159042358, 0.9954577088356018], "skybox_img_path": "./img/high/029e8bd017804e6aba4c5206f049bf52_skybox1.jpg", "room": "0_2", "camera_distance": 3.9619986835607652, "obliqueness_angle": 1.1191985607147217, "camera_rotation_final": [1.1928391456604004, 0.004985399078577757, -3.0947561264038086], "skybox_img": 1, "resolution": 512}