{"model_rotation_degrees": 0.0, "vanishing_points_image": {"y": [371.49361901339597, 259.51917395509116], "x": [403.23332116671196, 249.76014821403876], "z": [258.00451557725273, 91.87378207431762]}, "point_uuid": "46", "field_of_view_rads": 1.3089969389957472, "point_pitch": 0.03135283390549226, "camera_rotation_original": [1.5827999114990234, -0.0022284637670964003, 1.2485463619232178], "camera_uuid": "de06f753bd6d4114a5c6e6a781ee950a", "camera_location": [0.724806, 4.289951, 1.483605], "nonfixated_points_in_view": [0, 33, 65, 66, 68, 98, 100, 104, 44, 77, 20, 52, 54, 95, 25, 26, 92, 30, 63], "point_location": [-0.7327671051025391, 1.7683550119400024, 1.5756101608276367], "bounding_box_ranges": {"y": [-0.7408478176589878, 1.4297012243248282], "x": [-0.9592704811166683, 4.289951], "z": [-0.013803968089376228, 2.44513740936726]}, "view_id": 2, "vanishing_points_gaussian_sphere": {"y": [0.8655107689868161, -0.02637273801001974, -0.5001955492182084], "x": [0.5007415661406538, 0.021221780036122805, 0.865336651246845], "z": [0.012206256873244408, 0.9994268931452431, -0.03157360529288815]}, "camera_rotation_from_original_to_final": [0.015666628256440163, 0.015407749451696873, 1.3688099384307861], "point_normal": [0.9998667240142822, 0.01563180610537529, 0.004726110491901636], "skybox_img_path": "./img/high/de06f753bd6d4114a5c6e6a781ee950a_skybox3.jpg", "room": "0_2", "camera_distance": 2.914005945829184, "obliqueness_angle": 1.0315300226211548, "camera_rotation_final": [1.6023775339126587, -0.012206560000777245, 2.6170942783355713], "skybox_img": 3, "resolution": 512}