{"model_rotation_degrees": 0.0, "vanishing_points_image": {"y": [401.8467169926614, 250.50879682949008], "x": [329.28999737703197, 314.4682409166338], "z": [257.1783844889924, 75.26456197659122]}, "point_uuid": "83", "field_of_view_rads": 1.3089969389957472, "point_pitch": -0.18341116507979827, "camera_rotation_original": [1.5743488073349, -0.006772358436137438, -1.2924582958221436], "camera_uuid": "b2b91e26cb9a4190a097925afea72a8a", "camera_location": [1.962995, 0.554659, 1.477478], "nonfixated_points_in_view": [10, 11, 13, 14, 16, 17, 18, 31, 38, 39, 48, 53, 56, 72, 73, 74, 75, 84, 85, 86, 89, 91], "point_location": [2.846083164215088, 4.282127380371094, 0.7503566145896912], "bounding_box_ranges": {"y": [-0.06103241889021116, 4.782882593643861], "x": [0.554659, 6.891832936954526], "z": [-0.012873227166294132, 2.4452714642847564]}, "view_id": 3, "vanishing_points_gaussian_sphere": {"y": [0.9733242849540391, 0.036646155015905145, -0.22648817991510908], "x": [0.22934429750626195, -0.18296299794458107, 0.9559946310437578], "z": [0.0064054289526774095, 0.9824365631966685, 0.186486915825885]}, "camera_rotation_from_original_to_final": [-0.05287772789597511, 0.18376374244689941, 1.0549129247665405], "point_normal": [-0.04785194620490074, -0.9660888314247131, 0.253737211227417], "skybox_img_path": "./img/high/b2b91e26cb9a4190a097925afea72a8a_skybox3.jpg", "room": "0_2", "camera_distance": 3.899047475120737, "obliqueness_angle": 0.19143448770046234, "camera_rotation_final": [1.3832073211669922, -0.006405472755432129, -0.23140880465507507], "skybox_img": 3, "resolution": 512}