{"model_rotation_degrees": 0.0, "vanishing_points_image": {"y": [408.335956700665, 250.51414049682987], "x": [307.83129778845307, 344.9855529117823], "z": [258.23569281349387, 69.6367475745756]}, "point_uuid": "25", "field_of_view_rads": 1.3089969389957472, "point_pitch": -0.2831122120234628, "camera_rotation_original": [1.5827999114990234, -0.0022284637670964003, 1.2485463619232178], "camera_uuid": "de06f753bd6d4114a5c6e6a781ee950a", "camera_location": [0.724806, 4.289951, 1.483605], "nonfixated_points_in_view": [0, 5, 20, 30, 33, 44, 46, 47, 49, 52, 60, 65, 66, 67, 68, 77, 87, 92, 95, 98, 99, 100, 104], "point_location": [-0.11524529755115509, -0.6641986966133118, -0.0004500976065173745], "bounding_box_ranges": {"y": [-0.74169911150153, 3.3856494269103186], "x": [-0.9807744940618663, 4.289951], "z": [-0.016980994646378145, 2.44530954953839]}, "view_id": 2, "vanishing_points_gaussian_sphere": {"y": [0.9864236871982713, 0.035522682075656925, -0.16033230614046165], "x": [0.1638168496015518, -0.2812457638540531, 0.9455500304588715], "z": [0.0115043087923378, 0.9589780807569598, 0.283246697256841]}, "camera_rotation_from_original_to_final": [-0.08815237879753113, -0.2864355146884918, 1.7391268014907837], "point_normal": [0.04054643586277962, -0.004331953823566437, 0.999168336391449], "skybox_img_path": "./img/high/de06f753bd6d4114a5c6e6a781ee950a_skybox3.jpg", "room": "0_2", "camera_distance": 5.239437564493143, "obliqueness_angle": 1.281355619430542, "camera_rotation_final": [1.2835990190505981, -0.011504562571644783, 2.977023124694824], "skybox_img": 3, "resolution": 512}