{"model_rotation_degrees": 0.0, "vanishing_points_image": {"y": [373.62864350615695, 249.46277748271515], "x": [398.885991160966, 284.60740301979837], "z": [256.77641336967986, 80.67232678498945]}, "point_uuid": "77", "field_of_view_rads": 1.3089969389957472, "point_pitch": -0.10067669948073821, "camera_rotation_original": [1.579675316810608, 0.0016688042087480426, -0.18222443759441376], "camera_uuid": "421bc59cb37942a2a1b69459e69c6733", "camera_location": [4.087351, 5.595419, 1.470996], "nonfixated_points_in_view": [65, 66, 67, 68, 37, 70, 98, 99, 104, 44, 92, 48, 17, 49, 20, 84, 60, 29, 95], "point_location": [0.4619338810443878, -0.9496098160743713, 0.6554995775222778], "bounding_box_ranges": {"y": [-0.7396050605816811, 4.579752660951816], "x": [-0.966385164284798, 5.595419], "z": [-0.01752667382058859, 2.4453100235818788]}, "view_id": 2, "vanishing_points_gaussian_sphere": {"y": [0.8749881713222444, 0.04862754687489246, -0.48169602627703384], "x": [0.48412428189116113, -0.09692719580976249, 0.8696141663955479], "z": [0.004402241420268524, 0.9941028520215532, 0.10835192602391328]}, "camera_rotation_from_original_to_final": [-0.11660989373922348, 0.01527541596442461, 2.817397356033325], "point_normal": [-0.0525255911052227, 0.9985538125038147, -0.011466664262115955], "skybox_img_path": "./img/high/421bc59cb37942a2a1b69459e69c6733_skybox2.jpg", "room": "0_2", "camera_distance": 7.526359343286458, "obliqueness_angle": 0.5701636075973511, "camera_rotation_final": [1.4622302055358887, -0.004402255639433861, 2.6362252235412598], "skybox_img": 2, "resolution": 512}