{"model_rotation_degrees": 0.0, "vanishing_points_image": {"y": [447.57470725264625, 258.20679566917903], "x": [93.92180371751823, 259.5013777717346], "z": [256.10333436484115, 87.89913076545598]}, "point_uuid": "44", "field_of_view_rads": 1.3089969389957472, "point_pitch": -0.006667776903833911, "camera_rotation_original": [1.5785322189331055, -0.004439795855432749, -0.3697104752063751], "camera_uuid": "b20b2b0634e241d794127bb70d0381ec", "camera_location": [4.119016, 3.356542, 1.473925], "nonfixated_points_in_view": [0, 33, 65, 66, 98, 100, 70, 46, 79, 20, 52, 54, 26, 63], "point_location": [-0.7255545258522034, -0.037398211658000946, 1.381843090057373], "bounding_box_ranges": {"y": [-0.7416987126685282, 4.119016], "x": [-0.7377384225932575, 3.5815691058836885], "z": [-0.016165143962928896, 2.444676432143334]}, "view_id": 6, "vanishing_points_gaussian_sphere": {"y": [0.8190083884408292, -0.009434356917737304, 0.5737039764313165], "x": [-0.5737812142959802, -0.012395404413764315, 0.8189148136836029], "z": [0.0006146418358625758, 0.9998786660685226, 0.015565196961350445]}, "camera_rotation_from_original_to_final": [-0.020346397534012794, 0.011985058896243572, 2.5514414310455322], "point_normal": [0.9999316930770874, 0.0004343015607446432, -0.011684787459671497], "skybox_img_path": "./img/high/b20b2b0634e241d794127bb70d0381ec_skybox2.jpg", "room": "0_2", "camera_distance": 5.915840875847488, "obliqueness_angle": 0.6112587451934814, "camera_rotation_final": [1.5552304983139038, -0.0006146418745629489, 2.1819117069244385], "skybox_img": 2, "resolution": 512}