{"model_rotation_degrees": 0.0, "vanishing_points_image": {"y": [385.83249260875164, 244.85065320570433], "x": [372.7207437147819, 310.2374360794159], "z": [254.99689441680655, 74.74437464200382]}, "point_uuid": "77", "field_of_view_rads": 1.3089969389957472, "point_pitch": -0.1956537206980844, "camera_rotation_original": [1.5762215852737427, -0.0002412118628853932, -1.888368844985962], "camera_uuid": "029e8bd017804e6aba4c5206f049bf52", "camera_location": [2.031441, 2.853197, 1.471538], "nonfixated_points_in_view": [65, 98, 99, 68, 5, 100, 104, 44, 47, 92, 20, 87, 25, 60, 30, 95], "point_location": [0.4619338810443878, -0.9496098160743713, 0.6554995775222778], "bounding_box_ranges": {"y": [-0.7407586026874693, 3.176714672318479], "x": [-0.9805276703291206, 2.853197], "z": [-0.011877494378880415, 2.445308594059792]}, "view_id": 0, "vanishing_points_gaussian_sphere": {"y": [0.9239408964605615, 0.07934329276966266, -0.37421633013555344], "x": [0.382496735650922, -0.1777374063101075, 0.9067004255069833], "z": [-0.005428357398198091, 0.9808741286682117, 0.19456740900092714]}, "camera_rotation_from_original_to_final": [0.06908557564020157, 0.18924976885318756, -1.638643741607666], "point_normal": [-0.0525255911052227, 0.9985538125038147, -0.011466664262115955], "skybox_img_path": "./img/high/029e8bd017804e6aba4c5206f049bf52_skybox1.jpg", "room": "0_2", "camera_distance": 4.194116269133556, "obliqueness_angle": 0.4875098168849945, "camera_rotation_final": [1.3749769926071167, 0.005428384058177471, -3.5340957641601562], "skybox_img": 1, "resolution": 512}