{"model_rotation_degrees": 0.0, "vanishing_points_image": {"y": [432.75042887829187, 256.9845053838984], "x": [213.63870982537992, 256.6912793818697], "z": [256.8705127518026, 88.95795317225151]}, "point_uuid": "102", "field_of_view_rads": 1.3089969389957472, "point_pitch": 0.0026824037220816166, "camera_rotation_original": [1.5776946544647217, 0.0030656252056360245, -2.669447660446167], "camera_uuid": "c3d17a6983f9472b926dbc4e505ec89c", "camera_location": [5.294113, 2.145316, 1.475611], "nonfixated_points_in_view": [3, 71, 7, 45, 85, 88, 59], "point_location": [4.779278755187988, 6.134219169616699, 1.4644339084625244], "bounding_box_ranges": {"y": [4.88124163121707, 5.294113], "x": [2.145316, 2.6897443898616196], "z": [1.0165982600316812, 1.9070126361193735]}, "view_id": 3, "vanishing_points_gaussian_sphere": {"y": [0.9917582144790894, -0.005524124087712884, 0.1280044064331853], "x": [-0.1280175257736114, -0.0020890741457702216, 0.991769705558713], "z": [0.005211248223916568, 0.9999825597590576, 0.002779041142498916]}, "camera_rotation_from_original_to_final": [0.004854550119489431, 0.01177255716174841, 2.797837495803833], "point_normal": [0.999971330165863, 0.007203713059425354, 0.0023304445203393698], "skybox_img_path": "./img/high/c3d17a6983f9472b926dbc4e505ec89c_skybox2.jpg", "room": "0_5", "camera_distance": 4.0220055553973415, "obliqueness_angle": 1.4496372938156128, "camera_rotation_final": [1.5680172443389893, -0.005211271811276674, 0.12837155163288116], "skybox_img": 2, "resolution": 512}