{"model_rotation_degrees": 0.0, "vanishing_points_image": {"y": [393.6804355306127, 257.16044614032285], "x": [353.5121291102364, 260.4040535238787], "z": [257.9918783494769, 88.31030629023088]}, "point_uuid": "78", "field_of_view_rads": 1.3089969389957472, "point_pitch": -0.0061452825877328365, "camera_rotation_original": [1.5834180116653442, 0.001621261122636497, -2.377124547958374], "camera_uuid": "c2e7d52588e94b929f2f91a2249562c5", "camera_location": [4.816021, -0.326724, 1.48248], "nonfixated_points_in_view": [45, 3, 21, 55], "point_location": [5.919722557067871, 3.100865364074707, 1.4439032077789307], "bounding_box_ranges": {"y": [3.779048330263644, 7.546793936527219], "x": [-0.326724, 2.7445316637749078], "z": [-0.008687210298833126, 2.444306103936074]}, "view_id": 1, "vanishing_points_gaussian_sphere": {"y": [0.9518403880235272, -0.008022632266003568, -0.3064890097519742], "x": [0.30636386277402977, -0.013836666902368015, 0.951813915760433], "z": [0.011876839368985537, 0.9998720838290054, 0.010712453782673846]}, "camera_rotation_from_original_to_final": [0.007499632425606251, 0.025893600657582283, 2.0657083988189697], "point_normal": [-0.999958336353302, -0.006988245528191328, -0.005890997592359781], "skybox_img_path": "./img/high/c2e7d52588e94b929f2f91a2249562c5_skybox3.jpg", "room": "0_5", "camera_distance": 3.6011129615445294, "obliqueness_angle": 1.252378225326538, "camera_rotation_final": [1.5600829124450684, -0.011877118609845638, -0.3113935589790344], "skybox_img": 3, "resolution": 512}