{"model_rotation_degrees": 0.0, "vanishing_points_image": {"y": [422.905870474756, 254.8590454914285], "x": [255.13264019258776, 183.04640583011525], "z": [255.03989619112954, 109.82869522721921]}, "point_uuid": "15", "field_of_view_rads": 1.3089969389957472, "point_pitch": 0.23153193394211335, "camera_rotation_original": [1.5759177207946777, 0.006587443873286247, -0.21082322299480438], "camera_uuid": "1eea2dc63a804bb98c4433aaf5355d4d", "camera_location": [0.081101, -0.078128, 1.481538], "nonfixated_points_in_view": [32, 34, 91, 5, 22], "point_location": [3.363327980041504, -0.07421228289604187, 2.2368175983428955], "bounding_box_ranges": {"y": [0.081101, 3.5161236084930043], "x": [-0.9808436052984033, 2.533962280062479], "z": [-0.0030664870339953687, 2.445293074669904]}, "view_id": 2, "vanishing_points_gaussian_sphere": {"y": [0.9999759599943399, 0.006835751653152411, 0.0011627264230920295], "x": [-0.002666014273652497, 0.22423833997039652, 0.9745306866667738], "z": [-0.006400921909476279, 0.9745103587887906, -0.2242511734909129]}, "camera_rotation_from_original_to_final": [0.21630649268627167, -0.045924633741378784, -1.3637357950210571], "point_normal": [-0.999674916267395, 0.00196625292301178, -0.025422783568501472], "skybox_img_path": "./img/high/1eea2dc63a804bb98c4433aaf5355d4d_skybox1.jpg", "room": "0_2", "camera_distance": 3.368007809961378, "obliqueness_angle": 0.20077337324619293, "camera_rotation_final": [1.7969756126403809, 0.006400965619832277, -1.5681302547454834], "skybox_img": 1, "resolution": 512}