{"model_rotation_degrees": 0.0, "vanishing_points_image": {"y": [444.0927318110678, 296.2302269337331], "x": [100.53948527908007, 325.8460485154859], "z": [256.1596224056642, 68.32764419805068]}, "point_uuid": "14", "field_of_view_rads": 1.3089969389957472, "point_pitch": -0.3066742857310434, "camera_rotation_original": [1.5785316228866577, 0.0028458000160753727, 1.9192692041397095], "camera_uuid": "4c0d1c450c3c414c8e903e49190ad5f3", "camera_location": [0.164657, 1.413222, 1.481392], "nonfixated_points_in_view": [39, 8, 72, 73, 11, 12, 13, 75, 16, 17, 18, 48, 83, 53, 22, 89, 91, 31], "point_location": [3.9198901653289795, 3.9958858489990234, -0.003084688214585185], "bounding_box_ranges": {"y": [0.164657, 5.923261465271125], "x": [1.0617969324718175, 6.865640231006358], "z": [-0.012713266329859252, 2.4446161855522983]}, "view_id": 0, "vanishing_points_gaussian_sphere": {"y": [0.8237959721613679, -0.17619765839988186, 0.5388084830671335], "x": [-0.5668858282071741, -0.25469319415788294, 0.7834359160949421], "z": [0.0008087203305632613, 0.9508342452941277, 0.30969918299435906]}, "camera_rotation_from_original_to_final": [0.11708687990903854, -0.30133068561553955, -2.904808759689331], "point_normal": [-0.05377311632037163, -0.0189367588609457, 0.9983736276626587], "skybox_img_path": "./img/high/4c0d1c450c3c414c8e903e49190ad5f3_skybox2.jpg", "room": "0_2", "camera_distance": 4.793287146951059, "obliqueness_angle": 1.2008917331695557, "camera_rotation_final": [1.2559195756912231, -0.0008087204187177122, -0.9680754542350769], "skybox_img": 2, "resolution": 512}