{"model_rotation_degrees": 0.0, "vanishing_points_image": {"y": [396.2688054466883, 264.74553777324337], "x": [345.88736471642, 196.95270067991964], "z": [256.56687894671734, 107.11117543286414]}, "point_uuid": "91", "field_of_view_rads": 1.3089969389957472, "point_pitch": 0.20926554600266023, "camera_rotation_original": [1.5824408531188965, 0.001023429213091731, 1.5184667110443115], "camera_uuid": "82b91818426544f3b6c43aa394ec0dd3", "camera_location": [0.187142, 2.810302, 1.478821], "nonfixated_points_in_view": [32, 34, 67, 69, 39, 8, 12, 78, 15, 22, 24, 28], "point_location": [3.363640546798706, 1.8660714626312256, 2.1443212032318115], "bounding_box_ranges": {"y": [0.187142, 5.923339072598387], "x": [-0.9429927161594529, 4.593435121031668], "z": [-0.015332788740618941, 2.445162519667819]}, "view_id": 3, "vanishing_points_gaussian_sphere": {"y": [0.9583268859051932, -0.05975016293258399, -0.2793555042965585], "x": [0.28564951539654404, 0.1876440864571762, 0.9397840449653163], "z": [0.003732841407609005, 0.9804180816606666, -0.19689197811958767]}, "camera_rotation_from_original_to_final": [0.014686688780784607, 0.18603183329105377, 2.9058597087860107], "point_normal": [-0.9979714751243591, 0.05230462923645973, -0.03629530966281891], "skybox_img_path": "./img/high/82b91818426544f3b6c43aa394ec0dd3_skybox2.jpg", "room": "0_2", "camera_distance": 3.380030468148818, "obliqueness_angle": 0.28509321808815, "camera_rotation_final": [1.7689845561981201, -0.0037328500766307116, 4.422702789306641], "skybox_img": 2, "resolution": 512}