{"model_rotation_degrees": 0.0, "vanishing_points_image": {"y": [386.1160127379343, 252.05530631448127], "x": [372.5955078815039, 281.23135569563937], "z": [256.8128509503797, 82.33642798561198]}, "point_uuid": "104", "field_of_view_rads": 1.3089969389957472, "point_pitch": -0.07902125915023284, "camera_rotation_original": [1.5784746408462524, 0.0036877563688904047, -0.2543734312057495], "camera_uuid": "cd8bc18ce92741768974d88f6ccbaad1", "camera_location": [3.10099, 5.636439, 1.471228], "nonfixated_points_in_view": [32, 34, 67, 68, 37, 5, 99, 77, 47, 17, 49, 87, 91, 60, 29], "point_location": [0.4250602126121521, -0.9414658546447754, 0.857938289642334], "bounding_box_ranges": {"y": [-0.001468041823308397, 3.9571597178053626], "x": [-0.9798058040078974, 5.636439], "z": [-0.010582408890619455, 2.4453019246841365]}, "view_id": 1, "vanishing_points_gaussian_sphere": {"y": [0.9264285571949308, 0.02808629624250424, -0.375421480974514], "x": [0.37644173918022206, -0.08146227579877474, 0.9228518378508298], "z": [0.004663198118112446, 0.996280611868495, 0.08604183283873365]}, "camera_rotation_from_original_to_final": [-0.09291630238294601, 0.015509971417486668, 3.009242296218872], "point_normal": [0.531001091003418, 0.8473368883132935, 0.007627560757100582], "skybox_img_path": "./img/high/cd8bc18ce92741768974d88f6ccbaad1_skybox2.jpg", "room": "0_2", "camera_distance": 7.12780146987184, "obliqueness_angle": 0.19017134606838226, "camera_rotation_final": [1.4846470355987549, -0.004663215018808842, 2.7556357383728027], "skybox_img": 2, "resolution": 512}