{"model_rotation_degrees": 0.0, "vanishing_points_image": {"y": [369.74482646821673, 277.2402616481516], "x": [403.3401703691087, 185.59988342829521], "z": [256.6912624987495, 117.25225315206681]}, "point_uuid": "17", "field_of_view_rads": 1.3089969389957472, "point_pitch": 0.30864603916672273, "camera_rotation_original": [1.579675316810608, 0.0016688042087480426, -0.18222443759441376], "camera_uuid": "421bc59cb37942a2a1b69459e69c6733", "camera_location": [4.087351, 5.595419, 1.470996], "nonfixated_points_in_view": [65, 66, 67, 68, 37, 70, 98, 99, 104, 44, 77, 92, 48, 49, 20, 84, 60, 29, 95], "point_location": [2.4947097301483154, 2.995417356491089, 2.417383909225464], "bounding_box_ranges": {"y": [-0.7399480687838054, 4.504821785787044], "x": [-0.9704612945676576, 5.595419], "z": [-0.019150908166843505, 2.4422410543958346]}, "view_id": 1, "vanishing_points_gaussian_sphere": {"y": [0.8519521773732136, -0.15909019971273944, -0.4988665110271495], "x": [0.5235979826519459, 0.25017860996809854, 0.8144051913373604], "z": [0.004758154248545076, 0.9550397748103431, -0.29643951912381106]}, "camera_rotation_from_original_to_final": [0.28641119599342346, -0.058465588837862015, 2.764763355255127], "point_normal": [-0.07032286375761032, -0.015370506793260574, -0.9974059462547302], "skybox_img_path": "./img/high/421bc59cb37942a2a1b69459e69c6733_skybox2.jpg", "room": "0_2", "camera_distance": 3.192516885382703, "obliqueness_angle": 1.3201079368591309, "camera_rotation_final": [1.8717622756958008, -0.004758172202855349, 2.590517044067383], "skybox_img": 2, "resolution": 512}