{"model_rotation_degrees": 0.0, "vanishing_points_image": {"y": [348.0804991979531, 280.8850319828138], "x": [430.6219802305518, 199.7289394429986], "z": [255.26927918935863, 117.15151360545318]}, "point_uuid": "65", "field_of_view_rads": 1.3089969389957472, "point_pitch": 0.3020168105748038, "camera_rotation_original": [1.5762215852737427, -0.0002412118628853932, -1.888368844985962], "camera_uuid": "029e8bd017804e6aba4c5206f049bf52", "camera_location": [2.031441, 2.853197, 1.471538], "nonfixated_points_in_view": [99, 68, 100, 104, 44, 77, 46, 52, 25, 26, 92, 95], "point_location": [-0.07654492557048798, 0.595660388469696, 2.426851272583008], "bounding_box_ranges": {"y": [-0.7416991205648795, 2.0877076111182875], "x": [-0.9597685268308385, 2.853197], "z": [-0.005874239747581278, 2.443485235635393]}, "view_id": 2, "vanishing_points_gaussian_sphere": {"y": [0.7319528501787158, -0.19781246024146223, -0.6520086316058051], "x": [0.6813367359400161, 0.21955735857061615, 0.6982655788137481], "z": [-0.0050276608735363645, 0.9553349134574293, -0.2954825303726549]}, "camera_rotation_from_original_to_final": [-0.08927034586668015, -0.28110912442207336, -1.9908939599990845], "point_normal": [-0.0043112109415233135, -0.005842018406838179, -0.9999736547470093], "skybox_img_path": "./img/high/029e8bd017804e6aba4c5206f049bf52_skybox1.jpg", "room": "0_2", "camera_distance": 3.23306360242129, "obliqueness_angle": 1.2780483961105347, "camera_rotation_final": [1.8707607984542847, 0.005027682054787874, -3.8911917209625244], "skybox_img": 1, "resolution": 512}