{"model_rotation_degrees": 0.0, "vanishing_points_image": {"y": [430.1415718124866, 263.5402691734103], "x": [223.45161091763686, 358.4582362455751], "z": [257.9349792047871, 67.49999270704085]}, "point_uuid": "70", "field_of_view_rads": 1.3089969389957472, "point_pitch": -0.3374439915034433, "camera_rotation_original": [1.577962040901184, 0.007169065065681934, 1.18436598777771], "camera_uuid": "57ed0722da4246b593ad7c4c816002a1", "camera_location": [0.693011, 5.590496, 1.490906], "nonfixated_points_in_view": [5, 20, 25, 30, 44, 46, 49, 52, 60, 65, 66, 67, 68, 77, 79, 80, 87, 92, 95, 98, 99, 100, 104], "point_location": [1.1233402490615845, 1.3123148679733276, -0.0034054070711135864], "bounding_box_ranges": {"y": [-0.7416958383649532, 3.378556799823146], "x": [-0.9803819668383582, 5.590496], "z": [-0.016316214911745508, 2.445307574192771]}, "view_id": 1, "vanishing_points_gaussian_sphere": {"y": [0.994589605575622, -0.04306538217761993, 0.09453512225000882], "x": [-0.10342876114193657, -0.32558073509726837, 0.9398402397759775], "z": [0.009695764517190428, 0.9445329839616075, 0.3282734140301485]}, "camera_rotation_from_original_to_final": [-0.11731922626495361, -0.32206666469573975, 2.0794882774353027], "point_normal": [0.02043328620493412, -0.03306230530142784, 0.9992443919181824], "skybox_img_path": "./img/high/57ed0722da4246b593ad7c4c816002a1_skybox3.jpg", "room": "0_2", "camera_distance": 4.552030699627131, "obliqueness_angle": 1.2713192701339722, "camera_rotation_final": [1.2363048791885376, -0.009695916436612606, 3.245211601257324], "skybox_img": 3, "resolution": 512}