{"model_rotation_degrees": 0.0, "vanishing_points_image": {"y": [444.36218757430345, 247.5774484077142], "x": [151.75883292729338, 224.3817449842151], "z": [254.98320869618584, 98.74921843381112]}, "point_uuid": "1", "field_of_view_rads": 1.3089969389957472, "point_pitch": 0.11312110821274324, "camera_rotation_original": [1.5776946544647217, 0.0030656252056360245, -2.669447660446167], "camera_uuid": "c3d17a6983f9472b926dbc4e505ec89c", "camera_location": [5.294113, 2.145316, 1.475611], "nonfixated_points_in_view": [96, 36, 62, 103], "point_location": [3.5099005699157715, 1.5190826654434204, 1.6828476190567017], "bounding_box_ranges": {"y": [3.4942602391014077, 5.294113], "x": [-0.6770212158553375, 2.5759313099430856], "z": [-0.0074569609090902045, 2.439255990632949]}, "view_id": 1, "vanishing_points_gaussian_sphere": {"y": [0.9433150739246836, 0.042180014896978216, 0.32920740825467354], "x": [-0.3318363444036764, 0.100652040412625, 0.9379519216322232], "z": [-0.0064274286673115764, 0.9940271691981392, -0.10894344889281148]}, "camera_rotation_from_original_to_final": [-0.0896083265542984, -0.049455925822257996, -1.70295250415802], "point_normal": [0.9998922348022461, 0.003421872854232788, -0.014281831681728363], "skybox_img_path": "./img/high/c3d17a6983f9472b926dbc4e505ec89c_skybox1.jpg", "room": "0_5", "camera_distance": 1.90224328940983, "obliqueness_angle": 0.34660008549690247, "camera_rotation_final": [1.679958701133728, 0.006427472922950983, -4.37413215637207], "skybox_img": 1, "resolution": 512}