{"model_rotation_degrees": 0.0, "vanishing_points_image": {"y": [345.57054121365525, 241.9109414028794], "x": [435.4718030919951, 286.1780120662177], "z": [255.8451320267143, 76.84146790772024]}, "point_uuid": "13", "field_of_view_rads": 1.3089969389957472, "point_pitch": -0.15512888034316497, "camera_rotation_original": [1.5785316228866577, 0.0028458000160753727, 1.9192692041397095], "camera_uuid": "4c0d1c450c3c414c8e903e49190ad5f3", "camera_location": [0.164657, 1.413222, 1.481392], "nonfixated_points_in_view": [35, 39, 8, 9, 72, 11, 12, 73, 14, 75, 16, 17, 18, 48, 51, 53, 83, 89, 94, 31], "point_location": [2.7075071334838867, 4.056730270385742, 0.8769252896308899], "bounding_box_ranges": {"y": [0.164657, 5.92331823639344], "x": [1.413222, 6.8778928586853025], "z": [-0.013395632122680023, 2.4452413105975697]}, "view_id": 2, "vanishing_points_gaussian_sphere": {"y": [0.7205971048449752, 0.11334680685761603, -0.6840265447073104], "x": [0.693353506536115, -0.11658672909011708, 0.711103684123589], "z": [-0.000852914481855589, 0.9866914593606504, 0.1626014654350837]}, "camera_rotation_from_original_to_final": [0.060774218291044235, -0.16001294553279877, -2.6899592876434326], "point_normal": [-0.013771548867225647, -0.6667020320892334, -0.7451971769332886], "skybox_img_path": "./img/high/4c0d1c450c3c414c8e903e49190ad5f3_skybox2.jpg", "room": "0_2", "camera_distance": 3.7174726905153146, "obliqueness_angle": 1.200014591217041, "camera_rotation_final": [1.407469630241394, 0.0008529145852662623, -0.7661328315734863], "skybox_img": 2, "resolution": 512}