{"model_rotation_degrees": 0.0, "vanishing_points_image": {"y": [369.1669345761679, 240.09426356629845], "x": [404.91607395922335, 315.34668844719295], "z": [257.4845932951318, 71.94921874978014]}, "point_uuid": "34", "field_of_view_rads": 1.3089969389957472, "point_pitch": -0.24045793612929778, "camera_rotation_original": [1.5785316228866577, 0.0028458000160753727, 1.9192692041397095], "camera_uuid": "4c0d1c450c3c414c8e903e49190ad5f3", "camera_location": [0.164657, 1.413222, 1.481392], "nonfixated_points_in_view": [32, 99, 68, 5, 15, 22, 87], "point_location": [3.3761699199676514, -0.5724191069602966, 0.5452693700790405], "bounding_box_ranges": {"y": [0.164657, 3.3837239537787895], "x": [-0.9802623081813657, 1.8294212111784236], "z": [-0.018210907782782337, 2.445311008827638]}, "view_id": 5, "vanishing_points_gaussian_sphere": {"y": [0.8515473323721293, 0.11968590896501258, -0.5104335646537451], "x": [0.5242192753374517, -0.20891417013843538, 0.8255598227142876], "z": [0.007828926783886393, 0.9705823781166582, 0.24064196474186492]}, "camera_rotation_from_original_to_final": [0.09743402153253555, -0.23168034851551056, 2.229328155517578], "point_normal": [-0.9998093843460083, 0.0164660457521677, -0.010493502952158451], "skybox_img_path": "./img/high/4c0d1c450c3c414c8e903e49190ad5f3_skybox3.jpg", "room": "0_2", "camera_distance": 3.890104358567709, "obliqueness_angle": 0.5893864035606384, "camera_rotation_final": [1.3277615308761597, -0.007829006761312485, 4.160572052001953], "skybox_img": 3, "resolution": 512}