{"model_rotation_degrees": 0.0, "vanishing_points_image": {"y": [444.60297837314954, 268.98667820819355], "x": [84.01844867088116, 273.0210859736149], "z": [256.2665673287769, 82.62174728557726]}, "point_uuid": "71", "field_of_view_rads": 1.3089969389957472, "point_pitch": -0.07496027549239592, "camera_rotation_original": [1.5776946544647217, 0.0030656252056360245, -2.669447660446167], "camera_uuid": "c3d17a6983f9472b926dbc4e505ec89c", "camera_location": [5.294113, 2.145316, 1.475611], "nonfixated_points_in_view": [88, 59, 85, 102, 7], "point_location": [4.901352405548096, 2.6252849102020264, 1.4244216680526733], "bounding_box_ranges": {"y": [3.4709260258443577, 5.294113], "x": [2.145316, 2.6899141656005066], "z": [0.16403348972884912, 2.3352089517298795]}, "view_id": 2, "vanishing_points_gaussian_sphere": {"y": [0.773829671057878, -0.053283765784960926, 0.6311485407526741], "x": [-0.6333918947347201, -0.06268706039660638, 0.7712879100201128], "z": [0.0015322776568908558, 0.996609839788172, 0.0822586126954287]}, "camera_rotation_from_original_to_final": [0.07744899392127991, 0.04463561996817589, -2.9260098934173584], "point_normal": [0.9891785383224487, 0.13581542670726776, 0.055498190224170685], "skybox_img_path": "./img/high/c3d17a6983f9472b926dbc4e505ec89c_skybox2.jpg", "room": "0_5", "camera_distance": 0.6222954450093595, "obliqueness_angle": 1.0191020965576172, "camera_rotation_final": [1.4884445667266846, -0.0015322782564908266, -5.597255706787109], "skybox_img": 2, "resolution": 512}