{"model_rotation_degrees": 0.0, "vanishing_points_image": {"y": [403.34810085414483, 252.97876130784158], "x": [324.58342703236315, 305.0919776022192], "z": [258.34351286222596, 77.50859011311576]}, "point_uuid": "2", "field_of_view_rads": 1.3089969389957472, "point_pitch": -0.1788627346369882, "camera_rotation_original": [1.5504374504089355, 0.01973503828048706, 0.0801728218793869], "camera_uuid": "022988e502364c9781dbdc5aff9aa537", "camera_location": [5.314469, 4.374863, 1.477831], "nonfixated_points_in_view": [57, 27, 28, 23], "point_location": [4.3135247230529785, -0.17824366688728333, 0.7559052109718323], "bounding_box_ranges": {"y": [4.78471442644607, 5.314469], "x": [3.917487529719372, 4.374863], "z": [0.9195141871591552, 1.7751495082805964]}, "view_id": 0, "vanishing_points_gaussian_sphere": {"y": [0.9770250412640746, 0.020033009185483803, -0.2121809305425626], "x": [0.21272928742354336, -0.1522715015189406, 0.9651733730773134], "z": [0.01297378183895985, 0.9881356528170319, 0.15303467782386282]}, "camera_rotation_from_original_to_final": [-0.1303444504737854, -0.0430796816945076, 2.850297451019287], "point_normal": [0.7254225611686707, -0.22401155531406403, 0.6508310437202454], "skybox_img_path": "./img/high/022988e502364c9781dbdc5aff9aa537_skybox2.jpg", "room": "0_7", "camera_distance": 4.717398386762019, "obliqueness_angle": 1.533476710319519, "camera_rotation_final": [1.4171448945999146, -0.012974145822227001, 2.9272069931030273], "skybox_img": 2, "resolution": 512}