{"model_rotation_degrees": 0.0, "vanishing_points_image": {"y": [384.740441455799, 247.26389829124946], "x": [375.6385177304794, 296.8901862098138], "z": [255.02290749694157, 77.89270481463402]}, "point_uuid": "104", "field_of_view_rads": 1.3089969389957472, "point_pitch": -0.1476105888697763, "camera_rotation_original": [1.5762215852737427, -0.0002412118628853932, -1.888368844985962], "camera_uuid": "029e8bd017804e6aba4c5206f049bf52", "camera_location": [2.031441, 2.853197, 1.471538], "nonfixated_points_in_view": [65, 98, 99, 68, 5, 100, 44, 77, 47, 92, 20, 87, 25, 60, 30, 95], "point_location": [0.4250602126121521, -0.9414658546447754, 0.857938289642334], "bounding_box_ranges": {"y": [-0.7405467315885099, 3.115677657472099], "x": [-0.9799303730230817, 2.853197], "z": [-0.012534097147340217, 2.4453091661152295]}, "view_id": 4, "vanishing_points_gaussian_sphere": {"y": [0.9205558629945289, 0.06246731451878662, -0.3855836325924758], "x": [0.39057324653002296, -0.1334905604160242, 0.9108418135850009], "z": [-0.005426066844060288, 0.9890794229467252, 0.147283579879011]}, "camera_rotation_from_original_to_final": [0.05362556129693985, 0.14374011754989624, -1.6502245664596558], "point_normal": [0.531001091003418, 0.8473368883132935, 0.007627560757100582], "skybox_img_path": "./img/high/029e8bd017804e6aba4c5206f049bf52_skybox1.jpg", "room": "0_2", "camera_distance": 4.166104887602045, "obliqueness_angle": 0.21177931129932404, "camera_rotation_final": [1.4229727983474731, 0.005426093470305204, -3.5428531169891357], "skybox_img": 1, "resolution": 512}