{"model_rotation_degrees": 0.0, "vanishing_points_image": {"y": [423.43163516260705, 257.8803394805251], "x": [253.08655341474295, 293.2385264507595], "z": [257.8217621483339, 80.38228100614198]}, "point_uuid": "63", "field_of_view_rads": 1.3089969389957472, "point_pitch": -0.10691420634719329, "camera_rotation_original": [1.5825356245040894, -0.0012060842709615827, -0.39747294783592224], "camera_uuid": "f9db34b350e54e138bcc5d0815a85293", "camera_location": [5.237017, 3.272563, 1.485191], "nonfixated_points_in_view": [0, 33, 97, 38, 46, 79, 48, 17, 18, 19, 84, 93, 54, 86, 89, 26, 29], "point_location": [-0.73255854845047, 3.2270584106445312, 0.8098087310791016], "bounding_box_ranges": {"y": [-0.7416813755457552, 5.237017], "x": [1.5178176883549859, 6.517979436266459], "z": [-0.013058164532344207, 2.4453117470441894]}, "view_id": 4, "vanishing_points_gaussian_sphere": {"y": [0.9999082601971138, -0.011229460769022722, 0.007574325080035931], "x": [-0.00878828778638852, -0.11232843218968508, 0.9936322706713943], "z": [0.01030714254120394, 0.9936076803913325, 0.11241681493438163]}, "camera_rotation_from_original_to_final": [-0.11829554289579391, 0.039637550711631775, 1.9739935398101807], "point_normal": [0.9999049305915833, 0.009478474967181683, -0.010022217407822609], "skybox_img_path": "./img/high/f9db34b350e54e138bcc5d0815a85293_skybox3.jpg", "room": "0_2", "camera_distance": 6.007832339904193, "obliqueness_angle": 0.12269145250320435, "camera_rotation_final": [1.4581353664398193, -0.010307325050234795, 1.5795851945877075], "skybox_img": 3, "resolution": 512}