{"model_rotation_degrees": 0.0, "vanishing_points_image": {"y": [401.3311068289773, 260.44924840457855], "x": [331.46273962351006, 220.92407316745044], "z": [256.56005420438333, 99.08691856479774]}, "point_uuid": "99", "field_of_view_rads": 1.3089969389957472, "point_pitch": 0.12062235275772615, "camera_rotation_original": [1.5784746408462524, 0.0036877563688904047, -0.2543734312057495], "camera_uuid": "cd8bc18ce92741768974d88f6ccbaad1", "camera_location": [3.10099, 5.636439, 1.471228], "nonfixated_points_in_view": [32, 34, 67, 68, 37, 5, 104, 77, 47, 17, 49, 87, 91, 60, 29], "point_location": [1.5297740697860718, -0.9080048203468323, 2.2341792583465576], "bounding_box_ranges": {"y": [-0.01586058694533543, 4.473892925946874], "x": [-0.9805591528829671, 5.636439], "z": [-0.01242529843322182, 2.4452672663163084]}, "view_id": 5, "vanishing_points_gaussian_sphere": {"y": [0.9722687715454902, -0.029765584085937866, -0.2319643202767323], "x": [0.2338393860577915, 0.10869116648630216, 0.9661808173711389], "z": [0.0035464638076005773, 0.9936298306370789, -0.11263739282579065]}, "camera_rotation_from_original_to_final": [0.10003303736448288, -0.03341116011142731, -3.1249256134033203], "point_normal": [0.02970127947628498, 0.9994752407073975, -0.012930529192090034], "skybox_img_path": "./img/high/cd8bc18ce92741768974d88f6ccbaad1_skybox2.jpg", "room": "0_2", "camera_distance": 6.773518787323061, "obliqueness_angle": 0.22844454646110535, "camera_rotation_final": [1.6836739778518677, -0.003546471241861582, 2.905566453933716], "skybox_img": 2, "resolution": 512}