{"model_rotation_degrees": 0.0, "vanishing_points_image": {"y": [424.90784707901224, 252.30955187259212], "x": [246.7318193206973, 224.23648899813602], "z": [252.93700551486722, 97.61365459985286]}, "point_uuid": "57", "field_of_view_rads": 1.3089969389957472, "point_pitch": 0.097543672719274, "camera_rotation_original": [1.5862772464752197, -0.011492825113236904, -0.8451048135757446], "camera_uuid": "afeb188da5b044978973594d81adbdf2", "camera_location": [5.363377, 5.823519, 1.464672], "nonfixated_points_in_view": [69, 27, 78, 23, 59, 28], "point_location": [5.538299083709717, -0.8856225609779358, 2.113563299179077], "bounding_box_ranges": {"y": [4.777849288496286, 5.914898143727086], "x": [3.917501197143692, 5.823519], "z": [0.27686593423192396, 2.4464560696971827]}, "view_id": 2, "vanishing_points_gaussian_sphere": {"y": [0.999424920432417, 0.021836320158466274, 0.02594231178198861], "x": [-0.02791850941508799, 0.09568111710879054, 0.995020442333148], "z": [-0.01924539557132014, 0.9951724970831696, -0.09623573036327276]}, "camera_rotation_from_original_to_final": [0.0767349898815155, -0.04009423404932022, -2.270413637161255], "point_normal": [0.00561416195705533, 0.9972900152206421, 0.07335606962442398], "skybox_img_path": "./img/high/afeb188da5b044978973594d81adbdf2_skybox1.jpg", "room": "0_7", "camera_distance": 6.742717444720498, "obliqueness_angle": 0.17273244261741638, "camera_rotation_final": [1.6671991348266602, 0.019246583804488182, -3.1136653423309326], "skybox_img": 1, "resolution": 512}