{"model_rotation_degrees": 0.0, "vanishing_points_image": {"y": [444.16372498517853, 294.9050144539729], "x": [98.20567488579245, 321.31667814781935], "z": [256.13979005276633, 69.16642835502343]}, "point_uuid": "11", "field_of_view_rads": 1.3089969389957472, "point_pitch": -0.2884278734538217, "camera_rotation_original": [1.5785316228866577, 0.0028458000160753727, 1.9192692041397095], "camera_uuid": "4c0d1c450c3c414c8e903e49190ad5f3", "camera_location": [0.164657, 1.413222, 1.481392], "nonfixated_points_in_view": [39, 8, 72, 73, 75, 12, 13, 14, 16, 17, 18, 48, 51, 53, 22, 83, 89, 91, 31], "point_location": [4.123102188110352, 4.202635288238525, 0.0012368254829198122], "bounding_box_ranges": {"y": [0.164657, 5.923328618766265], "x": [1.0994976289350773, 6.879632595711651], "z": [-0.01274745581046366, 2.444623289451994]}, "view_id": 2, "vanishing_points_gaussian_sphere": {"y": [0.8173067344611905, -0.1689875682469968, 0.5508655948435623], "x": [-0.5762023861669093, -0.23851064211612066, 0.7817310814934479], "z": [0.0007155277388557884, 0.9563241476483393, 0.29230739409863127]}, "camera_rotation_from_original_to_final": [0.11019770056009293, -0.28432697057724, -2.8914523124694824], "point_normal": [-0.014100566506385803, 0.014889920130372047, 0.9997897148132324], "skybox_img_path": "./img/high/4c0d1c450c3c414c8e903e49190ad5f3_skybox2.jpg", "room": "0_2", "camera_distance": 5.063691811322599, "obliqueness_angle": 1.2712711095809937, "camera_rotation_final": [1.2741575241088867, -0.000715527799911797, -0.9567216038703918], "skybox_img": 2, "resolution": 512}