{"model_rotation_degrees": 0.0, "vanishing_points_image": {"y": [440.53467353869877, 264.2679276056846], "x": [174.35820428924202, 306.0725873281364], "z": [256.3075288689993, 76.8235485762096]}, "point_uuid": "27", "field_of_view_rads": 1.3089969389957472, "point_pitch": -0.17221109469863372, "camera_rotation_original": [1.5717558860778809, 0.008724818006157875, 1.7450741529464722], "camera_uuid": "fe33a7c2947347d5a33b56488f8bfdae", "camera_location": [4.698266, 1.058042, 1.474498], "nonfixated_points_in_view": [57, 82], "point_location": [5.213468074798584, -0.8895421624183655, 1.1419445276260376], "bounding_box_ranges": {"y": [3.7779663103223173, 7.317822821539101], "x": [-0.9153814173748893, 1.058042], "z": [-0.008328166745198207, 2.455073854487259]}, "view_id": 4, "vanishing_points_gaussian_sphere": {"y": [0.9666734168650112, -0.04331102483731105, 0.25232253219652473], "x": [-0.2560071042622641, -0.15701440632455843, 0.9538379520514986], "z": [0.0016934266369257505, 0.9866461530529009, 0.1628695827100231]}, "camera_rotation_from_original_to_final": [0.03905956447124481, -0.1602335423231125, 1.6528515815734863], "point_normal": [0.04163612797856331, 0.9976025819778442, -0.055278927087783813], "skybox_img_path": "./img/high/fe33a7c2947347d5a33b56488f8bfdae_skybox3.jpg", "room": "0_5", "camera_distance": 2.0418396468177282, "obliqueness_angle": 0.37078794836997986, "camera_rotation_final": [1.4071977138519287, -0.0016934274462983012, 3.400482416152954], "skybox_img": 3, "resolution": 512}