{"model_rotation_degrees": 0.0, "vanishing_points_image": {"y": [426.37837954948515, 257.33040504879006], "x": [241.33997968023957, 304.5198666393101], "z": [256.22753959122764, 77.88473182847024]}, "point_uuid": "34", "field_of_view_rads": 1.3089969389957472, "point_pitch": -0.13947729667159514, "camera_rotation_original": [1.5784746408462524, 0.0036877563688904047, -0.2543734312057495], "camera_uuid": "cd8bc18ce92741768974d88f6ccbaad1", "camera_location": [3.10099, 5.636439, 1.471228], "nonfixated_points_in_view": [32, 64, 67, 68, 5, 6, 37, 8, 90, 99, 104, 77, 47, 17, 49, 50, 87, 58, 91, 60, 29], "point_location": [3.3761699199676514, -0.5724191069602966, 0.5452693700790405], "bounding_box_ranges": {"y": [-0.01763954708600579, 5.922906311998402], "x": [-0.9803906169331116, 5.636439], "z": [-0.010554826682895868, 2.445291635693564]}, "view_id": 4, "vanishing_points_gaussian_sphere": {"y": [0.9990101941112632, -0.007800803186136264, 0.043792459755389625], "x": [-0.04446386775190465, -0.14716084197252946, 0.988112671234651], "z": [0.0012635372243776299, 0.9890818136330217, 0.14736203518578064]}, "camera_rotation_from_original_to_final": [-0.15187250077724457, 0.03424985334277153, -2.8451576232910156], "point_normal": [-0.9998093843460083, 0.0164660457521677, -0.010493502952158451], "skybox_img_path": "./img/high/cd8bc18ce92741768974d88f6ccbaad1_skybox2.jpg", "room": "0_2", "camera_distance": 6.283553332789655, "obliqueness_angle": 1.5122536420822144, "camera_rotation_final": [1.4228955507278442, -0.0012635375605896115, -3.097114086151123], "skybox_img": 2, "resolution": 512}