{"model_rotation_degrees": 0.0, "vanishing_points_image": {"y": [422.5103808620786, 254.77631599265823], "x": [257.6961871927986, 334.20643902159657], "z": [254.81038968328056, 71.90477726284728]}, "point_uuid": "10", "field_of_view_rads": 1.3089969389957472, "point_pitch": -0.23844067653151946, "camera_rotation_original": [1.5785316228866577, 0.0028458000160753727, 1.9192692041397095], "camera_uuid": "4c0d1c450c3c414c8e903e49190ad5f3", "camera_location": [0.164657, 1.413222, 1.481392], "nonfixated_points_in_view": [35, 38, 9, 19, 51, 86, 89, 94, 63], "point_location": [0.18336328864097595, 6.503581523895264, 0.21524910628795624], "bounding_box_ranges": {"y": [-0.7416941058620456, 2.558169201890928], "x": [1.413222, 6.878344292088314], "z": [-0.01253329896640043, 2.4453101001147246]}, "view_id": 1, "vanishing_points_gaussian_sphere": {"y": [0.9999666386125295, 0.00734875013323656, -0.0035661650884538515], "x": [0.005234465305158274, -0.2413465291074921, 0.9704248828532457], "z": [-0.006270728420841214, 0.9704111751001457, 0.2413769442300286]}, "camera_rotation_from_original_to_final": [0.08413363993167877, -0.23733948171138763, -1.933388352394104], "point_normal": [0.025455135852098465, -0.9996576309204102, 0.0060666631907224655], "skybox_img_path": "./img/high/4c0d1c450c3c414c8e903e49190ad5f3_skybox1.jpg", "room": "0_2", "camera_distance": 5.24549618481736, "obliqueness_angle": 0.2394605427980423, "camera_rotation_final": [1.3270069360733032, 0.006270769517868757, -0.005234592128545046], "skybox_img": 1, "resolution": 512}